File_Name,Label
0,0
1,0
2,0
3,0
4,0
5,0
6,0
7,0
8,0
9,0
10,0
11,0
12,0
13,0
14,0
15,0
16,0
17,0
18,0
19,0
20,0
21,0
22,0
23,0
24,0
25,0
26,0
27,0
28,0
29,0
30,0
31,0
32,0
33,0
34,0
35,0
36,0
37,0
38,0
39,0
40,0
41,0
42,0
43,0
44,0
45,0
46,0
47,0
48,0
49,0
50,0
51,0
52,0
53,0
54,0
55,0
56,0
57,0
58,0
59,0
60,0
61,0
62,0
63,0
64,0
65,0
66,0
67,0
68,0
69,0
70,0
71,0
72,0
73,0
74,0
75,0
76,0
77,0
78,0
79,0
80,0
81,0
82,0
83,0
84,0
85,0
86,0
87,0
88,0
89,0
90,0
91,0
92,0
93,0
94,0
95,0
96,0
97,0
98,0
99,0
100,0
101,0
102,0
103,0
104,0
105,0
106,0
107,0
108,0
109,0
110,0
111,0
112,1
113,1
114,1
115,1
116,1
117,1
118,1
119,1
120,1
121,1
122,1
123,1
124,1
125,1
126,1
127,1
128,1
129,1
130,1
131,1
132,1
133,1
134,1
135,1
136,1
137,1
138,1
139,1
140,1
141,1
142,1
143,1
144,1
145,1
146,1
147,1
148,1
149,1
150,1
151,1
152,1
153,1
154,1
155,1
156,1
157,1
158,1
159,1
160,1
161,1
162,1
163,1
164,1
165,1
166,1
167,1
168,1
169,1
170,1
171,1
172,1
173,1
174,1
175,1
176,1
177,1
178,1
179,1
180,1
181,1
182,1
183,1
184,1
185,1
186,1
187,1
188,1
189,1
190,1
191,1
192,1
193,1
194,1
195,1
196,1
197,1
198,1
199,1
200,1
201,1
202,1
203,1
204,1
205,1
206,1
207,1
208,1
209,1
210,1
211,1
212,1
213,1
214,1
215,1
216,1
217,1
218,1
219,1
220,1
221,1
222,1
223,1
224,2
225,2
226,2
227,2
228,2
229,2
230,2
231,2
232,2
233,2
234,2
235,2
236,2
237,2
238,2
239,2
240,2
241,2
242,2
243,2
244,2
245,2
246,2
247,2
248,2
249,2
250,2
251,2
252,2
253,2
254,2
255,2
256,2
257,2
258,2
259,2
260,2
261,2
262,2
263,2
264,2
265,2
266,2
267,2
268,2
269,2
270,2
271,2
272,2
273,2
274,2
275,2
276,2
277,2
278,2
279,2
280,2
281,2
282,2
283,2
284,2
285,2
286,2
287,2
288,2
289,2
290,2
291,2
292,2
293,2
294,2
295,2
296,2
297,2
298,2
299,2
300,2
301,2
302,2
303,2
304,2
305,2
306,2
307,2
308,2
309,2
310,2
311,2
312,2
313,2
314,2
315,2
316,2
317,2
318,2
319,2
320,2
321,2
322,2
323,2
324,2
325,2
326,2
327,2
328,2
329,2
330,2
331,2
332,2
333,2
334,2
335,2
336,3
337,3
338,3
339,3
340,3
341,3
342,3
343,3
344,3
345,3
346,3
347,3
348,3
349,3
350,3
351,3
352,3
353,3
354,3
355,3
356,3
357,3
358,3
359,3
360,3
361,3
362,3
363,3
364,3
365,3
366,3
367,3
368,3
369,3
370,3
371,3
372,3
373,3
374,3
375,3
376,3
377,3
378,3
379,3
380,3
381,3
382,3
383,3
384,3
385,3
386,3
387,3
388,3
389,3
390,3
391,3
392,3
393,3
394,3
395,3
396,3
397,3
398,3
399,3
400,3
401,3
402,3
403,3
404,3
405,3
406,3
407,3
408,3
409,3
410,3
411,3
412,3
413,3
414,3
415,3
416,3
417,3
418,3
419,3
420,3
421,3
422,3
423,3
424,3
425,3
426,3
427,3
428,3
429,3
430,3
431,3
432,3
433,3
434,3
435,3
436,3
437,3
438,3
439,3
440,3
441,3
442,3
443,3
444,3
445,3
446,3
447,3
448,4
449,4
450,4
451,4
452,4
453,4
454,4
455,4
456,4
457,4
458,4
459,4
460,4
461,4
462,4
463,4
464,4
465,4
466,4
467,4
468,4
469,4
470,4
471,4
472,4
473,4
474,4
475,4
476,4
477,4
478,4
479,4
480,4
481,4
482,4
483,4
484,4
485,4
486,4
487,4
488,4
489,4
490,4
491,4
492,4
493,4
494,4
495,4
496,4
497,4
498,4
499,4
500,4
501,4
502,4
503,4
504,4
505,4
506,4
507,4
508,4
509,4
510,4
511,4
512,4
513,4
514,4
515,4
516,4
517,4
518,4
519,4
520,4
521,4
522,4
523,4
524,4
525,4
526,4
527,4
528,4
529,4
530,4
531,4
532,4
533,4
534,4
535,4
536,4
537,4
538,4
539,4
540,4
541,4
542,4
543,4
544,4
545,4
546,4
547,4
548,4
549,4
550,4
551,4
552,4
553,4
554,4
555,4
556,4
557,4
558,4
559,4
560,5
561,5
562,5
563,5
564,5
565,5
566,5
567,5
568,5
569,5
570,5
571,5
572,5
573,5
574,5
575,5
576,5
577,5
578,5
579,5
580,5
581,5
582,5
583,5
584,5
585,5
586,5
587,5
588,5
589,5
590,5
591,5
592,5
593,5
594,5
595,5
596,5
597,5
598,5
599,5
600,5
601,5
602,5
603,5
604,5
605,5
606,5
607,5
608,5
609,5
610,5
611,5
612,5
613,5
614,5
615,5
616,5
617,5
618,5
619,5
620,5
621,5
622,5
623,5
624,5
625,5
626,5
627,5
628,5
629,5
630,5
631,5
632,5
633,5
634,5
635,5
636,5
637,5
638,5
639,5
640,5
641,5
642,5
643,5
644,5
645,5
646,5
647,5
648,5
649,5
650,5
651,5
652,5
653,5
654,5
655,5
656,5
657,5
658,5
659,5
660,5
661,5
662,5
663,5
664,5
665,5
666,5
667,5
668,5
669,5
670,5
671,5
672,6
673,6
674,6
675,6
676,6
677,6
678,6
679,6
680,6
681,6
682,6
683,6
684,6
685,6
686,6
687,6
688,6
689,6
690,6
691,6
692,6
693,6
694,6
695,6
696,6
697,6
698,6
699,6
700,6
701,6
702,6
703,6
704,6
705,6
706,6
707,6
708,6
709,6
710,6
711,6
712,6
713,6
714,6
715,6
716,6
717,6
718,6
719,6
720,6
721,6
722,6
723,6
724,6
725,6
726,6
727,6
728,6
729,6
730,6
731,6
732,6
733,6
734,6
735,6
736,6
737,6
738,6
739,6
740,6
741,6
742,6
743,6
744,6
745,6
746,6
747,6
748,6
749,6
750,6
751,6
752,6
753,6
754,6
755,6
756,6
757,6
758,6
759,6
760,6
761,6
762,6
763,6
764,6
765,6
766,6
767,6
768,6
769,6
770,6
771,6
772,6
773,6
774,6
775,6
776,6
777,6
778,6
779,6
780,6
781,6
782,6
783,6
784,7
785,7
786,7
787,7
788,7
789,7
790,7
791,7
792,7
793,7
794,7
795,7
796,7
797,7
798,7
799,7
800,7
801,7
802,7
803,7
804,7
805,7
806,7
807,7
808,7
809,7
810,7
811,7
812,7
813,7
814,7
815,7
816,7
817,7
818,7
819,7
820,7
821,7
822,7
823,7
824,7
825,7
826,7
827,7
828,7
829,7
830,7
831,7
832,7
833,7
834,7
835,7
836,7
837,7
838,7
839,7
840,7
841,7
842,7
843,7
844,7
845,7
846,7
847,7
848,7
849,7
850,7
851,7
852,7
853,7
854,7
855,7
856,7
857,7
858,7
859,7
860,7
861,7
862,7
863,7
864,7
865,7
866,7
867,7
868,7
869,7
870,7
871,7
872,7
873,7
874,7
875,7
876,7
877,7
878,7
879,7
880,7
881,7
882,7
883,7
884,7
885,7
886,7
887,7
888,7
889,7
890,7
891,7
892,7
893,7
894,7
895,7
896,8
897,8
898,8
899,8
900,8
901,8
902,8
903,8
904,8
905,8
906,8
907,8
908,8
909,8
910,8
911,8
912,8
913,8
914,8
915,8
916,8
917,8
918,8
919,8
920,8
921,8
922,8
923,8
924,8
925,8
926,8
927,8
928,8
929,8
930,8
931,8
932,8
933,8
934,8
935,8
936,8
937,8
938,8
939,8
940,8
941,8
942,8
943,8
944,8
945,8
946,8
947,8
948,8
949,8
950,8
951,8
952,8
953,8
954,8
955,8
956,8
957,8
958,8
959,8
960,8
961,8
962,8
963,8
964,8
965,8
966,8
967,8
968,8
969,8
970,8
971,8
972,8
973,8
974,8
975,8
976,8
977,8
978,8
979,8
980,8
981,8
982,8
983,8
984,8
985,8
986,8
987,8
988,8
989,8
990,8
991,8
992,8
993,8
994,8
995,8
996,8
997,8
998,8
999,8
1000,8
1001,8
1002,8
1003,8
1004,8
1005,8
1006,8
1007,8
1008,9
1009,9
1010,9
1011,9
1012,9
1013,9
1014,9
1015,9
1016,9
1017,9
1018,9
1019,9
1020,9
1021,9
1022,9
1023,9
1024,9
1025,9
1026,9
1027,9
1028,9
1029,9
1030,9
1031,9
1032,9
1033,9
1034,9
1035,9
1036,9
1037,9
1038,9
1039,9
1040,9
1041,9
1042,9
1043,9
1044,9
1045,9
1046,9
1047,9
1048,9
1049,9
1050,9
1051,9
1052,9
1053,9
1054,9
1055,9
1056,9
1057,9
1058,9
1059,9
1060,9
1061,9
1062,9
1063,9
1064,9
1065,9
1066,9
1067,9
1068,9
1069,9
1070,9
1071,9
1072,9
1073,9
1074,9
1075,9
1076,9
1077,9
1078,9
1079,9
1080,9
1081,9
1082,9
1083,9
1084,9
1085,9
1086,9
1087,9
1088,9
1089,9
1090,9
1091,9
1092,9
1093,9
1094,9
1095,9
1096,9
1097,9
1098,9
1099,9
1100,9
1101,9
1102,9
1103,9
1104,9
1105,9
1106,9
1107,9
1108,9
1109,9
1110,9
1111,9
1112,9
1113,9
1114,9
1115,9
1116,9
1117,9
1118,9
1119,9
1120,ﺎ
1121,ﺎ
1122,ﺎ
1123,ﺎ
1124,ﺎ
1125,ﺎ
1126,ﺎ
1127,ﺎ
1128,ﺎ
1129,ﺎ
1130,ﺎ
1131,ﺎ
1132,ﺎ
1133,ﺎ
1134,ﺎ
1135,ﺎ
1136,ﺎ
1137,ﺎ
1138,ﺎ
1139,ﺎ
1140,ﺎ
1141,ﺎ
1142,ﺎ
1143,ﺎ
1144,ﺎ
1145,ﺎ
1146,ﺎ
1147,ﺎ
1148,ﺎ
1149,ﺎ
1150,ﺎ
1151,ﺎ
1152,ﺎ
1153,ﺎ
1154,ﺎ
1155,ﺎ
1156,ﺎ
1157,ﺎ
1158,ﺎ
1159,ﺎ
1160,ﺎ
1161,ﺎ
1162,ﺎ
1163,ﺎ
1164,ﺎ
1165,ﺎ
1166,ﺎ
1167,ﺎ
1168,ﺎ
1169,ﺎ
1170,ﺎ
1171,ﺎ
1172,ﺎ
1173,ﺎ
1174,ﺎ
1175,ﺎ
1176,ﺎ
1177,ﺎ
1178,ﺎ
1179,ﺎ
1180,ﺎ
1181,ﺎ
1182,ﺎ
1183,ﺎ
1184,ﺎ
1185,ﺎ
1186,ﺎ
1187,ﺎ
1188,ﺎ
1189,ﺎ
1190,ﺎ
1191,ﺎ
1192,ﺎ
1193,ﺎ
1194,ﺎ
1195,ﺎ
1196,ﺎ
1197,ﺎ
1198,ﺎ
1199,ﺎ
1200,ﺎ
1201,ﺎ
1202,ﺎ
1203,ﺎ
1204,ﺎ
1205,ﺎ
1206,ﺎ
1207,ﺎ
1208,ﺎ
1209,ﺎ
1210,ﺎ
1211,ﺎ
1212,ﺎ
1213,ﺎ
1214,ﺎ
1215,ﺎ
1216,ﺎ
1217,ﺎ
1218,ﺎ
1219,ﺎ
1220,ﺎ
1221,ﺎ
1222,ﺎ
1223,ﺎ
1224,ﺎ
1225,ﺎ
1226,ﺎ
1227,ﺎ
1228,ﺎ
1229,ﺎ
1230,ﺎ
1231,ﺎ
1232,ﺐ
1233,ﺐ
1234,ﺐ
1235,ﺐ
1236,ﺐ
1237,ﺐ
1238,ﺐ
1239,ﺐ
1240,ﺐ
1241,ﺐ
1242,ﺐ
1243,ﺐ
1244,ﺐ
1245,ﺐ
1246,ﺐ
1247,ﺐ
1248,ﺐ
1249,ﺐ
1250,ﺐ
1251,ﺐ
1252,ﺐ
1253,ﺐ
1254,ﺐ
1255,ﺐ
1256,ﺐ
1257,ﺐ
1258,ﺐ
1259,ﺐ
1260,ﺐ
1261,ﺐ
1262,ﺐ
1263,ﺐ
1264,ﺐ
1265,ﺐ
1266,ﺐ
1267,ﺐ
1268,ﺐ
1269,ﺐ
1270,ﺐ
1271,ﺐ
1272,ﺐ
1273,ﺐ
1274,ﺐ
1275,ﺐ
1276,ﺐ
1277,ﺐ
1278,ﺐ
1279,ﺐ
1280,ﺐ
1281,ﺐ
1282,ﺐ
1283,ﺐ
1284,ﺐ
1285,ﺐ
1286,ﺐ
1287,ﺐ
1288,ﺐ
1289,ﺐ
1290,ﺐ
1291,ﺐ
1292,ﺐ
1293,ﺐ
1294,ﺐ
1295,ﺐ
1296,ﺐ
1297,ﺐ
1298,ﺐ
1299,ﺐ
1300,ﺐ
1301,ﺐ
1302,ﺐ
1303,ﺐ
1304,ﺐ
1305,ﺐ
1306,ﺐ
1307,ﺐ
1308,ﺐ
1309,ﺐ
1310,ﺐ
1311,ﺐ
1312,ﺐ
1313,ﺐ
1314,ﺐ
1315,ﺐ
1316,ﺐ
1317,ﺐ
1318,ﺐ
1319,ﺐ
1320,ﺐ
1321,ﺐ
1322,ﺐ
1323,ﺐ
1324,ﺐ
1325,ﺐ
1326,ﺐ
1327,ﺐ
1328,ﺐ
1329,ﺐ
1330,ﺐ
1331,ﺐ
1332,ﺐ
1333,ﺐ
1334,ﺐ
1335,ﺐ
1336,ﺐ
1337,ﺐ
1338,ﺐ
1339,ﺐ
1340,ﺐ
1341,ﺐ
1342,ﺐ
1343,ﺐ
1344,ﺑ
1345,ﺑ
1346,ﺑ
1347,ﺑ
1348,ﺑ
1349,ﺑ
1350,ﺑ
1351,ﺑ
1352,ﺑ
1353,ﺑ
1354,ﺑ
1355,ﺑ
1356,ﺑ
1357,ﺑ
1358,ﺑ
1359,ﺑ
1360,ﺑ
1361,ﺑ
1362,ﺑ
1363,ﺑ
1364,ﺑ
1365,ﺑ
1366,ﺑ
1367,ﺑ
1368,ﺑ
1369,ﺑ
1370,ﺑ
1371,ﺑ
1372,ﺑ
1373,ﺑ
1374,ﺑ
1375,ﺑ
1376,ﺑ
1377,ﺑ
1378,ﺑ
1379,ﺑ
1380,ﺑ
1381,ﺑ
1382,ﺑ
1383,ﺑ
1384,ﺑ
1385,ﺑ
1386,ﺑ
1387,ﺑ
1388,ﺑ
1389,ﺑ
1390,ﺑ
1391,ﺑ
1392,ﺑ
1393,ﺑ
1394,ﺑ
1395,ﺑ
1396,ﺑ
1397,ﺑ
1398,ﺑ
1399,ﺑ
1400,ﺑ
1401,ﺑ
1402,ﺑ
1403,ﺑ
1404,ﺑ
1405,ﺑ
1406,ﺑ
1407,ﺑ
1408,ﺑ
1409,ﺑ
1410,ﺑ
1411,ﺑ
1412,ﺑ
1413,ﺑ
1414,ﺑ
1415,ﺑ
1416,ﺑ
1417,ﺑ
1418,ﺑ
1419,ﺑ
1420,ﺑ
1421,ﺑ
1422,ﺑ
1423,ﺑ
1424,ﺑ
1425,ﺑ
1426,ﺑ
1427,ﺑ
1428,ﺑ
1429,ﺑ
1430,ﺑ
1431,ﺑ
1432,ﺑ
1433,ﺑ
1434,ﺑ
1435,ﺑ
1436,ﺑ
1437,ﺑ
1438,ﺑ
1439,ﺑ
1440,ﺑ
1441,ﺑ
1442,ﺑ
1443,ﺑ
1444,ﺑ
1445,ﺑ
1446,ﺑ
1447,ﺑ
1448,ﺑ
1449,ﺑ
1450,ﺑ
1451,ﺑ
1452,ﺑ
1453,ﺑ
1454,ﺑ
1455,ﺑ
1456,ﺖ
1457,ﺖ
1458,ﺖ
1459,ﺖ
1460,ﺖ
1461,ﺖ
1462,ﺖ
1463,ﺖ
1464,ﺖ
1465,ﺖ
1466,ﺖ
1467,ﺖ
1468,ﺖ
1469,ﺖ
1470,ﺖ
1471,ﺖ
1472,ﺖ
1473,ﺖ
1474,ﺖ
1475,ﺖ
1476,ﺖ
1477,ﺖ
1478,ﺖ
1479,ﺖ
1480,ﺖ
1481,ﺖ
1482,ﺖ
1483,ﺖ
1484,ﺖ
1485,ﺖ
1486,ﺖ
1487,ﺖ
1488,ﺖ
1489,ﺖ
1490,ﺖ
1491,ﺖ
1492,ﺖ
1493,ﺖ
1494,ﺖ
1495,ﺖ
1496,ﺖ
1497,ﺖ
1498,ﺖ
1499,ﺖ
1500,ﺖ
1501,ﺖ
1502,ﺖ
1503,ﺖ
1504,ﺖ
1505,ﺖ
1506,ﺖ
1507,ﺖ
1508,ﺖ
1509,ﺖ
1510,ﺖ
1511,ﺖ
1512,ﺖ
1513,ﺖ
1514,ﺖ
1515,ﺖ
1516,ﺖ
1517,ﺖ
1518,ﺖ
1519,ﺖ
1520,ﺖ
1521,ﺖ
1522,ﺖ
1523,ﺖ
1524,ﺖ
1525,ﺖ
1526,ﺖ
1527,ﺖ
1528,ﺖ
1529,ﺖ
1530,ﺖ
1531,ﺖ
1532,ﺖ
1533,ﺖ
1534,ﺖ
1535,ﺖ
1536,ﺖ
1537,ﺖ
1538,ﺖ
1539,ﺖ
1540,ﺖ
1541,ﺖ
1542,ﺖ
1543,ﺖ
1544,ﺖ
1545,ﺖ
1546,ﺖ
1547,ﺖ
1548,ﺖ
1549,ﺖ
1550,ﺖ
1551,ﺖ
1552,ﺖ
1553,ﺖ
1554,ﺖ
1555,ﺖ
1556,ﺖ
1557,ﺖ
1558,ﺖ
1559,ﺖ
1560,ﺖ
1561,ﺖ
1562,ﺖ
1563,ﺖ
1564,ﺖ
1565,ﺖ
1566,ﺖ
1567,ﺖ
1568,ﺗ
1569,ﺗ
1570,ﺗ
1571,ﺗ
1572,ﺗ
1573,ﺗ
1574,ﺗ
1575,ﺗ
1576,ﺗ
1577,ﺗ
1578,ﺗ
1579,ﺗ
1580,ﺗ
1581,ﺗ
1582,ﺗ
1583,ﺗ
1584,ﺗ
1585,ﺗ
1586,ﺗ
1587,ﺗ
1588,ﺗ
1589,ﺗ
1590,ﺗ
1591,ﺗ
1592,ﺗ
1593,ﺗ
1594,ﺗ
1595,ﺗ
1596,ﺗ
1597,ﺗ
1598,ﺗ
1599,ﺗ
1600,ﺗ
1601,ﺗ
1602,ﺗ
1603,ﺗ
1604,ﺗ
1605,ﺗ
1606,ﺗ
1607,ﺗ
1608,ﺗ
1609,ﺗ
1610,ﺗ
1611,ﺗ
1612,ﺗ
1613,ﺗ
1614,ﺗ
1615,ﺗ
1616,ﺗ
1617,ﺗ
1618,ﺗ
1619,ﺗ
1620,ﺗ
1621,ﺗ
1622,ﺗ
1623,ﺗ
1624,ﺗ
1625,ﺗ
1626,ﺗ
1627,ﺗ
1628,ﺗ
1629,ﺗ
1630,ﺗ
1631,ﺗ
1632,ﺗ
1633,ﺗ
1634,ﺗ
1635,ﺗ
1636,ﺗ
1637,ﺗ
1638,ﺗ
1639,ﺗ
1640,ﺗ
1641,ﺗ
1642,ﺗ
1643,ﺗ
1644,ﺗ
1645,ﺗ
1646,ﺗ
1647,ﺗ
1648,ﺗ
1649,ﺗ
1650,ﺗ
1651,ﺗ
1652,ﺗ
1653,ﺗ
1654,ﺗ
1655,ﺗ
1656,ﺗ
1657,ﺗ
1658,ﺗ
1659,ﺗ
1660,ﺗ
1661,ﺗ
1662,ﺗ
1663,ﺗ
1664,ﺗ
1665,ﺗ
1666,ﺗ
1667,ﺗ
1668,ﺗ
1669,ﺗ
1670,ﺗ
1671,ﺗ
1672,ﺗ
1673,ﺗ
1674,ﺗ
1675,ﺗ
1676,ﺗ
1677,ﺗ
1678,ﺗ
1679,ﺗ
1680,ﺚ
1681,ﺚ
1682,ﺚ
1683,ﺚ
1684,ﺚ
1685,ﺚ
1686,ﺚ
1687,ﺚ
1688,ﺚ
1689,ﺚ
1690,ﺚ
1691,ﺚ
1692,ﺚ
1693,ﺚ
1694,ﺚ
1695,ﺚ
1696,ﺚ
1697,ﺚ
1698,ﺚ
1699,ﺚ
1700,ﺚ
1701,ﺚ
1702,ﺚ
1703,ﺚ
1704,ﺚ
1705,ﺚ
1706,ﺚ
1707,ﺚ
1708,ﺚ
1709,ﺚ
1710,ﺚ
1711,ﺚ
1712,ﺚ
1713,ﺚ
1714,ﺚ
1715,ﺚ
1716,ﺚ
1717,ﺚ
1718,ﺚ
1719,ﺚ
1720,ﺚ
1721,ﺚ
1722,ﺚ
1723,ﺚ
1724,ﺚ
1725,ﺚ
1726,ﺚ
1727,ﺚ
1728,ﺚ
1729,ﺚ
1730,ﺚ
1731,ﺚ
1732,ﺚ
1733,ﺚ
1734,ﺚ
1735,ﺚ
1736,ﺚ
1737,ﺚ
1738,ﺚ
1739,ﺚ
1740,ﺚ
1741,ﺚ
1742,ﺚ
1743,ﺚ
1744,ﺚ
1745,ﺚ
1746,ﺚ
1747,ﺚ
1748,ﺚ
1749,ﺚ
1750,ﺚ
1751,ﺚ
1752,ﺚ
1753,ﺚ
1754,ﺚ
1755,ﺚ
1756,ﺚ
1757,ﺚ
1758,ﺚ
1759,ﺚ
1760,ﺚ
1761,ﺚ
1762,ﺚ
1763,ﺚ
1764,ﺚ
1765,ﺚ
1766,ﺚ
1767,ﺚ
1768,ﺚ
1769,ﺚ
1770,ﺚ
1771,ﺚ
1772,ﺚ
1773,ﺚ
1774,ﺚ
1775,ﺚ
1776,ﺚ
1777,ﺚ
1778,ﺚ
1779,ﺚ
1780,ﺚ
1781,ﺚ
1782,ﺚ
1783,ﺚ
1784,ﺚ
1785,ﺚ
1786,ﺚ
1787,ﺚ
1788,ﺚ
1789,ﺚ
1790,ﺚ
1791,ﺚ
1792,ﺛ
1793,ﺛ
1794,ﺛ
1795,ﺛ
1796,ﺛ
1797,ﺛ
1798,ﺛ
1799,ﺛ
1800,ﺛ
1801,ﺛ
1802,ﺛ
1803,ﺛ
1804,ﺛ
1805,ﺛ
1806,ﺛ
1807,ﺛ
1808,ﺛ
1809,ﺛ
1810,ﺛ
1811,ﺛ
1812,ﺛ
1813,ﺛ
1814,ﺛ
1815,ﺛ
1816,ﺛ
1817,ﺛ
1818,ﺛ
1819,ﺛ
1820,ﺛ
1821,ﺛ
1822,ﺛ
1823,ﺛ
1824,ﺛ
1825,ﺛ
1826,ﺛ
1827,ﺛ
1828,ﺛ
1829,ﺛ
1830,ﺛ
1831,ﺛ
1832,ﺛ
1833,ﺛ
1834,ﺛ
1835,ﺛ
1836,ﺛ
1837,ﺛ
1838,ﺛ
1839,ﺛ
1840,ﺛ
1841,ﺛ
1842,ﺛ
1843,ﺛ
1844,ﺛ
1845,ﺛ
1846,ﺛ
1847,ﺛ
1848,ﺛ
1849,ﺛ
1850,ﺛ
1851,ﺛ
1852,ﺛ
1853,ﺛ
1854,ﺛ
1855,ﺛ
1856,ﺛ
1857,ﺛ
1858,ﺛ
1859,ﺛ
1860,ﺛ
1861,ﺛ
1862,ﺛ
1863,ﺛ
1864,ﺛ
1865,ﺛ
1866,ﺛ
1867,ﺛ
1868,ﺛ
1869,ﺛ
1870,ﺛ
1871,ﺛ
1872,ﺛ
1873,ﺛ
1874,ﺛ
1875,ﺛ
1876,ﺛ
1877,ﺛ
1878,ﺛ
1879,ﺛ
1880,ﺛ
1881,ﺛ
1882,ﺛ
1883,ﺛ
1884,ﺛ
1885,ﺛ
1886,ﺛ
1887,ﺛ
1888,ﺛ
1889,ﺛ
1890,ﺛ
1891,ﺛ
1892,ﺛ
1893,ﺛ
1894,ﺛ
1895,ﺛ
1896,ﺛ
1897,ﺛ
1898,ﺛ
1899,ﺛ
1900,ﺛ
1901,ﺛ
1902,ﺛ
1903,ﺛ
1904,ﺞ
1905,ﺞ
1906,ﺞ
1907,ﺞ
1908,ﺞ
1909,ﺞ
1910,ﺞ
1911,ﺞ
1912,ﺞ
1913,ﺞ
1914,ﺞ
1915,ﺞ
1916,ﺞ
1917,ﺞ
1918,ﺞ
1919,ﺞ
1920,ﺞ
1921,ﺞ
1922,ﺞ
1923,ﺞ
1924,ﺞ
1925,ﺞ
1926,ﺞ
1927,ﺞ
1928,ﺞ
1929,ﺞ
1930,ﺞ
1931,ﺞ
1932,ﺞ
1933,ﺞ
1934,ﺞ
1935,ﺞ
1936,ﺞ
1937,ﺞ
1938,ﺞ
1939,ﺞ
1940,ﺞ
1941,ﺞ
1942,ﺞ
1943,ﺞ
1944,ﺞ
1945,ﺞ
1946,ﺞ
1947,ﺞ
1948,ﺞ
1949,ﺞ
1950,ﺞ
1951,ﺞ
1952,ﺞ
1953,ﺞ
1954,ﺞ
1955,ﺞ
1956,ﺞ
1957,ﺞ
1958,ﺞ
1959,ﺞ
1960,ﺞ
1961,ﺞ
1962,ﺞ
1963,ﺞ
1964,ﺞ
1965,ﺞ
1966,ﺞ
1967,ﺞ
1968,ﺞ
1969,ﺞ
1970,ﺞ
1971,ﺞ
1972,ﺞ
1973,ﺞ
1974,ﺞ
1975,ﺞ
1976,ﺞ
1977,ﺞ
1978,ﺞ
1979,ﺞ
1980,ﺞ
1981,ﺞ
1982,ﺞ
1983,ﺞ
1984,ﺞ
1985,ﺞ
1986,ﺞ
1987,ﺞ
1988,ﺞ
1989,ﺞ
1990,ﺞ
1991,ﺞ
1992,ﺞ
1993,ﺞ
1994,ﺞ
1995,ﺞ
1996,ﺞ
1997,ﺞ
1998,ﺞ
1999,ﺞ
2000,ﺞ
2001,ﺞ
2002,ﺞ
2003,ﺞ
2004,ﺞ
2005,ﺞ
2006,ﺞ
2007,ﺞ
2008,ﺞ
2009,ﺞ
2010,ﺞ
2011,ﺞ
2012,ﺞ
2013,ﺞ
2014,ﺞ
2015,ﺞ
2016,ﺟ
2017,ﺟ
2018,ﺟ
2019,ﺟ
2020,ﺟ
2021,ﺟ
2022,ﺟ
2023,ﺟ
2024,ﺟ
2025,ﺟ
2026,ﺟ
2027,ﺟ
2028,ﺟ
2029,ﺟ
2030,ﺟ
2031,ﺟ
2032,ﺟ
2033,ﺟ
2034,ﺟ
2035,ﺟ
2036,ﺟ
2037,ﺟ
2038,ﺟ
2039,ﺟ
2040,ﺟ
2041,ﺟ
2042,ﺟ
2043,ﺟ
2044,ﺟ
2045,ﺟ
2046,ﺟ
2047,ﺟ
2048,ﺟ
2049,ﺟ
2050,ﺟ
2051,ﺟ
2052,ﺟ
2053,ﺟ
2054,ﺟ
2055,ﺟ
2056,ﺟ
2057,ﺟ
2058,ﺟ
2059,ﺟ
2060,ﺟ
2061,ﺟ
2062,ﺟ
2063,ﺟ
2064,ﺟ
2065,ﺟ
2066,ﺟ
2067,ﺟ
2068,ﺟ
2069,ﺟ
2070,ﺟ
2071,ﺟ
2072,ﺟ
2073,ﺟ
2074,ﺟ
2075,ﺟ
2076,ﺟ
2077,ﺟ
2078,ﺟ
2079,ﺟ
2080,ﺟ
2081,ﺟ
2082,ﺟ
2083,ﺟ
2084,ﺟ
2085,ﺟ
2086,ﺟ
2087,ﺟ
2088,ﺟ
2089,ﺟ
2090,ﺟ
2091,ﺟ
2092,ﺟ
2093,ﺟ
2094,ﺟ
2095,ﺟ
2096,ﺟ
2097,ﺟ
2098,ﺟ
2099,ﺟ
2100,ﺟ
2101,ﺟ
2102,ﺟ
2103,ﺟ
2104,ﺟ
2105,ﺟ
2106,ﺟ
2107,ﺟ
2108,ﺟ
2109,ﺟ
2110,ﺟ
2111,ﺟ
2112,ﺟ
2113,ﺟ
2114,ﺟ
2115,ﺟ
2116,ﺟ
2117,ﺟ
2118,ﺟ
2119,ﺟ
2120,ﺟ
2121,ﺟ
2122,ﺟ
2123,ﺟ
2124,ﺟ
2125,ﺟ
2126,ﺟ
2127,ﺟ
2128,ﺢ
2129,ﺢ
2130,ﺢ
2131,ﺢ
2132,ﺢ
2133,ﺢ
2134,ﺢ
2135,ﺢ
2136,ﺢ
2137,ﺢ
2138,ﺢ
2139,ﺢ
2140,ﺢ
2141,ﺢ
2142,ﺢ
2143,ﺢ
2144,ﺢ
2145,ﺢ
2146,ﺢ
2147,ﺢ
2148,ﺢ
2149,ﺢ
2150,ﺢ
2151,ﺢ
2152,ﺢ
2153,ﺢ
2154,ﺢ
2155,ﺢ
2156,ﺢ
2157,ﺢ
2158,ﺢ
2159,ﺢ
2160,ﺢ
2161,ﺢ
2162,ﺢ
2163,ﺢ
2164,ﺢ
2165,ﺢ
2166,ﺢ
2167,ﺢ
2168,ﺢ
2169,ﺢ
2170,ﺢ
2171,ﺢ
2172,ﺢ
2173,ﺢ
2174,ﺢ
2175,ﺢ
2176,ﺢ
2177,ﺢ
2178,ﺢ
2179,ﺢ
2180,ﺢ
2181,ﺢ
2182,ﺢ
2183,ﺢ
2184,ﺢ
2185,ﺢ
2186,ﺢ
2187,ﺢ
2188,ﺢ
2189,ﺢ
2190,ﺢ
2191,ﺢ
2192,ﺢ
2193,ﺢ
2194,ﺢ
2195,ﺢ
2196,ﺢ
2197,ﺢ
2198,ﺢ
2199,ﺢ
2200,ﺢ
2201,ﺢ
2202,ﺢ
2203,ﺢ
2204,ﺢ
2205,ﺢ
2206,ﺢ
2207,ﺢ
2208,ﺢ
2209,ﺢ
2210,ﺢ
2211,ﺢ
2212,ﺢ
2213,ﺢ
2214,ﺢ
2215,ﺢ
2216,ﺢ
2217,ﺢ
2218,ﺢ
2219,ﺢ
2220,ﺢ
2221,ﺢ
2222,ﺢ
2223,ﺢ
2224,ﺢ
2225,ﺢ
2226,ﺢ
2227,ﺢ
2228,ﺢ
2229,ﺢ
2230,ﺢ
2231,ﺢ
2232,ﺢ
2233,ﺢ
2234,ﺢ
2235,ﺢ
2236,ﺢ
2237,ﺢ
2238,ﺢ
2239,ﺢ
2240,ﺣ
2241,ﺣ
2242,ﺣ
2243,ﺣ
2244,ﺣ
2245,ﺣ
2246,ﺣ
2247,ﺣ
2248,ﺣ
2249,ﺣ
2250,ﺣ
2251,ﺣ
2252,ﺣ
2253,ﺣ
2254,ﺣ
2255,ﺣ
2256,ﺣ
2257,ﺣ
2258,ﺣ
2259,ﺣ
2260,ﺣ
2261,ﺣ
2262,ﺣ
2263,ﺣ
2264,ﺣ
2265,ﺣ
2266,ﺣ
2267,ﺣ
2268,ﺣ
2269,ﺣ
2270,ﺣ
2271,ﺣ
2272,ﺣ
2273,ﺣ
2274,ﺣ
2275,ﺣ
2276,ﺣ
2277,ﺣ
2278,ﺣ
2279,ﺣ
2280,ﺣ
2281,ﺣ
2282,ﺣ
2283,ﺣ
2284,ﺣ
2285,ﺣ
2286,ﺣ
2287,ﺣ
2288,ﺣ
2289,ﺣ
2290,ﺣ
2291,ﺣ
2292,ﺣ
2293,ﺣ
2294,ﺣ
2295,ﺣ
2296,ﺣ
2297,ﺣ
2298,ﺣ
2299,ﺣ
2300,ﺣ
2301,ﺣ
2302,ﺣ
2303,ﺣ
2304,ﺣ
2305,ﺣ
2306,ﺣ
2307,ﺣ
2308,ﺣ
2309,ﺣ
2310,ﺣ
2311,ﺣ
2312,ﺣ
2313,ﺣ
2314,ﺣ
2315,ﺣ
2316,ﺣ
2317,ﺣ
2318,ﺣ
2319,ﺣ
2320,ﺣ
2321,ﺣ
2322,ﺣ
2323,ﺣ
2324,ﺣ
2325,ﺣ
2326,ﺣ
2327,ﺣ
2328,ﺣ
2329,ﺣ
2330,ﺣ
2331,ﺣ
2332,ﺣ
2333,ﺣ
2334,ﺣ
2335,ﺣ
2336,ﺣ
2337,ﺣ
2338,ﺣ
2339,ﺣ
2340,ﺣ
2341,ﺣ
2342,ﺣ
2343,ﺣ
2344,ﺣ
2345,ﺣ
2346,ﺣ
2347,ﺣ
2348,ﺣ
2349,ﺣ
2350,ﺣ
2351,ﺣ
2352,ﺦ
2353,ﺦ
2354,ﺦ
2355,ﺦ
2356,ﺦ
2357,ﺦ
2358,ﺦ
2359,ﺦ
2360,ﺦ
2361,ﺦ
2362,ﺦ
2363,ﺦ
2364,ﺦ
2365,ﺦ
2366,ﺦ
2367,ﺦ
2368,ﺦ
2369,ﺦ
2370,ﺦ
2371,ﺦ
2372,ﺦ
2373,ﺦ
2374,ﺦ
2375,ﺦ
2376,ﺦ
2377,ﺦ
2378,ﺦ
2379,ﺦ
2380,ﺦ
2381,ﺦ
2382,ﺦ
2383,ﺦ
2384,ﺦ
2385,ﺦ
2386,ﺦ
2387,ﺦ
2388,ﺦ
2389,ﺦ
2390,ﺦ
2391,ﺦ
2392,ﺦ
2393,ﺦ
2394,ﺦ
2395,ﺦ
2396,ﺦ
2397,ﺦ
2398,ﺦ
2399,ﺦ
2400,ﺦ
2401,ﺦ
2402,ﺦ
2403,ﺦ
2404,ﺦ
2405,ﺦ
2406,ﺦ
2407,ﺦ
2408,ﺦ
2409,ﺦ
2410,ﺦ
2411,ﺦ
2412,ﺦ
2413,ﺦ
2414,ﺦ
2415,ﺦ
2416,ﺦ
2417,ﺦ
2418,ﺦ
2419,ﺦ
2420,ﺦ
2421,ﺦ
2422,ﺦ
2423,ﺦ
2424,ﺦ
2425,ﺦ
2426,ﺦ
2427,ﺦ
2428,ﺦ
2429,ﺦ
2430,ﺦ
2431,ﺦ
2432,ﺦ
2433,ﺦ
2434,ﺦ
2435,ﺦ
2436,ﺦ
2437,ﺦ
2438,ﺦ
2439,ﺦ
2440,ﺦ
2441,ﺦ
2442,ﺦ
2443,ﺦ
2444,ﺦ
2445,ﺦ
2446,ﺦ
2447,ﺦ
2448,ﺦ
2449,ﺦ
2450,ﺦ
2451,ﺦ
2452,ﺦ
2453,ﺦ
2454,ﺦ
2455,ﺦ
2456,ﺦ
2457,ﺦ
2458,ﺦ
2459,ﺦ
2460,ﺦ
2461,ﺦ
2462,ﺦ
2463,ﺦ
2464,ﺧ
2465,ﺧ
2466,ﺧ
2467,ﺧ
2468,ﺧ
2469,ﺧ
2470,ﺧ
2471,ﺧ
2472,ﺧ
2473,ﺧ
2474,ﺧ
2475,ﺧ
2476,ﺧ
2477,ﺧ
2478,ﺧ
2479,ﺧ
2480,ﺧ
2481,ﺧ
2482,ﺧ
2483,ﺧ
2484,ﺧ
2485,ﺧ
2486,ﺧ
2487,ﺧ
2488,ﺧ
2489,ﺧ
2490,ﺧ
2491,ﺧ
2492,ﺧ
2493,ﺧ
2494,ﺧ
2495,ﺧ
2496,ﺧ
2497,ﺧ
2498,ﺧ
2499,ﺧ
2500,ﺧ
2501,ﺧ
2502,ﺧ
2503,ﺧ
2504,ﺧ
2505,ﺧ
2506,ﺧ
2507,ﺧ
2508,ﺧ
2509,ﺧ
2510,ﺧ
2511,ﺧ
2512,ﺧ
2513,ﺧ
2514,ﺧ
2515,ﺧ
2516,ﺧ
2517,ﺧ
2518,ﺧ
2519,ﺧ
2520,ﺧ
2521,ﺧ
2522,ﺧ
2523,ﺧ
2524,ﺧ
2525,ﺧ
2526,ﺧ
2527,ﺧ
2528,ﺧ
2529,ﺧ
2530,ﺧ
2531,ﺧ
2532,ﺧ
2533,ﺧ
2534,ﺧ
2535,ﺧ
2536,ﺧ
2537,ﺧ
2538,ﺧ
2539,ﺧ
2540,ﺧ
2541,ﺧ
2542,ﺧ
2543,ﺧ
2544,ﺧ
2545,ﺧ
2546,ﺧ
2547,ﺧ
2548,ﺧ
2549,ﺧ
2550,ﺧ
2551,ﺧ
2552,ﺧ
2553,ﺧ
2554,ﺧ
2555,ﺧ
2556,ﺧ
2557,ﺧ
2558,ﺧ
2559,ﺧ
2560,ﺧ
2561,ﺧ
2562,ﺧ
2563,ﺧ
2564,ﺧ
2565,ﺧ
2566,ﺧ
2567,ﺧ
2568,ﺧ
2569,ﺧ
2570,ﺧ
2571,ﺧ
2572,ﺧ
2573,ﺧ
2574,ﺧ
2575,ﺧ
2576,ﺪ
2577,ﺪ
2578,ﺪ
2579,ﺪ
2580,ﺪ
2581,ﺪ
2582,ﺪ
2583,ﺪ
2584,ﺪ
2585,ﺪ
2586,ﺪ
2587,ﺪ
2588,ﺪ
2589,ﺪ
2590,ﺪ
2591,ﺪ
2592,ﺪ
2593,ﺪ
2594,ﺪ
2595,ﺪ
2596,ﺪ
2597,ﺪ
2598,ﺪ
2599,ﺪ
2600,ﺪ
2601,ﺪ
2602,ﺪ
2603,ﺪ
2604,ﺪ
2605,ﺪ
2606,ﺪ
2607,ﺪ
2608,ﺪ
2609,ﺪ
2610,ﺪ
2611,ﺪ
2612,ﺪ
2613,ﺪ
2614,ﺪ
2615,ﺪ
2616,ﺪ
2617,ﺪ
2618,ﺪ
2619,ﺪ
2620,ﺪ
2621,ﺪ
2622,ﺪ
2623,ﺪ
2624,ﺪ
2625,ﺪ
2626,ﺪ
2627,ﺪ
2628,ﺪ
2629,ﺪ
2630,ﺪ
2631,ﺪ
2632,ﺪ
2633,ﺪ
2634,ﺪ
2635,ﺪ
2636,ﺪ
2637,ﺪ
2638,ﺪ
2639,ﺪ
2640,ﺪ
2641,ﺪ
2642,ﺪ
2643,ﺪ
2644,ﺪ
2645,ﺪ
2646,ﺪ
2647,ﺪ
2648,ﺪ
2649,ﺪ
2650,ﺪ
2651,ﺪ
2652,ﺪ
2653,ﺪ
2654,ﺪ
2655,ﺪ
2656,ﺪ
2657,ﺪ
2658,ﺪ
2659,ﺪ
2660,ﺪ
2661,ﺪ
2662,ﺪ
2663,ﺪ
2664,ﺪ
2665,ﺪ
2666,ﺪ
2667,ﺪ
2668,ﺪ
2669,ﺪ
2670,ﺪ
2671,ﺪ
2672,ﺪ
2673,ﺪ
2674,ﺪ
2675,ﺪ
2676,ﺪ
2677,ﺪ
2678,ﺪ
2679,ﺪ
2680,ﺪ
2681,ﺪ
2682,ﺪ
2683,ﺪ
2684,ﺪ
2685,ﺪ
2686,ﺪ
2687,ﺪ
2688,ﺬ
2689,ﺬ
2690,ﺬ
2691,ﺬ
2692,ﺬ
2693,ﺬ
2694,ﺬ
2695,ﺬ
2696,ﺬ
2697,ﺬ
2698,ﺬ
2699,ﺬ
2700,ﺬ
2701,ﺬ
2702,ﺬ
2703,ﺬ
2704,ﺬ
2705,ﺬ
2706,ﺬ
2707,ﺬ
2708,ﺬ
2709,ﺬ
2710,ﺬ
2711,ﺬ
2712,ﺬ
2713,ﺬ
2714,ﺬ
2715,ﺬ
2716,ﺬ
2717,ﺬ
2718,ﺬ
2719,ﺬ
2720,ﺬ
2721,ﺬ
2722,ﺬ
2723,ﺬ
2724,ﺬ
2725,ﺬ
2726,ﺬ
2727,ﺬ
2728,ﺬ
2729,ﺬ
2730,ﺬ
2731,ﺬ
2732,ﺬ
2733,ﺬ
2734,ﺬ
2735,ﺬ
2736,ﺬ
2737,ﺬ
2738,ﺬ
2739,ﺬ
2740,ﺬ
2741,ﺬ
2742,ﺬ
2743,ﺬ
2744,ﺬ
2745,ﺬ
2746,ﺬ
2747,ﺬ
2748,ﺬ
2749,ﺬ
2750,ﺬ
2751,ﺬ
2752,ﺬ
2753,ﺬ
2754,ﺬ
2755,ﺬ
2756,ﺬ
2757,ﺬ
2758,ﺬ
2759,ﺬ
2760,ﺬ
2761,ﺬ
2762,ﺬ
2763,ﺬ
2764,ﺬ
2765,ﺬ
2766,ﺬ
2767,ﺬ
2768,ﺬ
2769,ﺬ
2770,ﺬ
2771,ﺬ
2772,ﺬ
2773,ﺬ
2774,ﺬ
2775,ﺬ
2776,ﺬ
2777,ﺬ
2778,ﺬ
2779,ﺬ
2780,ﺬ
2781,ﺬ
2782,ﺬ
2783,ﺬ
2784,ﺬ
2785,ﺬ
2786,ﺬ
2787,ﺬ
2788,ﺬ
2789,ﺬ
2790,ﺬ
2791,ﺬ
2792,ﺬ
2793,ﺬ
2794,ﺬ
2795,ﺬ
2796,ﺬ
2797,ﺬ
2798,ﺬ
2799,ﺬ
2800,ﺮ
2801,ﺮ
2802,ﺮ
2803,ﺮ
2804,ﺮ
2805,ﺮ
2806,ﺮ
2807,ﺮ
2808,ﺮ
2809,ﺮ
2810,ﺮ
2811,ﺮ
2812,ﺮ
2813,ﺮ
2814,ﺮ
2815,ﺮ
2816,ﺮ
2817,ﺮ
2818,ﺮ
2819,ﺮ
2820,ﺮ
2821,ﺮ
2822,ﺮ
2823,ﺮ
2824,ﺮ
2825,ﺮ
2826,ﺮ
2827,ﺮ
2828,ﺮ
2829,ﺮ
2830,ﺮ
2831,ﺮ
2832,ﺮ
2833,ﺮ
2834,ﺮ
2835,ﺮ
2836,ﺮ
2837,ﺮ
2838,ﺮ
2839,ﺮ
2840,ﺮ
2841,ﺮ
2842,ﺮ
2843,ﺮ
2844,ﺮ
2845,ﺮ
2846,ﺮ
2847,ﺮ
2848,ﺮ
2849,ﺮ
2850,ﺮ
2851,ﺮ
2852,ﺮ
2853,ﺮ
2854,ﺮ
2855,ﺮ
2856,ﺮ
2857,ﺮ
2858,ﺮ
2859,ﺮ
2860,ﺮ
2861,ﺮ
2862,ﺮ
2863,ﺮ
2864,ﺮ
2865,ﺮ
2866,ﺮ
2867,ﺮ
2868,ﺮ
2869,ﺮ
2870,ﺮ
2871,ﺮ
2872,ﺮ
2873,ﺮ
2874,ﺮ
2875,ﺮ
2876,ﺮ
2877,ﺮ
2878,ﺮ
2879,ﺮ
2880,ﺮ
2881,ﺮ
2882,ﺮ
2883,ﺮ
2884,ﺮ
2885,ﺮ
2886,ﺮ
2887,ﺮ
2888,ﺮ
2889,ﺮ
2890,ﺮ
2891,ﺮ
2892,ﺮ
2893,ﺮ
2894,ﺮ
2895,ﺮ
2896,ﺮ
2897,ﺮ
2898,ﺮ
2899,ﺮ
2900,ﺮ
2901,ﺮ
2902,ﺮ
2903,ﺮ
2904,ﺮ
2905,ﺮ
2906,ﺮ
2907,ﺮ
2908,ﺮ
2909,ﺮ
2910,ﺮ
2911,ﺮ
2912,ﺰ
2913,ﺰ
2914,ﺰ
2915,ﺰ
2916,ﺰ
2917,ﺰ
2918,ﺰ
2919,ﺰ
2920,ﺰ
2921,ﺰ
2922,ﺰ
2923,ﺰ
2924,ﺰ
2925,ﺰ
2926,ﺰ
2927,ﺰ
2928,ﺰ
2929,ﺰ
2930,ﺰ
2931,ﺰ
2932,ﺰ
2933,ﺰ
2934,ﺰ
2935,ﺰ
2936,ﺰ
2937,ﺰ
2938,ﺰ
2939,ﺰ
2940,ﺰ
2941,ﺰ
2942,ﺰ
2943,ﺰ
2944,ﺰ
2945,ﺰ
2946,ﺰ
2947,ﺰ
2948,ﺰ
2949,ﺰ
2950,ﺰ
2951,ﺰ
2952,ﺰ
2953,ﺰ
2954,ﺰ
2955,ﺰ
2956,ﺰ
2957,ﺰ
2958,ﺰ
2959,ﺰ
2960,ﺰ
2961,ﺰ
2962,ﺰ
2963,ﺰ
2964,ﺰ
2965,ﺰ
2966,ﺰ
2967,ﺰ
2968,ﺰ
2969,ﺰ
2970,ﺰ
2971,ﺰ
2972,ﺰ
2973,ﺰ
2974,ﺰ
2975,ﺰ
2976,ﺰ
2977,ﺰ
2978,ﺰ
2979,ﺰ
2980,ﺰ
2981,ﺰ
2982,ﺰ
2983,ﺰ
2984,ﺰ
2985,ﺰ
2986,ﺰ
2987,ﺰ
2988,ﺰ
2989,ﺰ
2990,ﺰ
2991,ﺰ
2992,ﺰ
2993,ﺰ
2994,ﺰ
2995,ﺰ
2996,ﺰ
2997,ﺰ
2998,ﺰ
2999,ﺰ
3000,ﺰ
3001,ﺰ
3002,ﺰ
3003,ﺰ
3004,ﺰ
3005,ﺰ
3006,ﺰ
3007,ﺰ
3008,ﺰ
3009,ﺰ
3010,ﺰ
3011,ﺰ
3012,ﺰ
3013,ﺰ
3014,ﺰ
3015,ﺰ
3016,ﺰ
3017,ﺰ
3018,ﺰ
3019,ﺰ
3020,ﺰ
3021,ﺰ
3022,ﺰ
3023,ﺰ
3024,ﺲ
3025,ﺲ
3026,ﺲ
3027,ﺲ
3028,ﺲ
3029,ﺲ
3030,ﺲ
3031,ﺲ
3032,ﺲ
3033,ﺲ
3034,ﺲ
3035,ﺲ
3036,ﺲ
3037,ﺲ
3038,ﺲ
3039,ﺲ
3040,ﺲ
3041,ﺲ
3042,ﺲ
3043,ﺲ
3044,ﺲ
3045,ﺲ
3046,ﺲ
3047,ﺲ
3048,ﺲ
3049,ﺲ
3050,ﺲ
3051,ﺲ
3052,ﺲ
3053,ﺲ
3054,ﺲ
3055,ﺲ
3056,ﺲ
3057,ﺲ
3058,ﺲ
3059,ﺲ
3060,ﺲ
3061,ﺲ
3062,ﺲ
3063,ﺲ
3064,ﺲ
3065,ﺲ
3066,ﺲ
3067,ﺲ
3068,ﺲ
3069,ﺲ
3070,ﺲ
3071,ﺲ
3072,ﺲ
3073,ﺲ
3074,ﺲ
3075,ﺲ
3076,ﺲ
3077,ﺲ
3078,ﺲ
3079,ﺲ
3080,ﺲ
3081,ﺲ
3082,ﺲ
3083,ﺲ
3084,ﺲ
3085,ﺲ
3086,ﺲ
3087,ﺲ
3088,ﺲ
3089,ﺲ
3090,ﺲ
3091,ﺲ
3092,ﺲ
3093,ﺲ
3094,ﺲ
3095,ﺲ
3096,ﺲ
3097,ﺲ
3098,ﺲ
3099,ﺲ
3100,ﺲ
3101,ﺲ
3102,ﺲ
3103,ﺲ
3104,ﺲ
3105,ﺲ
3106,ﺲ
3107,ﺲ
3108,ﺲ
3109,ﺲ
3110,ﺲ
3111,ﺲ
3112,ﺲ
3113,ﺲ
3114,ﺲ
3115,ﺲ
3116,ﺲ
3117,ﺲ
3118,ﺲ
3119,ﺲ
3120,ﺲ
3121,ﺲ
3122,ﺲ
3123,ﺲ
3124,ﺲ
3125,ﺲ
3126,ﺲ
3127,ﺲ
3128,ﺲ
3129,ﺲ
3130,ﺲ
3131,ﺲ
3132,ﺲ
3133,ﺲ
3134,ﺲ
3135,ﺲ
3136,ﺳ
3137,ﺳ
3138,ﺳ
3139,ﺳ
3140,ﺳ
3141,ﺳ
3142,ﺳ
3143,ﺳ
3144,ﺳ
3145,ﺳ
3146,ﺳ
3147,ﺳ
3148,ﺳ
3149,ﺳ
3150,ﺳ
3151,ﺳ
3152,ﺳ
3153,ﺳ
3154,ﺳ
3155,ﺳ
3156,ﺳ
3157,ﺳ
3158,ﺳ
3159,ﺳ
3160,ﺳ
3161,ﺳ
3162,ﺳ
3163,ﺳ
3164,ﺳ
3165,ﺳ
3166,ﺳ
3167,ﺳ
3168,ﺳ
3169,ﺳ
3170,ﺳ
3171,ﺳ
3172,ﺳ
3173,ﺳ
3174,ﺳ
3175,ﺳ
3176,ﺳ
3177,ﺳ
3178,ﺳ
3179,ﺳ
3180,ﺳ
3181,ﺳ
3182,ﺳ
3183,ﺳ
3184,ﺳ
3185,ﺳ
3186,ﺳ
3187,ﺳ
3188,ﺳ
3189,ﺳ
3190,ﺳ
3191,ﺳ
3192,ﺳ
3193,ﺳ
3194,ﺳ
3195,ﺳ
3196,ﺳ
3197,ﺳ
3198,ﺳ
3199,ﺳ
3200,ﺳ
3201,ﺳ
3202,ﺳ
3203,ﺳ
3204,ﺳ
3205,ﺳ
3206,ﺳ
3207,ﺳ
3208,ﺳ
3209,ﺳ
3210,ﺳ
3211,ﺳ
3212,ﺳ
3213,ﺳ
3214,ﺳ
3215,ﺳ
3216,ﺳ
3217,ﺳ
3218,ﺳ
3219,ﺳ
3220,ﺳ
3221,ﺳ
3222,ﺳ
3223,ﺳ
3224,ﺳ
3225,ﺳ
3226,ﺳ
3227,ﺳ
3228,ﺳ
3229,ﺳ
3230,ﺳ
3231,ﺳ
3232,ﺳ
3233,ﺳ
3234,ﺳ
3235,ﺳ
3236,ﺳ
3237,ﺳ
3238,ﺳ
3239,ﺳ
3240,ﺳ
3241,ﺳ
3242,ﺳ
3243,ﺳ
3244,ﺳ
3245,ﺳ
3246,ﺳ
3247,ﺳ
3248,ﺶ
3249,ﺶ
3250,ﺶ
3251,ﺶ
3252,ﺶ
3253,ﺶ
3254,ﺶ
3255,ﺶ
3256,ﺶ
3257,ﺶ
3258,ﺶ
3259,ﺶ
3260,ﺶ
3261,ﺶ
3262,ﺶ
3263,ﺶ
3264,ﺶ
3265,ﺶ
3266,ﺶ
3267,ﺶ
3268,ﺶ
3269,ﺶ
3270,ﺶ
3271,ﺶ
3272,ﺶ
3273,ﺶ
3274,ﺶ
3275,ﺶ
3276,ﺶ
3277,ﺶ
3278,ﺶ
3279,ﺶ
3280,ﺶ
3281,ﺶ
3282,ﺶ
3283,ﺶ
3284,ﺶ
3285,ﺶ
3286,ﺶ
3287,ﺶ
3288,ﺶ
3289,ﺶ
3290,ﺶ
3291,ﺶ
3292,ﺶ
3293,ﺶ
3294,ﺶ
3295,ﺶ
3296,ﺶ
3297,ﺶ
3298,ﺶ
3299,ﺶ
3300,ﺶ
3301,ﺶ
3302,ﺶ
3303,ﺶ
3304,ﺶ
3305,ﺶ
3306,ﺶ
3307,ﺶ
3308,ﺶ
3309,ﺶ
3310,ﺶ
3311,ﺶ
3312,ﺶ
3313,ﺶ
3314,ﺶ
3315,ﺶ
3316,ﺶ
3317,ﺶ
3318,ﺶ
3319,ﺶ
3320,ﺶ
3321,ﺶ
3322,ﺶ
3323,ﺶ
3324,ﺶ
3325,ﺶ
3326,ﺶ
3327,ﺶ
3328,ﺶ
3329,ﺶ
3330,ﺶ
3331,ﺶ
3332,ﺶ
3333,ﺶ
3334,ﺶ
3335,ﺶ
3336,ﺶ
3337,ﺶ
3338,ﺶ
3339,ﺶ
3340,ﺶ
3341,ﺶ
3342,ﺶ
3343,ﺶ
3344,ﺶ
3345,ﺶ
3346,ﺶ
3347,ﺶ
3348,ﺶ
3349,ﺶ
3350,ﺶ
3351,ﺶ
3352,ﺶ
3353,ﺶ
3354,ﺶ
3355,ﺶ
3356,ﺶ
3357,ﺶ
3358,ﺶ
3359,ﺶ
3360,ﺷ
3361,ﺷ
3362,ﺷ
3363,ﺷ
3364,ﺷ
3365,ﺷ
3366,ﺷ
3367,ﺷ
3368,ﺷ
3369,ﺷ
3370,ﺷ
3371,ﺷ
3372,ﺷ
3373,ﺷ
3374,ﺷ
3375,ﺷ
3376,ﺷ
3377,ﺷ
3378,ﺷ
3379,ﺷ
3380,ﺷ
3381,ﺷ
3382,ﺷ
3383,ﺷ
3384,ﺷ
3385,ﺷ
3386,ﺷ
3387,ﺷ
3388,ﺷ
3389,ﺷ
3390,ﺷ
3391,ﺷ
3392,ﺷ
3393,ﺷ
3394,ﺷ
3395,ﺷ
3396,ﺷ
3397,ﺷ
3398,ﺷ
3399,ﺷ
3400,ﺷ
3401,ﺷ
3402,ﺷ
3403,ﺷ
3404,ﺷ
3405,ﺷ
3406,ﺷ
3407,ﺷ
3408,ﺷ
3409,ﺷ
3410,ﺷ
3411,ﺷ
3412,ﺷ
3413,ﺷ
3414,ﺷ
3415,ﺷ
3416,ﺷ
3417,ﺷ
3418,ﺷ
3419,ﺷ
3420,ﺷ
3421,ﺷ
3422,ﺷ
3423,ﺷ
3424,ﺷ
3425,ﺷ
3426,ﺷ
3427,ﺷ
3428,ﺷ
3429,ﺷ
3430,ﺷ
3431,ﺷ
3432,ﺷ
3433,ﺷ
3434,ﺷ
3435,ﺷ
3436,ﺷ
3437,ﺷ
3438,ﺷ
3439,ﺷ
3440,ﺷ
3441,ﺷ
3442,ﺷ
3443,ﺷ
3444,ﺷ
3445,ﺷ
3446,ﺷ
3447,ﺷ
3448,ﺷ
3449,ﺷ
3450,ﺷ
3451,ﺷ
3452,ﺷ
3453,ﺷ
3454,ﺷ
3455,ﺷ
3456,ﺷ
3457,ﺷ
3458,ﺷ
3459,ﺷ
3460,ﺷ
3461,ﺷ
3462,ﺷ
3463,ﺷ
3464,ﺷ
3465,ﺷ
3466,ﺷ
3467,ﺷ
3468,ﺷ
3469,ﺷ
3470,ﺷ
3471,ﺷ
3472,ﺺ
3473,ﺺ
3474,ﺺ
3475,ﺺ
3476,ﺺ
3477,ﺺ
3478,ﺺ
3479,ﺺ
3480,ﺺ
3481,ﺺ
3482,ﺺ
3483,ﺺ
3484,ﺺ
3485,ﺺ
3486,ﺺ
3487,ﺺ
3488,ﺺ
3489,ﺺ
3490,ﺺ
3491,ﺺ
3492,ﺺ
3493,ﺺ
3494,ﺺ
3495,ﺺ
3496,ﺺ
3497,ﺺ
3498,ﺺ
3499,ﺺ
3500,ﺺ
3501,ﺺ
3502,ﺺ
3503,ﺺ
3504,ﺺ
3505,ﺺ
3506,ﺺ
3507,ﺺ
3508,ﺺ
3509,ﺺ
3510,ﺺ
3511,ﺺ
3512,ﺺ
3513,ﺺ
3514,ﺺ
3515,ﺺ
3516,ﺺ
3517,ﺺ
3518,ﺺ
3519,ﺺ
3520,ﺺ
3521,ﺺ
3522,ﺺ
3523,ﺺ
3524,ﺺ
3525,ﺺ
3526,ﺺ
3527,ﺺ
3528,ﺺ
3529,ﺺ
3530,ﺺ
3531,ﺺ
3532,ﺺ
3533,ﺺ
3534,ﺺ
3535,ﺺ
3536,ﺺ
3537,ﺺ
3538,ﺺ
3539,ﺺ
3540,ﺺ
3541,ﺺ
3542,ﺺ
3543,ﺺ
3544,ﺺ
3545,ﺺ
3546,ﺺ
3547,ﺺ
3548,ﺺ
3549,ﺺ
3550,ﺺ
3551,ﺺ
3552,ﺺ
3553,ﺺ
3554,ﺺ
3555,ﺺ
3556,ﺺ
3557,ﺺ
3558,ﺺ
3559,ﺺ
3560,ﺺ
3561,ﺺ
3562,ﺺ
3563,ﺺ
3564,ﺺ
3565,ﺺ
3566,ﺺ
3567,ﺺ
3568,ﺺ
3569,ﺺ
3570,ﺺ
3571,ﺺ
3572,ﺺ
3573,ﺺ
3574,ﺺ
3575,ﺺ
3576,ﺺ
3577,ﺺ
3578,ﺺ
3579,ﺺ
3580,ﺺ
3581,ﺺ
3582,ﺺ
3583,ﺺ
3584,ﺻ
3585,ﺻ
3586,ﺻ
3587,ﺻ
3588,ﺻ
3589,ﺻ
3590,ﺻ
3591,ﺻ
3592,ﺻ
3593,ﺻ
3594,ﺻ
3595,ﺻ
3596,ﺻ
3597,ﺻ
3598,ﺻ
3599,ﺻ
3600,ﺻ
3601,ﺻ
3602,ﺻ
3603,ﺻ
3604,ﺻ
3605,ﺻ
3606,ﺻ
3607,ﺻ
3608,ﺻ
3609,ﺻ
3610,ﺻ
3611,ﺻ
3612,ﺻ
3613,ﺻ
3614,ﺻ
3615,ﺻ
3616,ﺻ
3617,ﺻ
3618,ﺻ
3619,ﺻ
3620,ﺻ
3621,ﺻ
3622,ﺻ
3623,ﺻ
3624,ﺻ
3625,ﺻ
3626,ﺻ
3627,ﺻ
3628,ﺻ
3629,ﺻ
3630,ﺻ
3631,ﺻ
3632,ﺻ
3633,ﺻ
3634,ﺻ
3635,ﺻ
3636,ﺻ
3637,ﺻ
3638,ﺻ
3639,ﺻ
3640,ﺻ
3641,ﺻ
3642,ﺻ
3643,ﺻ
3644,ﺻ
3645,ﺻ
3646,ﺻ
3647,ﺻ
3648,ﺻ
3649,ﺻ
3650,ﺻ
3651,ﺻ
3652,ﺻ
3653,ﺻ
3654,ﺻ
3655,ﺻ
3656,ﺻ
3657,ﺻ
3658,ﺻ
3659,ﺻ
3660,ﺻ
3661,ﺻ
3662,ﺻ
3663,ﺻ
3664,ﺻ
3665,ﺻ
3666,ﺻ
3667,ﺻ
3668,ﺻ
3669,ﺻ
3670,ﺻ
3671,ﺻ
3672,ﺻ
3673,ﺻ
3674,ﺻ
3675,ﺻ
3676,ﺻ
3677,ﺻ
3678,ﺻ
3679,ﺻ
3680,ﺻ
3681,ﺻ
3682,ﺻ
3683,ﺻ
3684,ﺻ
3685,ﺻ
3686,ﺻ
3687,ﺻ
3688,ﺻ
3689,ﺻ
3690,ﺻ
3691,ﺻ
3692,ﺻ
3693,ﺻ
3694,ﺻ
3695,ﺻ
3696,ﺾ
3697,ﺾ
3698,ﺾ
3699,ﺾ
3700,ﺾ
3701,ﺾ
3702,ﺾ
3703,ﺾ
3704,ﺾ
3705,ﺾ
3706,ﺾ
3707,ﺾ
3708,ﺾ
3709,ﺾ
3710,ﺾ
3711,ﺾ
3712,ﺾ
3713,ﺾ
3714,ﺾ
3715,ﺾ
3716,ﺾ
3717,ﺾ
3718,ﺾ
3719,ﺾ
3720,ﺾ
3721,ﺾ
3722,ﺾ
3723,ﺾ
3724,ﺾ
3725,ﺾ
3726,ﺾ
3727,ﺾ
3728,ﺾ
3729,ﺾ
3730,ﺾ
3731,ﺾ
3732,ﺾ
3733,ﺾ
3734,ﺾ
3735,ﺾ
3736,ﺾ
3737,ﺾ
3738,ﺾ
3739,ﺾ
3740,ﺾ
3741,ﺾ
3742,ﺾ
3743,ﺾ
3744,ﺾ
3745,ﺾ
3746,ﺾ
3747,ﺾ
3748,ﺾ
3749,ﺾ
3750,ﺾ
3751,ﺾ
3752,ﺾ
3753,ﺾ
3754,ﺾ
3755,ﺾ
3756,ﺾ
3757,ﺾ
3758,ﺾ
3759,ﺾ
3760,ﺾ
3761,ﺾ
3762,ﺾ
3763,ﺾ
3764,ﺾ
3765,ﺾ
3766,ﺾ
3767,ﺾ
3768,ﺾ
3769,ﺾ
3770,ﺾ
3771,ﺾ
3772,ﺾ
3773,ﺾ
3774,ﺾ
3775,ﺾ
3776,ﺾ
3777,ﺾ
3778,ﺾ
3779,ﺾ
3780,ﺾ
3781,ﺾ
3782,ﺾ
3783,ﺾ
3784,ﺾ
3785,ﺾ
3786,ﺾ
3787,ﺾ
3788,ﺾ
3789,ﺾ
3790,ﺾ
3791,ﺾ
3792,ﺾ
3793,ﺾ
3794,ﺾ
3795,ﺾ
3796,ﺾ
3797,ﺾ
3798,ﺾ
3799,ﺾ
3800,ﺾ
3801,ﺾ
3802,ﺾ
3803,ﺾ
3804,ﺾ
3805,ﺾ
3806,ﺾ
3807,ﺾ
3808,ﺿ
3809,ﺿ
3810,ﺿ
3811,ﺿ
3812,ﺿ
3813,ﺿ
3814,ﺿ
3815,ﺿ
3816,ﺿ
3817,ﺿ
3818,ﺿ
3819,ﺿ
3820,ﺿ
3821,ﺿ
3822,ﺿ
3823,ﺿ
3824,ﺿ
3825,ﺿ
3826,ﺿ
3827,ﺿ
3828,ﺿ
3829,ﺿ
3830,ﺿ
3831,ﺿ
3832,ﺿ
3833,ﺿ
3834,ﺿ
3835,ﺿ
3836,ﺿ
3837,ﺿ
3838,ﺿ
3839,ﺿ
3840,ﺿ
3841,ﺿ
3842,ﺿ
3843,ﺿ
3844,ﺿ
3845,ﺿ
3846,ﺿ
3847,ﺿ
3848,ﺿ
3849,ﺿ
3850,ﺿ
3851,ﺿ
3852,ﺿ
3853,ﺿ
3854,ﺿ
3855,ﺿ
3856,ﺿ
3857,ﺿ
3858,ﺿ
3859,ﺿ
3860,ﺿ
3861,ﺿ
3862,ﺿ
3863,ﺿ
3864,ﺿ
3865,ﺿ
3866,ﺿ
3867,ﺿ
3868,ﺿ
3869,ﺿ
3870,ﺿ
3871,ﺿ
3872,ﺿ
3873,ﺿ
3874,ﺿ
3875,ﺿ
3876,ﺿ
3877,ﺿ
3878,ﺿ
3879,ﺿ
3880,ﺿ
3881,ﺿ
3882,ﺿ
3883,ﺿ
3884,ﺿ
3885,ﺿ
3886,ﺿ
3887,ﺿ
3888,ﺿ
3889,ﺿ
3890,ﺿ
3891,ﺿ
3892,ﺿ
3893,ﺿ
3894,ﺿ
3895,ﺿ
3896,ﺿ
3897,ﺿ
3898,ﺿ
3899,ﺿ
3900,ﺿ
3901,ﺿ
3902,ﺿ
3903,ﺿ
3904,ﺿ
3905,ﺿ
3906,ﺿ
3907,ﺿ
3908,ﺿ
3909,ﺿ
3910,ﺿ
3911,ﺿ
3912,ﺿ
3913,ﺿ
3914,ﺿ
3915,ﺿ
3916,ﺿ
3917,ﺿ
3918,ﺿ
3919,ﺿ
3920,ﻂ
3921,ﻂ
3922,ﻂ
3923,ﻂ
3924,ﻂ
3925,ﻂ
3926,ﻂ
3927,ﻂ
3928,ﻂ
3929,ﻂ
3930,ﻂ
3931,ﻂ
3932,ﻂ
3933,ﻂ
3934,ﻂ
3935,ﻂ
3936,ﻂ
3937,ﻂ
3938,ﻂ
3939,ﻂ
3940,ﻂ
3941,ﻂ
3942,ﻂ
3943,ﻂ
3944,ﻂ
3945,ﻂ
3946,ﻂ
3947,ﻂ
3948,ﻂ
3949,ﻂ
3950,ﻂ
3951,ﻂ
3952,ﻂ
3953,ﻂ
3954,ﻂ
3955,ﻂ
3956,ﻂ
3957,ﻂ
3958,ﻂ
3959,ﻂ
3960,ﻂ
3961,ﻂ
3962,ﻂ
3963,ﻂ
3964,ﻂ
3965,ﻂ
3966,ﻂ
3967,ﻂ
3968,ﻂ
3969,ﻂ
3970,ﻂ
3971,ﻂ
3972,ﻂ
3973,ﻂ
3974,ﻂ
3975,ﻂ
3976,ﻂ
3977,ﻂ
3978,ﻂ
3979,ﻂ
3980,ﻂ
3981,ﻂ
3982,ﻂ
3983,ﻂ
3984,ﻂ
3985,ﻂ
3986,ﻂ
3987,ﻂ
3988,ﻂ
3989,ﻂ
3990,ﻂ
3991,ﻂ
3992,ﻂ
3993,ﻂ
3994,ﻂ
3995,ﻂ
3996,ﻂ
3997,ﻂ
3998,ﻂ
3999,ﻂ
4000,ﻂ
4001,ﻂ
4002,ﻂ
4003,ﻂ
4004,ﻂ
4005,ﻂ
4006,ﻂ
4007,ﻂ
4008,ﻂ
4009,ﻂ
4010,ﻂ
4011,ﻂ
4012,ﻂ
4013,ﻂ
4014,ﻂ
4015,ﻂ
4016,ﻂ
4017,ﻂ
4018,ﻂ
4019,ﻂ
4020,ﻂ
4021,ﻂ
4022,ﻂ
4023,ﻂ
4024,ﻂ
4025,ﻂ
4026,ﻂ
4027,ﻂ
4028,ﻂ
4029,ﻂ
4030,ﻂ
4031,ﻂ
4032,ﻆ
4033,ﻆ
4034,ﻆ
4035,ﻆ
4036,ﻆ
4037,ﻆ
4038,ﻆ
4039,ﻆ
4040,ﻆ
4041,ﻆ
4042,ﻆ
4043,ﻆ
4044,ﻆ
4045,ﻆ
4046,ﻆ
4047,ﻆ
4048,ﻆ
4049,ﻆ
4050,ﻆ
4051,ﻆ
4052,ﻆ
4053,ﻆ
4054,ﻆ
4055,ﻆ
4056,ﻆ
4057,ﻆ
4058,ﻆ
4059,ﻆ
4060,ﻆ
4061,ﻆ
4062,ﻆ
4063,ﻆ
4064,ﻆ
4065,ﻆ
4066,ﻆ
4067,ﻆ
4068,ﻆ
4069,ﻆ
4070,ﻆ
4071,ﻆ
4072,ﻆ
4073,ﻆ
4074,ﻆ
4075,ﻆ
4076,ﻆ
4077,ﻆ
4078,ﻆ
4079,ﻆ
4080,ﻆ
4081,ﻆ
4082,ﻆ
4083,ﻆ
4084,ﻆ
4085,ﻆ
4086,ﻆ
4087,ﻆ
4088,ﻆ
4089,ﻆ
4090,ﻆ
4091,ﻆ
4092,ﻆ
4093,ﻆ
4094,ﻆ
4095,ﻆ
4096,ﻆ
4097,ﻆ
4098,ﻆ
4099,ﻆ
4100,ﻆ
4101,ﻆ
4102,ﻆ
4103,ﻆ
4104,ﻆ
4105,ﻆ
4106,ﻆ
4107,ﻆ
4108,ﻆ
4109,ﻆ
4110,ﻆ
4111,ﻆ
4112,ﻆ
4113,ﻆ
4114,ﻆ
4115,ﻆ
4116,ﻆ
4117,ﻆ
4118,ﻆ
4119,ﻆ
4120,ﻆ
4121,ﻆ
4122,ﻆ
4123,ﻆ
4124,ﻆ
4125,ﻆ
4126,ﻆ
4127,ﻆ
4128,ﻆ
4129,ﻆ
4130,ﻆ
4131,ﻆ
4132,ﻆ
4133,ﻆ
4134,ﻆ
4135,ﻆ
4136,ﻆ
4137,ﻆ
4138,ﻆ
4139,ﻆ
4140,ﻆ
4141,ﻆ
4142,ﻆ
4143,ﻆ
4144,ﻉ
4145,ﻉ
4146,ﻉ
4147,ﻉ
4148,ﻉ
4149,ﻉ
4150,ﻉ
4151,ﻉ
4152,ﻉ
4153,ﻉ
4154,ﻉ
4155,ﻉ
4156,ﻉ
4157,ﻉ
4158,ﻉ
4159,ﻉ
4160,ﻉ
4161,ﻉ
4162,ﻉ
4163,ﻉ
4164,ﻉ
4165,ﻉ
4166,ﻉ
4167,ﻉ
4168,ﻉ
4169,ﻉ
4170,ﻉ
4171,ﻉ
4172,ﻉ
4173,ﻉ
4174,ﻉ
4175,ﻉ
4176,ﻉ
4177,ﻉ
4178,ﻉ
4179,ﻉ
4180,ﻉ
4181,ﻉ
4182,ﻉ
4183,ﻉ
4184,ﻉ
4185,ﻉ
4186,ﻉ
4187,ﻉ
4188,ﻉ
4189,ﻉ
4190,ﻉ
4191,ﻉ
4192,ﻉ
4193,ﻉ
4194,ﻉ
4195,ﻉ
4196,ﻉ
4197,ﻉ
4198,ﻉ
4199,ﻉ
4200,ﻉ
4201,ﻉ
4202,ﻉ
4203,ﻉ
4204,ﻉ
4205,ﻉ
4206,ﻉ
4207,ﻉ
4208,ﻉ
4209,ﻉ
4210,ﻉ
4211,ﻉ
4212,ﻉ
4213,ﻉ
4214,ﻉ
4215,ﻉ
4216,ﻉ
4217,ﻉ
4218,ﻉ
4219,ﻉ
4220,ﻉ
4221,ﻉ
4222,ﻉ
4223,ﻉ
4224,ﻉ
4225,ﻉ
4226,ﻉ
4227,ﻉ
4228,ﻉ
4229,ﻉ
4230,ﻉ
4231,ﻉ
4232,ﻉ
4233,ﻉ
4234,ﻉ
4235,ﻉ
4236,ﻉ
4237,ﻉ
4238,ﻉ
4239,ﻉ
4240,ﻉ
4241,ﻉ
4242,ﻉ
4243,ﻉ
4244,ﻉ
4245,ﻉ
4246,ﻉ
4247,ﻉ
4248,ﻉ
4249,ﻉ
4250,ﻉ
4251,ﻉ
4252,ﻉ
4253,ﻉ
4254,ﻉ
4255,ﻉ
4256,ﻊ
4257,ﻊ
4258,ﻊ
4259,ﻊ
4260,ﻊ
4261,ﻊ
4262,ﻊ
4263,ﻊ
4264,ﻊ
4265,ﻊ
4266,ﻊ
4267,ﻊ
4268,ﻊ
4269,ﻊ
4270,ﻊ
4271,ﻊ
4272,ﻊ
4273,ﻊ
4274,ﻊ
4275,ﻊ
4276,ﻊ
4277,ﻊ
4278,ﻊ
4279,ﻊ
4280,ﻊ
4281,ﻊ
4282,ﻊ
4283,ﻊ
4284,ﻊ
4285,ﻊ
4286,ﻊ
4287,ﻊ
4288,ﻊ
4289,ﻊ
4290,ﻊ
4291,ﻊ
4292,ﻊ
4293,ﻊ
4294,ﻊ
4295,ﻊ
4296,ﻊ
4297,ﻊ
4298,ﻊ
4299,ﻊ
4300,ﻊ
4301,ﻊ
4302,ﻊ
4303,ﻊ
4304,ﻊ
4305,ﻊ
4306,ﻊ
4307,ﻊ
4308,ﻊ
4309,ﻊ
4310,ﻊ
4311,ﻊ
4312,ﻊ
4313,ﻊ
4314,ﻊ
4315,ﻊ
4316,ﻊ
4317,ﻊ
4318,ﻊ
4319,ﻊ
4320,ﻊ
4321,ﻊ
4322,ﻊ
4323,ﻊ
4324,ﻊ
4325,ﻊ
4326,ﻊ
4327,ﻊ
4328,ﻊ
4329,ﻊ
4330,ﻊ
4331,ﻊ
4332,ﻊ
4333,ﻊ
4334,ﻊ
4335,ﻊ
4336,ﻊ
4337,ﻊ
4338,ﻊ
4339,ﻊ
4340,ﻊ
4341,ﻊ
4342,ﻊ
4343,ﻊ
4344,ﻊ
4345,ﻊ
4346,ﻊ
4347,ﻊ
4348,ﻊ
4349,ﻊ
4350,ﻊ
4351,ﻊ
4352,ﻊ
4353,ﻊ
4354,ﻊ
4355,ﻊ
4356,ﻊ
4357,ﻊ
4358,ﻊ
4359,ﻊ
4360,ﻊ
4361,ﻊ
4362,ﻊ
4363,ﻊ
4364,ﻊ
4365,ﻊ
4366,ﻊ
4367,ﻊ
4368,ﻋ
4369,ﻋ
4370,ﻋ
4371,ﻋ
4372,ﻋ
4373,ﻋ
4374,ﻋ
4375,ﻋ
4376,ﻋ
4377,ﻋ
4378,ﻋ
4379,ﻋ
4380,ﻋ
4381,ﻋ
4382,ﻋ
4383,ﻋ
4384,ﻋ
4385,ﻋ
4386,ﻋ
4387,ﻋ
4388,ﻋ
4389,ﻋ
4390,ﻋ
4391,ﻋ
4392,ﻋ
4393,ﻋ
4394,ﻋ
4395,ﻋ
4396,ﻋ
4397,ﻋ
4398,ﻋ
4399,ﻋ
4400,ﻋ
4401,ﻋ
4402,ﻋ
4403,ﻋ
4404,ﻋ
4405,ﻋ
4406,ﻋ
4407,ﻋ
4408,ﻋ
4409,ﻋ
4410,ﻋ
4411,ﻋ
4412,ﻋ
4413,ﻋ
4414,ﻋ
4415,ﻋ
4416,ﻋ
4417,ﻋ
4418,ﻋ
4419,ﻋ
4420,ﻋ
4421,ﻋ
4422,ﻋ
4423,ﻋ
4424,ﻋ
4425,ﻋ
4426,ﻋ
4427,ﻋ
4428,ﻋ
4429,ﻋ
4430,ﻋ
4431,ﻋ
4432,ﻋ
4433,ﻋ
4434,ﻋ
4435,ﻋ
4436,ﻋ
4437,ﻋ
4438,ﻋ
4439,ﻋ
4440,ﻋ
4441,ﻋ
4442,ﻋ
4443,ﻋ
4444,ﻋ
4445,ﻋ
4446,ﻋ
4447,ﻋ
4448,ﻋ
4449,ﻋ
4450,ﻋ
4451,ﻋ
4452,ﻋ
4453,ﻋ
4454,ﻋ
4455,ﻋ
4456,ﻋ
4457,ﻋ
4458,ﻋ
4459,ﻋ
4460,ﻋ
4461,ﻋ
4462,ﻋ
4463,ﻋ
4464,ﻋ
4465,ﻋ
4466,ﻋ
4467,ﻋ
4468,ﻋ
4469,ﻋ
4470,ﻋ
4471,ﻋ
4472,ﻋ
4473,ﻋ
4474,ﻋ
4475,ﻋ
4476,ﻋ
4477,ﻋ
4478,ﻋ
4479,ﻋ
4480,ﻌ
4481,ﻌ
4482,ﻌ
4483,ﻌ
4484,ﻌ
4485,ﻌ
4486,ﻌ
4487,ﻌ
4488,ﻌ
4489,ﻌ
4490,ﻌ
4491,ﻌ
4492,ﻌ
4493,ﻌ
4494,ﻌ
4495,ﻌ
4496,ﻌ
4497,ﻌ
4498,ﻌ
4499,ﻌ
4500,ﻌ
4501,ﻌ
4502,ﻌ
4503,ﻌ
4504,ﻌ
4505,ﻌ
4506,ﻌ
4507,ﻌ
4508,ﻌ
4509,ﻌ
4510,ﻌ
4511,ﻌ
4512,ﻌ
4513,ﻌ
4514,ﻌ
4515,ﻌ
4516,ﻌ
4517,ﻌ
4518,ﻌ
4519,ﻌ
4520,ﻌ
4521,ﻌ
4522,ﻌ
4523,ﻌ
4524,ﻌ
4525,ﻌ
4526,ﻌ
4527,ﻌ
4528,ﻌ
4529,ﻌ
4530,ﻌ
4531,ﻌ
4532,ﻌ
4533,ﻌ
4534,ﻌ
4535,ﻌ
4536,ﻌ
4537,ﻌ
4538,ﻌ
4539,ﻌ
4540,ﻌ
4541,ﻌ
4542,ﻌ
4543,ﻌ
4544,ﻌ
4545,ﻌ
4546,ﻌ
4547,ﻌ
4548,ﻌ
4549,ﻌ
4550,ﻌ
4551,ﻌ
4552,ﻌ
4553,ﻌ
4554,ﻌ
4555,ﻌ
4556,ﻌ
4557,ﻌ
4558,ﻌ
4559,ﻌ
4560,ﻌ
4561,ﻌ
4562,ﻌ
4563,ﻌ
4564,ﻌ
4565,ﻌ
4566,ﻌ
4567,ﻌ
4568,ﻌ
4569,ﻌ
4570,ﻌ
4571,ﻌ
4572,ﻌ
4573,ﻌ
4574,ﻌ
4575,ﻌ
4576,ﻌ
4577,ﻌ
4578,ﻌ
4579,ﻌ
4580,ﻌ
4581,ﻌ
4582,ﻌ
4583,ﻌ
4584,ﻌ
4585,ﻌ
4586,ﻌ
4587,ﻌ
4588,ﻌ
4589,ﻌ
4590,ﻌ
4591,ﻌ
4592,ﻍ
4593,ﻍ
4594,ﻍ
4595,ﻍ
4596,ﻍ
4597,ﻍ
4598,ﻍ
4599,ﻍ
4600,ﻍ
4601,ﻍ
4602,ﻍ
4603,ﻍ
4604,ﻍ
4605,ﻍ
4606,ﻍ
4607,ﻍ
4608,ﻍ
4609,ﻍ
4610,ﻍ
4611,ﻍ
4612,ﻍ
4613,ﻍ
4614,ﻍ
4615,ﻍ
4616,ﻍ
4617,ﻍ
4618,ﻍ
4619,ﻍ
4620,ﻍ
4621,ﻍ
4622,ﻍ
4623,ﻍ
4624,ﻍ
4625,ﻍ
4626,ﻍ
4627,ﻍ
4628,ﻍ
4629,ﻍ
4630,ﻍ
4631,ﻍ
4632,ﻍ
4633,ﻍ
4634,ﻍ
4635,ﻍ
4636,ﻍ
4637,ﻍ
4638,ﻍ
4639,ﻍ
4640,ﻍ
4641,ﻍ
4642,ﻍ
4643,ﻍ
4644,ﻍ
4645,ﻍ
4646,ﻍ
4647,ﻍ
4648,ﻍ
4649,ﻍ
4650,ﻍ
4651,ﻍ
4652,ﻍ
4653,ﻍ
4654,ﻍ
4655,ﻍ
4656,ﻍ
4657,ﻍ
4658,ﻍ
4659,ﻍ
4660,ﻍ
4661,ﻍ
4662,ﻍ
4663,ﻍ
4664,ﻍ
4665,ﻍ
4666,ﻍ
4667,ﻍ
4668,ﻍ
4669,ﻍ
4670,ﻍ
4671,ﻍ
4672,ﻍ
4673,ﻍ
4674,ﻍ
4675,ﻍ
4676,ﻍ
4677,ﻍ
4678,ﻍ
4679,ﻍ
4680,ﻍ
4681,ﻍ
4682,ﻍ
4683,ﻍ
4684,ﻍ
4685,ﻍ
4686,ﻍ
4687,ﻍ
4688,ﻍ
4689,ﻍ
4690,ﻍ
4691,ﻍ
4692,ﻍ
4693,ﻍ
4694,ﻍ
4695,ﻍ
4696,ﻍ
4697,ﻍ
4698,ﻍ
4699,ﻍ
4700,ﻍ
4701,ﻍ
4702,ﻍ
4703,ﻍ
4704,ﻎ
4705,ﻎ
4706,ﻎ
4707,ﻎ
4708,ﻎ
4709,ﻎ
4710,ﻎ
4711,ﻎ
4712,ﻎ
4713,ﻎ
4714,ﻎ
4715,ﻎ
4716,ﻎ
4717,ﻎ
4718,ﻎ
4719,ﻎ
4720,ﻎ
4721,ﻎ
4722,ﻎ
4723,ﻎ
4724,ﻎ
4725,ﻎ
4726,ﻎ
4727,ﻎ
4728,ﻎ
4729,ﻎ
4730,ﻎ
4731,ﻎ
4732,ﻎ
4733,ﻎ
4734,ﻎ
4735,ﻎ
4736,ﻎ
4737,ﻎ
4738,ﻎ
4739,ﻎ
4740,ﻎ
4741,ﻎ
4742,ﻎ
4743,ﻎ
4744,ﻎ
4745,ﻎ
4746,ﻎ
4747,ﻎ
4748,ﻎ
4749,ﻎ
4750,ﻎ
4751,ﻎ
4752,ﻎ
4753,ﻎ
4754,ﻎ
4755,ﻎ
4756,ﻎ
4757,ﻎ
4758,ﻎ
4759,ﻎ
4760,ﻎ
4761,ﻎ
4762,ﻎ
4763,ﻎ
4764,ﻎ
4765,ﻎ
4766,ﻎ
4767,ﻎ
4768,ﻎ
4769,ﻎ
4770,ﻎ
4771,ﻎ
4772,ﻎ
4773,ﻎ
4774,ﻎ
4775,ﻎ
4776,ﻎ
4777,ﻎ
4778,ﻎ
4779,ﻎ
4780,ﻎ
4781,ﻎ
4782,ﻎ
4783,ﻎ
4784,ﻎ
4785,ﻎ
4786,ﻎ
4787,ﻎ
4788,ﻎ
4789,ﻎ
4790,ﻎ
4791,ﻎ
4792,ﻎ
4793,ﻎ
4794,ﻎ
4795,ﻎ
4796,ﻎ
4797,ﻎ
4798,ﻎ
4799,ﻎ
4800,ﻎ
4801,ﻎ
4802,ﻎ
4803,ﻎ
4804,ﻎ
4805,ﻎ
4806,ﻎ
4807,ﻎ
4808,ﻎ
4809,ﻎ
4810,ﻎ
4811,ﻎ
4812,ﻎ
4813,ﻎ
4814,ﻎ
4815,ﻎ
4816,ﻏ
4817,ﻏ
4818,ﻏ
4819,ﻏ
4820,ﻏ
4821,ﻏ
4822,ﻏ
4823,ﻏ
4824,ﻏ
4825,ﻏ
4826,ﻏ
4827,ﻏ
4828,ﻏ
4829,ﻏ
4830,ﻏ
4831,ﻏ
4832,ﻏ
4833,ﻏ
4834,ﻏ
4835,ﻏ
4836,ﻏ
4837,ﻏ
4838,ﻏ
4839,ﻏ
4840,ﻏ
4841,ﻏ
4842,ﻏ
4843,ﻏ
4844,ﻏ
4845,ﻏ
4846,ﻏ
4847,ﻏ
4848,ﻏ
4849,ﻏ
4850,ﻏ
4851,ﻏ
4852,ﻏ
4853,ﻏ
4854,ﻏ
4855,ﻏ
4856,ﻏ
4857,ﻏ
4858,ﻏ
4859,ﻏ
4860,ﻏ
4861,ﻏ
4862,ﻏ
4863,ﻏ
4864,ﻏ
4865,ﻏ
4866,ﻏ
4867,ﻏ
4868,ﻏ
4869,ﻏ
4870,ﻏ
4871,ﻏ
4872,ﻏ
4873,ﻏ
4874,ﻏ
4875,ﻏ
4876,ﻏ
4877,ﻏ
4878,ﻏ
4879,ﻏ
4880,ﻏ
4881,ﻏ
4882,ﻏ
4883,ﻏ
4884,ﻏ
4885,ﻏ
4886,ﻏ
4887,ﻏ
4888,ﻏ
4889,ﻏ
4890,ﻏ
4891,ﻏ
4892,ﻏ
4893,ﻏ
4894,ﻏ
4895,ﻏ
4896,ﻏ
4897,ﻏ
4898,ﻏ
4899,ﻏ
4900,ﻏ
4901,ﻏ
4902,ﻏ
4903,ﻏ
4904,ﻏ
4905,ﻏ
4906,ﻏ
4907,ﻏ
4908,ﻏ
4909,ﻏ
4910,ﻏ
4911,ﻏ
4912,ﻏ
4913,ﻏ
4914,ﻏ
4915,ﻏ
4916,ﻏ
4917,ﻏ
4918,ﻏ
4919,ﻏ
4920,ﻏ
4921,ﻏ
4922,ﻏ
4923,ﻏ
4924,ﻏ
4925,ﻏ
4926,ﻏ
4927,ﻏ
4928,ﻐ
4929,ﻐ
4930,ﻐ
4931,ﻐ
4932,ﻐ
4933,ﻐ
4934,ﻐ
4935,ﻐ
4936,ﻐ
4937,ﻐ
4938,ﻐ
4939,ﻐ
4940,ﻐ
4941,ﻐ
4942,ﻐ
4943,ﻐ
4944,ﻐ
4945,ﻐ
4946,ﻐ
4947,ﻐ
4948,ﻐ
4949,ﻐ
4950,ﻐ
4951,ﻐ
4952,ﻐ
4953,ﻐ
4954,ﻐ
4955,ﻐ
4956,ﻐ
4957,ﻐ
4958,ﻐ
4959,ﻐ
4960,ﻐ
4961,ﻐ
4962,ﻐ
4963,ﻐ
4964,ﻐ
4965,ﻐ
4966,ﻐ
4967,ﻐ
4968,ﻐ
4969,ﻐ
4970,ﻐ
4971,ﻐ
4972,ﻐ
4973,ﻐ
4974,ﻐ
4975,ﻐ
4976,ﻐ
4977,ﻐ
4978,ﻐ
4979,ﻐ
4980,ﻐ
4981,ﻐ
4982,ﻐ
4983,ﻐ
4984,ﻐ
4985,ﻐ
4986,ﻐ
4987,ﻐ
4988,ﻐ
4989,ﻐ
4990,ﻐ
4991,ﻐ
4992,ﻐ
4993,ﻐ
4994,ﻐ
4995,ﻐ
4996,ﻐ
4997,ﻐ
4998,ﻐ
4999,ﻐ
5000,ﻐ
5001,ﻐ
5002,ﻐ
5003,ﻐ
5004,ﻐ
5005,ﻐ
5006,ﻐ
5007,ﻐ
5008,ﻐ
5009,ﻐ
5010,ﻐ
5011,ﻐ
5012,ﻐ
5013,ﻐ
5014,ﻐ
5015,ﻐ
5016,ﻐ
5017,ﻐ
5018,ﻐ
5019,ﻐ
5020,ﻐ
5021,ﻐ
5022,ﻐ
5023,ﻐ
5024,ﻐ
5025,ﻐ
5026,ﻐ
5027,ﻐ
5028,ﻐ
5029,ﻐ
5030,ﻐ
5031,ﻐ
5032,ﻐ
5033,ﻐ
5034,ﻐ
5035,ﻐ
5036,ﻐ
5037,ﻐ
5038,ﻐ
5039,ﻐ
5040,ﻒ
5041,ﻒ
5042,ﻒ
5043,ﻒ
5044,ﻒ
5045,ﻒ
5046,ﻒ
5047,ﻒ
5048,ﻒ
5049,ﻒ
5050,ﻒ
5051,ﻒ
5052,ﻒ
5053,ﻒ
5054,ﻒ
5055,ﻒ
5056,ﻒ
5057,ﻒ
5058,ﻒ
5059,ﻒ
5060,ﻒ
5061,ﻒ
5062,ﻒ
5063,ﻒ
5064,ﻒ
5065,ﻒ
5066,ﻒ
5067,ﻒ
5068,ﻒ
5069,ﻒ
5070,ﻒ
5071,ﻒ
5072,ﻒ
5073,ﻒ
5074,ﻒ
5075,ﻒ
5076,ﻒ
5077,ﻒ
5078,ﻒ
5079,ﻒ
5080,ﻒ
5081,ﻒ
5082,ﻒ
5083,ﻒ
5084,ﻒ
5085,ﻒ
5086,ﻒ
5087,ﻒ
5088,ﻒ
5089,ﻒ
5090,ﻒ
5091,ﻒ
5092,ﻒ
5093,ﻒ
5094,ﻒ
5095,ﻒ
5096,ﻒ
5097,ﻒ
5098,ﻒ
5099,ﻒ
5100,ﻒ
5101,ﻒ
5102,ﻒ
5103,ﻒ
5104,ﻒ
5105,ﻒ
5106,ﻒ
5107,ﻒ
5108,ﻒ
5109,ﻒ
5110,ﻒ
5111,ﻒ
5112,ﻒ
5113,ﻒ
5114,ﻒ
5115,ﻒ
5116,ﻒ
5117,ﻒ
5118,ﻒ
5119,ﻒ
5120,ﻒ
5121,ﻒ
5122,ﻒ
5123,ﻒ
5124,ﻒ
5125,ﻒ
5126,ﻒ
5127,ﻒ
5128,ﻒ
5129,ﻒ
5130,ﻒ
5131,ﻒ
5132,ﻒ
5133,ﻒ
5134,ﻒ
5135,ﻒ
5136,ﻒ
5137,ﻒ
5138,ﻒ
5139,ﻒ
5140,ﻒ
5141,ﻒ
5142,ﻒ
5143,ﻒ
5144,ﻒ
5145,ﻒ
5146,ﻒ
5147,ﻒ
5148,ﻒ
5149,ﻒ
5150,ﻒ
5151,ﻒ
5152,ﻓ
5153,ﻓ
5154,ﻓ
5155,ﻓ
5156,ﻓ
5157,ﻓ
5158,ﻓ
5159,ﻓ
5160,ﻓ
5161,ﻓ
5162,ﻓ
5163,ﻓ
5164,ﻓ
5165,ﻓ
5166,ﻓ
5167,ﻓ
5168,ﻓ
5169,ﻓ
5170,ﻓ
5171,ﻓ
5172,ﻓ
5173,ﻓ
5174,ﻓ
5175,ﻓ
5176,ﻓ
5177,ﻓ
5178,ﻓ
5179,ﻓ
5180,ﻓ
5181,ﻓ
5182,ﻓ
5183,ﻓ
5184,ﻓ
5185,ﻓ
5186,ﻓ
5187,ﻓ
5188,ﻓ
5189,ﻓ
5190,ﻓ
5191,ﻓ
5192,ﻓ
5193,ﻓ
5194,ﻓ
5195,ﻓ
5196,ﻓ
5197,ﻓ
5198,ﻓ
5199,ﻓ
5200,ﻓ
5201,ﻓ
5202,ﻓ
5203,ﻓ
5204,ﻓ
5205,ﻓ
5206,ﻓ
5207,ﻓ
5208,ﻓ
5209,ﻓ
5210,ﻓ
5211,ﻓ
5212,ﻓ
5213,ﻓ
5214,ﻓ
5215,ﻓ
5216,ﻓ
5217,ﻓ
5218,ﻓ
5219,ﻓ
5220,ﻓ
5221,ﻓ
5222,ﻓ
5223,ﻓ
5224,ﻓ
5225,ﻓ
5226,ﻓ
5227,ﻓ
5228,ﻓ
5229,ﻓ
5230,ﻓ
5231,ﻓ
5232,ﻓ
5233,ﻓ
5234,ﻓ
5235,ﻓ
5236,ﻓ
5237,ﻓ
5238,ﻓ
5239,ﻓ
5240,ﻓ
5241,ﻓ
5242,ﻓ
5243,ﻓ
5244,ﻓ
5245,ﻓ
5246,ﻓ
5247,ﻓ
5248,ﻓ
5249,ﻓ
5250,ﻓ
5251,ﻓ
5252,ﻓ
5253,ﻓ
5254,ﻓ
5255,ﻓ
5256,ﻓ
5257,ﻓ
5258,ﻓ
5259,ﻓ
5260,ﻓ
5261,ﻓ
5262,ﻓ
5263,ﻓ
5264,ﻖ
5265,ﻖ
5266,ﻖ
5267,ﻖ
5268,ﻖ
5269,ﻖ
5270,ﻖ
5271,ﻖ
5272,ﻖ
5273,ﻖ
5274,ﻖ
5275,ﻖ
5276,ﻖ
5277,ﻖ
5278,ﻖ
5279,ﻖ
5280,ﻖ
5281,ﻖ
5282,ﻖ
5283,ﻖ
5284,ﻖ
5285,ﻖ
5286,ﻖ
5287,ﻖ
5288,ﻖ
5289,ﻖ
5290,ﻖ
5291,ﻖ
5292,ﻖ
5293,ﻖ
5294,ﻖ
5295,ﻖ
5296,ﻖ
5297,ﻖ
5298,ﻖ
5299,ﻖ
5300,ﻖ
5301,ﻖ
5302,ﻖ
5303,ﻖ
5304,ﻖ
5305,ﻖ
5306,ﻖ
5307,ﻖ
5308,ﻖ
5309,ﻖ
5310,ﻖ
5311,ﻖ
5312,ﻖ
5313,ﻖ
5314,ﻖ
5315,ﻖ
5316,ﻖ
5317,ﻖ
5318,ﻖ
5319,ﻖ
5320,ﻖ
5321,ﻖ
5322,ﻖ
5323,ﻖ
5324,ﻖ
5325,ﻖ
5326,ﻖ
5327,ﻖ
5328,ﻖ
5329,ﻖ
5330,ﻖ
5331,ﻖ
5332,ﻖ
5333,ﻖ
5334,ﻖ
5335,ﻖ
5336,ﻖ
5337,ﻖ
5338,ﻖ
5339,ﻖ
5340,ﻖ
5341,ﻖ
5342,ﻖ
5343,ﻖ
5344,ﻖ
5345,ﻖ
5346,ﻖ
5347,ﻖ
5348,ﻖ
5349,ﻖ
5350,ﻖ
5351,ﻖ
5352,ﻖ
5353,ﻖ
5354,ﻖ
5355,ﻖ
5356,ﻖ
5357,ﻖ
5358,ﻖ
5359,ﻖ
5360,ﻖ
5361,ﻖ
5362,ﻖ
5363,ﻖ
5364,ﻖ
5365,ﻖ
5366,ﻖ
5367,ﻖ
5368,ﻖ
5369,ﻖ
5370,ﻖ
5371,ﻖ
5372,ﻖ
5373,ﻖ
5374,ﻖ
5375,ﻖ
5376,ﻗ
5377,ﻗ
5378,ﻗ
5379,ﻗ
5380,ﻗ
5381,ﻗ
5382,ﻗ
5383,ﻗ
5384,ﻗ
5385,ﻗ
5386,ﻗ
5387,ﻗ
5388,ﻗ
5389,ﻗ
5390,ﻗ
5391,ﻗ
5392,ﻗ
5393,ﻗ
5394,ﻗ
5395,ﻗ
5396,ﻗ
5397,ﻗ
5398,ﻗ
5399,ﻗ
5400,ﻗ
5401,ﻗ
5402,ﻗ
5403,ﻗ
5404,ﻗ
5405,ﻗ
5406,ﻗ
5407,ﻗ
5408,ﻗ
5409,ﻗ
5410,ﻗ
5411,ﻗ
5412,ﻗ
5413,ﻗ
5414,ﻗ
5415,ﻗ
5416,ﻗ
5417,ﻗ
5418,ﻗ
5419,ﻗ
5420,ﻗ
5421,ﻗ
5422,ﻗ
5423,ﻗ
5424,ﻗ
5425,ﻗ
5426,ﻗ
5427,ﻗ
5428,ﻗ
5429,ﻗ
5430,ﻗ
5431,ﻗ
5432,ﻗ
5433,ﻗ
5434,ﻗ
5435,ﻗ
5436,ﻗ
5437,ﻗ
5438,ﻗ
5439,ﻗ
5440,ﻗ
5441,ﻗ
5442,ﻗ
5443,ﻗ
5444,ﻗ
5445,ﻗ
5446,ﻗ
5447,ﻗ
5448,ﻗ
5449,ﻗ
5450,ﻗ
5451,ﻗ
5452,ﻗ
5453,ﻗ
5454,ﻗ
5455,ﻗ
5456,ﻗ
5457,ﻗ
5458,ﻗ
5459,ﻗ
5460,ﻗ
5461,ﻗ
5462,ﻗ
5463,ﻗ
5464,ﻗ
5465,ﻗ
5466,ﻗ
5467,ﻗ
5468,ﻗ
5469,ﻗ
5470,ﻗ
5471,ﻗ
5472,ﻗ
5473,ﻗ
5474,ﻗ
5475,ﻗ
5476,ﻗ
5477,ﻗ
5478,ﻗ
5479,ﻗ
5480,ﻗ
5481,ﻗ
5482,ﻗ
5483,ﻗ
5484,ﻗ
5485,ﻗ
5486,ﻗ
5487,ﻗ
5488,ﻘ
5489,ﻘ
5490,ﻘ
5491,ﻘ
5492,ﻘ
5493,ﻘ
5494,ﻘ
5495,ﻘ
5496,ﻘ
5497,ﻘ
5498,ﻘ
5499,ﻘ
5500,ﻘ
5501,ﻘ
5502,ﻘ
5503,ﻘ
5504,ﻘ
5505,ﻘ
5506,ﻘ
5507,ﻘ
5508,ﻘ
5509,ﻘ
5510,ﻘ
5511,ﻘ
5512,ﻘ
5513,ﻘ
5514,ﻘ
5515,ﻘ
5516,ﻘ
5517,ﻘ
5518,ﻘ
5519,ﻘ
5520,ﻘ
5521,ﻘ
5522,ﻘ
5523,ﻘ
5524,ﻘ
5525,ﻘ
5526,ﻘ
5527,ﻘ
5528,ﻘ
5529,ﻘ
5530,ﻘ
5531,ﻘ
5532,ﻘ
5533,ﻘ
5534,ﻘ
5535,ﻘ
5536,ﻘ
5537,ﻘ
5538,ﻘ
5539,ﻘ
5540,ﻘ
5541,ﻘ
5542,ﻘ
5543,ﻘ
5544,ﻘ
5545,ﻘ
5546,ﻘ
5547,ﻘ
5548,ﻘ
5549,ﻘ
5550,ﻘ
5551,ﻘ
5552,ﻘ
5553,ﻘ
5554,ﻘ
5555,ﻘ
5556,ﻘ
5557,ﻘ
5558,ﻘ
5559,ﻘ
5560,ﻘ
5561,ﻘ
5562,ﻘ
5563,ﻘ
5564,ﻘ
5565,ﻘ
5566,ﻘ
5567,ﻘ
5568,ﻘ
5569,ﻘ
5570,ﻘ
5571,ﻘ
5572,ﻘ
5573,ﻘ
5574,ﻘ
5575,ﻘ
5576,ﻘ
5577,ﻘ
5578,ﻘ
5579,ﻘ
5580,ﻘ
5581,ﻘ
5582,ﻘ
5583,ﻘ
5584,ﻘ
5585,ﻘ
5586,ﻘ
5587,ﻘ
5588,ﻘ
5589,ﻘ
5590,ﻘ
5591,ﻘ
5592,ﻘ
5593,ﻘ
5594,ﻘ
5595,ﻘ
5596,ﻘ
5597,ﻘ
5598,ﻘ
5599,ﻘ
5600,ﻚ
5601,ﻚ
5602,ﻚ
5603,ﻚ
5604,ﻚ
5605,ﻚ
5606,ﻚ
5607,ﻚ
5608,ﻚ
5609,ﻚ
5610,ﻚ
5611,ﻚ
5612,ﻚ
5613,ﻚ
5614,ﻚ
5615,ﻚ
5616,ﻚ
5617,ﻚ
5618,ﻚ
5619,ﻚ
5620,ﻚ
5621,ﻚ
5622,ﻚ
5623,ﻚ
5624,ﻚ
5625,ﻚ
5626,ﻚ
5627,ﻚ
5628,ﻚ
5629,ﻚ
5630,ﻚ
5631,ﻚ
5632,ﻚ
5633,ﻚ
5634,ﻚ
5635,ﻚ
5636,ﻚ
5637,ﻚ
5638,ﻚ
5639,ﻚ
5640,ﻚ
5641,ﻚ
5642,ﻚ
5643,ﻚ
5644,ﻚ
5645,ﻚ
5646,ﻚ
5647,ﻚ
5648,ﻚ
5649,ﻚ
5650,ﻚ
5651,ﻚ
5652,ﻚ
5653,ﻚ
5654,ﻚ
5655,ﻚ
5656,ﻚ
5657,ﻚ
5658,ﻚ
5659,ﻚ
5660,ﻚ
5661,ﻚ
5662,ﻚ
5663,ﻚ
5664,ﻚ
5665,ﻚ
5666,ﻚ
5667,ﻚ
5668,ﻚ
5669,ﻚ
5670,ﻚ
5671,ﻚ
5672,ﻚ
5673,ﻚ
5674,ﻚ
5675,ﻚ
5676,ﻚ
5677,ﻚ
5678,ﻚ
5679,ﻚ
5680,ﻚ
5681,ﻚ
5682,ﻚ
5683,ﻚ
5684,ﻚ
5685,ﻚ
5686,ﻚ
5687,ﻚ
5688,ﻚ
5689,ﻚ
5690,ﻚ
5691,ﻚ
5692,ﻚ
5693,ﻚ
5694,ﻚ
5695,ﻚ
5696,ﻚ
5697,ﻚ
5698,ﻚ
5699,ﻚ
5700,ﻚ
5701,ﻚ
5702,ﻚ
5703,ﻚ
5704,ﻚ
5705,ﻚ
5706,ﻚ
5707,ﻚ
5708,ﻚ
5709,ﻚ
5710,ﻚ
5711,ﻚ
5712,ﻛ
5713,ﻛ
5714,ﻛ
5715,ﻛ
5716,ﻛ
5717,ﻛ
5718,ﻛ
5719,ﻛ
5720,ﻛ
5721,ﻛ
5722,ﻛ
5723,ﻛ
5724,ﻛ
5725,ﻛ
5726,ﻛ
5727,ﻛ
5728,ﻛ
5729,ﻛ
5730,ﻛ
5731,ﻛ
5732,ﻛ
5733,ﻛ
5734,ﻛ
5735,ﻛ
5736,ﻛ
5737,ﻛ
5738,ﻛ
5739,ﻛ
5740,ﻛ
5741,ﻛ
5742,ﻛ
5743,ﻛ
5744,ﻛ
5745,ﻛ
5746,ﻛ
5747,ﻛ
5748,ﻛ
5749,ﻛ
5750,ﻛ
5751,ﻛ
5752,ﻛ
5753,ﻛ
5754,ﻛ
5755,ﻛ
5756,ﻛ
5757,ﻛ
5758,ﻛ
5759,ﻛ
5760,ﻛ
5761,ﻛ
5762,ﻛ
5763,ﻛ
5764,ﻛ
5765,ﻛ
5766,ﻛ
5767,ﻛ
5768,ﻛ
5769,ﻛ
5770,ﻛ
5771,ﻛ
5772,ﻛ
5773,ﻛ
5774,ﻛ
5775,ﻛ
5776,ﻛ
5777,ﻛ
5778,ﻛ
5779,ﻛ
5780,ﻛ
5781,ﻛ
5782,ﻛ
5783,ﻛ
5784,ﻛ
5785,ﻛ
5786,ﻛ
5787,ﻛ
5788,ﻛ
5789,ﻛ
5790,ﻛ
5791,ﻛ
5792,ﻛ
5793,ﻛ
5794,ﻛ
5795,ﻛ
5796,ﻛ
5797,ﻛ
5798,ﻛ
5799,ﻛ
5800,ﻛ
5801,ﻛ
5802,ﻛ
5803,ﻛ
5804,ﻛ
5805,ﻛ
5806,ﻛ
5807,ﻛ
5808,ﻛ
5809,ﻛ
5810,ﻛ
5811,ﻛ
5812,ﻛ
5813,ﻛ
5814,ﻛ
5815,ﻛ
5816,ﻛ
5817,ﻛ
5818,ﻛ
5819,ﻛ
5820,ﻛ
5821,ﻛ
5822,ﻛ
5823,ﻛ
5824,ﻞ
5825,ﻞ
5826,ﻞ
5827,ﻞ
5828,ﻞ
5829,ﻞ
5830,ﻞ
5831,ﻞ
5832,ﻞ
5833,ﻞ
5834,ﻞ
5835,ﻞ
5836,ﻞ
5837,ﻞ
5838,ﻞ
5839,ﻞ
5840,ﻞ
5841,ﻞ
5842,ﻞ
5843,ﻞ
5844,ﻞ
5845,ﻞ
5846,ﻞ
5847,ﻞ
5848,ﻞ
5849,ﻞ
5850,ﻞ
5851,ﻞ
5852,ﻞ
5853,ﻞ
5854,ﻞ
5855,ﻞ
5856,ﻞ
5857,ﻞ
5858,ﻞ
5859,ﻞ
5860,ﻞ
5861,ﻞ
5862,ﻞ
5863,ﻞ
5864,ﻞ
5865,ﻞ
5866,ﻞ
5867,ﻞ
5868,ﻞ
5869,ﻞ
5870,ﻞ
5871,ﻞ
5872,ﻞ
5873,ﻞ
5874,ﻞ
5875,ﻞ
5876,ﻞ
5877,ﻞ
5878,ﻞ
5879,ﻞ
5880,ﻞ
5881,ﻞ
5882,ﻞ
5883,ﻞ
5884,ﻞ
5885,ﻞ
5886,ﻞ
5887,ﻞ
5888,ﻞ
5889,ﻞ
5890,ﻞ
5891,ﻞ
5892,ﻞ
5893,ﻞ
5894,ﻞ
5895,ﻞ
5896,ﻞ
5897,ﻞ
5898,ﻞ
5899,ﻞ
5900,ﻞ
5901,ﻞ
5902,ﻞ
5903,ﻞ
5904,ﻞ
5905,ﻞ
5906,ﻞ
5907,ﻞ
5908,ﻞ
5909,ﻞ
5910,ﻞ
5911,ﻞ
5912,ﻞ
5913,ﻞ
5914,ﻞ
5915,ﻞ
5916,ﻞ
5917,ﻞ
5918,ﻞ
5919,ﻞ
5920,ﻞ
5921,ﻞ
5922,ﻞ
5923,ﻞ
5924,ﻞ
5925,ﻞ
5926,ﻞ
5927,ﻞ
5928,ﻞ
5929,ﻞ
5930,ﻞ
5931,ﻞ
5932,ﻞ
5933,ﻞ
5934,ﻞ
5935,ﻞ
5936,ﻟ
5937,ﻟ
5938,ﻟ
5939,ﻟ
5940,ﻟ
5941,ﻟ
5942,ﻟ
5943,ﻟ
5944,ﻟ
5945,ﻟ
5946,ﻟ
5947,ﻟ
5948,ﻟ
5949,ﻟ
5950,ﻟ
5951,ﻟ
5952,ﻟ
5953,ﻟ
5954,ﻟ
5955,ﻟ
5956,ﻟ
5957,ﻟ
5958,ﻟ
5959,ﻟ
5960,ﻟ
5961,ﻟ
5962,ﻟ
5963,ﻟ
5964,ﻟ
5965,ﻟ
5966,ﻟ
5967,ﻟ
5968,ﻟ
5969,ﻟ
5970,ﻟ
5971,ﻟ
5972,ﻟ
5973,ﻟ
5974,ﻟ
5975,ﻟ
5976,ﻟ
5977,ﻟ
5978,ﻟ
5979,ﻟ
5980,ﻟ
5981,ﻟ
5982,ﻟ
5983,ﻟ
5984,ﻟ
5985,ﻟ
5986,ﻟ
5987,ﻟ
5988,ﻟ
5989,ﻟ
5990,ﻟ
5991,ﻟ
5992,ﻟ
5993,ﻟ
5994,ﻟ
5995,ﻟ
5996,ﻟ
5997,ﻟ
5998,ﻟ
5999,ﻟ
6000,ﻟ
6001,ﻟ
6002,ﻟ
6003,ﻟ
6004,ﻟ
6005,ﻟ
6006,ﻟ
6007,ﻟ
6008,ﻟ
6009,ﻟ
6010,ﻟ
6011,ﻟ
6012,ﻟ
6013,ﻟ
6014,ﻟ
6015,ﻟ
6016,ﻟ
6017,ﻟ
6018,ﻟ
6019,ﻟ
6020,ﻟ
6021,ﻟ
6022,ﻟ
6023,ﻟ
6024,ﻟ
6025,ﻟ
6026,ﻟ
6027,ﻟ
6028,ﻟ
6029,ﻟ
6030,ﻟ
6031,ﻟ
6032,ﻟ
6033,ﻟ
6034,ﻟ
6035,ﻟ
6036,ﻟ
6037,ﻟ
6038,ﻟ
6039,ﻟ
6040,ﻟ
6041,ﻟ
6042,ﻟ
6043,ﻟ
6044,ﻟ
6045,ﻟ
6046,ﻟ
6047,ﻟ
6048,ﻠ
6049,ﻠ
6050,ﻠ
6051,ﻠ
6052,ﻠ
6053,ﻠ
6054,ﻠ
6055,ﻠ
6056,ﻠ
6057,ﻠ
6058,ﻠ
6059,ﻠ
6060,ﻠ
6061,ﻠ
6062,ﻠ
6063,ﻠ
6064,ﻠ
6065,ﻠ
6066,ﻠ
6067,ﻠ
6068,ﻠ
6069,ﻠ
6070,ﻠ
6071,ﻠ
6072,ﻠ
6073,ﻠ
6074,ﻠ
6075,ﻠ
6076,ﻠ
6077,ﻠ
6078,ﻠ
6079,ﻠ
6080,ﻠ
6081,ﻠ
6082,ﻠ
6083,ﻠ
6084,ﻠ
6085,ﻠ
6086,ﻠ
6087,ﻠ
6088,ﻠ
6089,ﻠ
6090,ﻠ
6091,ﻠ
6092,ﻠ
6093,ﻠ
6094,ﻠ
6095,ﻠ
6096,ﻠ
6097,ﻠ
6098,ﻠ
6099,ﻠ
6100,ﻠ
6101,ﻠ
6102,ﻠ
6103,ﻠ
6104,ﻠ
6105,ﻠ
6106,ﻠ
6107,ﻠ
6108,ﻠ
6109,ﻠ
6110,ﻠ
6111,ﻠ
6112,ﻠ
6113,ﻠ
6114,ﻠ
6115,ﻠ
6116,ﻠ
6117,ﻠ
6118,ﻠ
6119,ﻠ
6120,ﻠ
6121,ﻠ
6122,ﻠ
6123,ﻠ
6124,ﻠ
6125,ﻠ
6126,ﻠ
6127,ﻠ
6128,ﻠ
6129,ﻠ
6130,ﻠ
6131,ﻠ
6132,ﻠ
6133,ﻠ
6134,ﻠ
6135,ﻠ
6136,ﻠ
6137,ﻠ
6138,ﻠ
6139,ﻠ
6140,ﻠ
6141,ﻠ
6142,ﻠ
6143,ﻠ
6144,ﻠ
6145,ﻠ
6146,ﻠ
6147,ﻠ
6148,ﻠ
6149,ﻠ
6150,ﻠ
6151,ﻠ
6152,ﻠ
6153,ﻠ
6154,ﻠ
6155,ﻠ
6156,ﻠ
6157,ﻠ
6158,ﻠ
6159,ﻠ
6160,ﻢ
6161,ﻢ
6162,ﻢ
6163,ﻢ
6164,ﻢ
6165,ﻢ
6166,ﻢ
6167,ﻢ
6168,ﻢ
6169,ﻢ
6170,ﻢ
6171,ﻢ
6172,ﻢ
6173,ﻢ
6174,ﻢ
6175,ﻢ
6176,ﻢ
6177,ﻢ
6178,ﻢ
6179,ﻢ
6180,ﻢ
6181,ﻢ
6182,ﻢ
6183,ﻢ
6184,ﻢ
6185,ﻢ
6186,ﻢ
6187,ﻢ
6188,ﻢ
6189,ﻢ
6190,ﻢ
6191,ﻢ
6192,ﻢ
6193,ﻢ
6194,ﻢ
6195,ﻢ
6196,ﻢ
6197,ﻢ
6198,ﻢ
6199,ﻢ
6200,ﻢ
6201,ﻢ
6202,ﻢ
6203,ﻢ
6204,ﻢ
6205,ﻢ
6206,ﻢ
6207,ﻢ
6208,ﻢ
6209,ﻢ
6210,ﻢ
6211,ﻢ
6212,ﻢ
6213,ﻢ
6214,ﻢ
6215,ﻢ
6216,ﻢ
6217,ﻢ
6218,ﻢ
6219,ﻢ
6220,ﻢ
6221,ﻢ
6222,ﻢ
6223,ﻢ
6224,ﻢ
6225,ﻢ
6226,ﻢ
6227,ﻢ
6228,ﻢ
6229,ﻢ
6230,ﻢ
6231,ﻢ
6232,ﻢ
6233,ﻢ
6234,ﻢ
6235,ﻢ
6236,ﻢ
6237,ﻢ
6238,ﻢ
6239,ﻢ
6240,ﻢ
6241,ﻢ
6242,ﻢ
6243,ﻢ
6244,ﻢ
6245,ﻢ
6246,ﻢ
6247,ﻢ
6248,ﻢ
6249,ﻢ
6250,ﻢ
6251,ﻢ
6252,ﻢ
6253,ﻢ
6254,ﻢ
6255,ﻢ
6256,ﻢ
6257,ﻢ
6258,ﻢ
6259,ﻢ
6260,ﻢ
6261,ﻢ
6262,ﻢ
6263,ﻢ
6264,ﻢ
6265,ﻢ
6266,ﻢ
6267,ﻢ
6268,ﻢ
6269,ﻢ
6270,ﻢ
6271,ﻢ
6272,ﻣ
6273,ﻣ
6274,ﻣ
6275,ﻣ
6276,ﻣ
6277,ﻣ
6278,ﻣ
6279,ﻣ
6280,ﻣ
6281,ﻣ
6282,ﻣ
6283,ﻣ
6284,ﻣ
6285,ﻣ
6286,ﻣ
6287,ﻣ
6288,ﻣ
6289,ﻣ
6290,ﻣ
6291,ﻣ
6292,ﻣ
6293,ﻣ
6294,ﻣ
6295,ﻣ
6296,ﻣ
6297,ﻣ
6298,ﻣ
6299,ﻣ
6300,ﻣ
6301,ﻣ
6302,ﻣ
6303,ﻣ
6304,ﻣ
6305,ﻣ
6306,ﻣ
6307,ﻣ
6308,ﻣ
6309,ﻣ
6310,ﻣ
6311,ﻣ
6312,ﻣ
6313,ﻣ
6314,ﻣ
6315,ﻣ
6316,ﻣ
6317,ﻣ
6318,ﻣ
6319,ﻣ
6320,ﻣ
6321,ﻣ
6322,ﻣ
6323,ﻣ
6324,ﻣ
6325,ﻣ
6326,ﻣ
6327,ﻣ
6328,ﻣ
6329,ﻣ
6330,ﻣ
6331,ﻣ
6332,ﻣ
6333,ﻣ
6334,ﻣ
6335,ﻣ
6336,ﻣ
6337,ﻣ
6338,ﻣ
6339,ﻣ
6340,ﻣ
6341,ﻣ
6342,ﻣ
6343,ﻣ
6344,ﻣ
6345,ﻣ
6346,ﻣ
6347,ﻣ
6348,ﻣ
6349,ﻣ
6350,ﻣ
6351,ﻣ
6352,ﻣ
6353,ﻣ
6354,ﻣ
6355,ﻣ
6356,ﻣ
6357,ﻣ
6358,ﻣ
6359,ﻣ
6360,ﻣ
6361,ﻣ
6362,ﻣ
6363,ﻣ
6364,ﻣ
6365,ﻣ
6366,ﻣ
6367,ﻣ
6368,ﻣ
6369,ﻣ
6370,ﻣ
6371,ﻣ
6372,ﻣ
6373,ﻣ
6374,ﻣ
6375,ﻣ
6376,ﻣ
6377,ﻣ
6378,ﻣ
6379,ﻣ
6380,ﻣ
6381,ﻣ
6382,ﻣ
6383,ﻣ
6384,ﻦ
6385,ﻦ
6386,ﻦ
6387,ﻦ
6388,ﻦ
6389,ﻦ
6390,ﻦ
6391,ﻦ
6392,ﻦ
6393,ﻦ
6394,ﻦ
6395,ﻦ
6396,ﻦ
6397,ﻦ
6398,ﻦ
6399,ﻦ
6400,ﻦ
6401,ﻦ
6402,ﻦ
6403,ﻦ
6404,ﻦ
6405,ﻦ
6406,ﻦ
6407,ﻦ
6408,ﻦ
6409,ﻦ
6410,ﻦ
6411,ﻦ
6412,ﻦ
6413,ﻦ
6414,ﻦ
6415,ﻦ
6416,ﻦ
6417,ﻦ
6418,ﻦ
6419,ﻦ
6420,ﻦ
6421,ﻦ
6422,ﻦ
6423,ﻦ
6424,ﻦ
6425,ﻦ
6426,ﻦ
6427,ﻦ
6428,ﻦ
6429,ﻦ
6430,ﻦ
6431,ﻦ
6432,ﻦ
6433,ﻦ
6434,ﻦ
6435,ﻦ
6436,ﻦ
6437,ﻦ
6438,ﻦ
6439,ﻦ
6440,ﻦ
6441,ﻦ
6442,ﻦ
6443,ﻦ
6444,ﻦ
6445,ﻦ
6446,ﻦ
6447,ﻦ
6448,ﻦ
6449,ﻦ
6450,ﻦ
6451,ﻦ
6452,ﻦ
6453,ﻦ
6454,ﻦ
6455,ﻦ
6456,ﻦ
6457,ﻦ
6458,ﻦ
6459,ﻦ
6460,ﻦ
6461,ﻦ
6462,ﻦ
6463,ﻦ
6464,ﻦ
6465,ﻦ
6466,ﻦ
6467,ﻦ
6468,ﻦ
6469,ﻦ
6470,ﻦ
6471,ﻦ
6472,ﻦ
6473,ﻦ
6474,ﻦ
6475,ﻦ
6476,ﻦ
6477,ﻦ
6478,ﻦ
6479,ﻦ
6480,ﻦ
6481,ﻦ
6482,ﻦ
6483,ﻦ
6484,ﻦ
6485,ﻦ
6486,ﻦ
6487,ﻦ
6488,ﻦ
6489,ﻦ
6490,ﻦ
6491,ﻦ
6492,ﻦ
6493,ﻦ
6494,ﻦ
6495,ﻦ
6496,ﻧ
6497,ﻧ
6498,ﻧ
6499,ﻧ
6500,ﻧ
6501,ﻧ
6502,ﻧ
6503,ﻧ
6504,ﻧ
6505,ﻧ
6506,ﻧ
6507,ﻧ
6508,ﻧ
6509,ﻧ
6510,ﻧ
6511,ﻧ
6512,ﻧ
6513,ﻧ
6514,ﻧ
6515,ﻧ
6516,ﻧ
6517,ﻧ
6518,ﻧ
6519,ﻧ
6520,ﻧ
6521,ﻧ
6522,ﻧ
6523,ﻧ
6524,ﻧ
6525,ﻧ
6526,ﻧ
6527,ﻧ
6528,ﻧ
6529,ﻧ
6530,ﻧ
6531,ﻧ
6532,ﻧ
6533,ﻧ
6534,ﻧ
6535,ﻧ
6536,ﻧ
6537,ﻧ
6538,ﻧ
6539,ﻧ
6540,ﻧ
6541,ﻧ
6542,ﻧ
6543,ﻧ
6544,ﻧ
6545,ﻧ
6546,ﻧ
6547,ﻧ
6548,ﻧ
6549,ﻧ
6550,ﻧ
6551,ﻧ
6552,ﻧ
6553,ﻧ
6554,ﻧ
6555,ﻧ
6556,ﻧ
6557,ﻧ
6558,ﻧ
6559,ﻧ
6560,ﻧ
6561,ﻧ
6562,ﻧ
6563,ﻧ
6564,ﻧ
6565,ﻧ
6566,ﻧ
6567,ﻧ
6568,ﻧ
6569,ﻧ
6570,ﻧ
6571,ﻧ
6572,ﻧ
6573,ﻧ
6574,ﻧ
6575,ﻧ
6576,ﻧ
6577,ﻧ
6578,ﻧ
6579,ﻧ
6580,ﻧ
6581,ﻧ
6582,ﻧ
6583,ﻧ
6584,ﻧ
6585,ﻧ
6586,ﻧ
6587,ﻧ
6588,ﻧ
6589,ﻧ
6590,ﻧ
6591,ﻧ
6592,ﻧ
6593,ﻧ
6594,ﻧ
6595,ﻧ
6596,ﻧ
6597,ﻧ
6598,ﻧ
6599,ﻧ
6600,ﻧ
6601,ﻧ
6602,ﻧ
6603,ﻧ
6604,ﻧ
6605,ﻧ
6606,ﻧ
6607,ﻧ
6608,ﻩ
6609,ﻩ
6610,ﻩ
6611,ﻩ
6612,ﻩ
6613,ﻩ
6614,ﻩ
6615,ﻩ
6616,ﻩ
6617,ﻩ
6618,ﻩ
6619,ﻩ
6620,ﻩ
6621,ﻩ
6622,ﻩ
6623,ﻩ
6624,ﻩ
6625,ﻩ
6626,ﻩ
6627,ﻩ
6628,ﻩ
6629,ﻩ
6630,ﻩ
6631,ﻩ
6632,ﻩ
6633,ﻩ
6634,ﻩ
6635,ﻩ
6636,ﻩ
6637,ﻩ
6638,ﻩ
6639,ﻩ
6640,ﻩ
6641,ﻩ
6642,ﻩ
6643,ﻩ
6644,ﻩ
6645,ﻩ
6646,ﻩ
6647,ﻩ
6648,ﻩ
6649,ﻩ
6650,ﻩ
6651,ﻩ
6652,ﻩ
6653,ﻩ
6654,ﻩ
6655,ﻩ
6656,ﻩ
6657,ﻩ
6658,ﻩ
6659,ﻩ
6660,ﻩ
6661,ﻩ
6662,ﻩ
6663,ﻩ
6664,ﻩ
6665,ﻩ
6666,ﻩ
6667,ﻩ
6668,ﻩ
6669,ﻩ
6670,ﻩ
6671,ﻩ
6672,ﻩ
6673,ﻩ
6674,ﻩ
6675,ﻩ
6676,ﻩ
6677,ﻩ
6678,ﻩ
6679,ﻩ
6680,ﻩ
6681,ﻩ
6682,ﻩ
6683,ﻩ
6684,ﻩ
6685,ﻩ
6686,ﻩ
6687,ﻩ
6688,ﻩ
6689,ﻩ
6690,ﻩ
6691,ﻩ
6692,ﻩ
6693,ﻩ
6694,ﻩ
6695,ﻩ
6696,ﻩ
6697,ﻩ
6698,ﻩ
6699,ﻩ
6700,ﻩ
6701,ﻩ
6702,ﻩ
6703,ﻩ
6704,ﻩ
6705,ﻩ
6706,ﻩ
6707,ﻩ
6708,ﻩ
6709,ﻩ
6710,ﻩ
6711,ﻩ
6712,ﻩ
6713,ﻩ
6714,ﻩ
6715,ﻩ
6716,ﻩ
6717,ﻩ
6718,ﻩ
6719,ﻩ
6720,ﻪ
6721,ﻪ
6722,ﻪ
6723,ﻪ
6724,ﻪ
6725,ﻪ
6726,ﻪ
6727,ﻪ
6728,ﻪ
6729,ﻪ
6730,ﻪ
6731,ﻪ
6732,ﻪ
6733,ﻪ
6734,ﻪ
6735,ﻪ
6736,ﻪ
6737,ﻪ
6738,ﻪ
6739,ﻪ
6740,ﻪ
6741,ﻪ
6742,ﻪ
6743,ﻪ
6744,ﻪ
6745,ﻪ
6746,ﻪ
6747,ﻪ
6748,ﻪ
6749,ﻪ
6750,ﻪ
6751,ﻪ
6752,ﻪ
6753,ﻪ
6754,ﻪ
6755,ﻪ
6756,ﻪ
6757,ﻪ
6758,ﻪ
6759,ﻪ
6760,ﻪ
6761,ﻪ
6762,ﻪ
6763,ﻪ
6764,ﻪ
6765,ﻪ
6766,ﻪ
6767,ﻪ
6768,ﻪ
6769,ﻪ
6770,ﻪ
6771,ﻪ
6772,ﻪ
6773,ﻪ
6774,ﻪ
6775,ﻪ
6776,ﻪ
6777,ﻪ
6778,ﻪ
6779,ﻪ
6780,ﻪ
6781,ﻪ
6782,ﻪ
6783,ﻪ
6784,ﻪ
6785,ﻪ
6786,ﻪ
6787,ﻪ
6788,ﻪ
6789,ﻪ
6790,ﻪ
6791,ﻪ
6792,ﻪ
6793,ﻪ
6794,ﻪ
6795,ﻪ
6796,ﻪ
6797,ﻪ
6798,ﻪ
6799,ﻪ
6800,ﻪ
6801,ﻪ
6802,ﻪ
6803,ﻪ
6804,ﻪ
6805,ﻪ
6806,ﻪ
6807,ﻪ
6808,ﻪ
6809,ﻪ
6810,ﻪ
6811,ﻪ
6812,ﻪ
6813,ﻪ
6814,ﻪ
6815,ﻪ
6816,ﻪ
6817,ﻪ
6818,ﻪ
6819,ﻪ
6820,ﻪ
6821,ﻪ
6822,ﻪ
6823,ﻪ
6824,ﻪ
6825,ﻪ
6826,ﻪ
6827,ﻪ
6828,ﻪ
6829,ﻪ
6830,ﻪ
6831,ﻪ
6832,ﻫ
6833,ﻫ
6834,ﻫ
6835,ﻫ
6836,ﻫ
6837,ﻫ
6838,ﻫ
6839,ﻫ
6840,ﻫ
6841,ﻫ
6842,ﻫ
6843,ﻫ
6844,ﻫ
6845,ﻫ
6846,ﻫ
6847,ﻫ
6848,ﻫ
6849,ﻫ
6850,ﻫ
6851,ﻫ
6852,ﻫ
6853,ﻫ
6854,ﻫ
6855,ﻫ
6856,ﻫ
6857,ﻫ
6858,ﻫ
6859,ﻫ
6860,ﻫ
6861,ﻫ
6862,ﻫ
6863,ﻫ
6864,ﻫ
6865,ﻫ
6866,ﻫ
6867,ﻫ
6868,ﻫ
6869,ﻫ
6870,ﻫ
6871,ﻫ
6872,ﻫ
6873,ﻫ
6874,ﻫ
6875,ﻫ
6876,ﻫ
6877,ﻫ
6878,ﻫ
6879,ﻫ
6880,ﻫ
6881,ﻫ
6882,ﻫ
6883,ﻫ
6884,ﻫ
6885,ﻫ
6886,ﻫ
6887,ﻫ
6888,ﻫ
6889,ﻫ
6890,ﻫ
6891,ﻫ
6892,ﻫ
6893,ﻫ
6894,ﻫ
6895,ﻫ
6896,ﻫ
6897,ﻫ
6898,ﻫ
6899,ﻫ
6900,ﻫ
6901,ﻫ
6902,ﻫ
6903,ﻫ
6904,ﻫ
6905,ﻫ
6906,ﻫ
6907,ﻫ
6908,ﻫ
6909,ﻫ
6910,ﻫ
6911,ﻫ
6912,ﻫ
6913,ﻫ
6914,ﻫ
6915,ﻫ
6916,ﻫ
6917,ﻫ
6918,ﻫ
6919,ﻫ
6920,ﻫ
6921,ﻫ
6922,ﻫ
6923,ﻫ
6924,ﻫ
6925,ﻫ
6926,ﻫ
6927,ﻫ
6928,ﻫ
6929,ﻫ
6930,ﻫ
6931,ﻫ
6932,ﻫ
6933,ﻫ
6934,ﻫ
6935,ﻫ
6936,ﻫ
6937,ﻫ
6938,ﻫ
6939,ﻫ
6940,ﻫ
6941,ﻫ
6942,ﻫ
6943,ﻫ
6944,ﻬ
6945,ﻬ
6946,ﻬ
6947,ﻬ
6948,ﻬ
6949,ﻬ
6950,ﻬ
6951,ﻬ
6952,ﻬ
6953,ﻬ
6954,ﻬ
6955,ﻬ
6956,ﻬ
6957,ﻬ
6958,ﻬ
6959,ﻬ
6960,ﻬ
6961,ﻬ
6962,ﻬ
6963,ﻬ
6964,ﻬ
6965,ﻬ
6966,ﻬ
6967,ﻬ
6968,ﻬ
6969,ﻬ
6970,ﻬ
6971,ﻬ
6972,ﻬ
6973,ﻬ
6974,ﻬ
6975,ﻬ
6976,ﻬ
6977,ﻬ
6978,ﻬ
6979,ﻬ
6980,ﻬ
6981,ﻬ
6982,ﻬ
6983,ﻬ
6984,ﻬ
6985,ﻬ
6986,ﻬ
6987,ﻬ
6988,ﻬ
6989,ﻬ
6990,ﻬ
6991,ﻬ
6992,ﻬ
6993,ﻬ
6994,ﻬ
6995,ﻬ
6996,ﻬ
6997,ﻬ
6998,ﻬ
6999,ﻬ
7000,ﻬ
7001,ﻬ
7002,ﻬ
7003,ﻬ
7004,ﻬ
7005,ﻬ
7006,ﻬ
7007,ﻬ
7008,ﻬ
7009,ﻬ
7010,ﻬ
7011,ﻬ
7012,ﻬ
7013,ﻬ
7014,ﻬ
7015,ﻬ
7016,ﻬ
7017,ﻬ
7018,ﻬ
7019,ﻬ
7020,ﻬ
7021,ﻬ
7022,ﻬ
7023,ﻬ
7024,ﻬ
7025,ﻬ
7026,ﻬ
7027,ﻬ
7028,ﻬ
7029,ﻬ
7030,ﻬ
7031,ﻬ
7032,ﻬ
7033,ﻬ
7034,ﻬ
7035,ﻬ
7036,ﻬ
7037,ﻬ
7038,ﻬ
7039,ﻬ
7040,ﻬ
7041,ﻬ
7042,ﻬ
7043,ﻬ
7044,ﻬ
7045,ﻬ
7046,ﻬ
7047,ﻬ
7048,ﻬ
7049,ﻬ
7050,ﻬ
7051,ﻬ
7052,ﻬ
7053,ﻬ
7054,ﻬ
7055,ﻬ
7056,ﻮ
7057,ﻮ
7058,ﻮ
7059,ﻮ
7060,ﻮ
7061,ﻮ
7062,ﻮ
7063,ﻮ
7064,ﻮ
7065,ﻮ
7066,ﻮ
7067,ﻮ
7068,ﻮ
7069,ﻮ
7070,ﻮ
7071,ﻮ
7072,ﻮ
7073,ﻮ
7074,ﻮ
7075,ﻮ
7076,ﻮ
7077,ﻮ
7078,ﻮ
7079,ﻮ
7080,ﻮ
7081,ﻮ
7082,ﻮ
7083,ﻮ
7084,ﻮ
7085,ﻮ
7086,ﻮ
7087,ﻮ
7088,ﻮ
7089,ﻮ
7090,ﻮ
7091,ﻮ
7092,ﻮ
7093,ﻮ
7094,ﻮ
7095,ﻮ
7096,ﻮ
7097,ﻮ
7098,ﻮ
7099,ﻮ
7100,ﻮ
7101,ﻮ
7102,ﻮ
7103,ﻮ
7104,ﻮ
7105,ﻮ
7106,ﻮ
7107,ﻮ
7108,ﻮ
7109,ﻮ
7110,ﻮ
7111,ﻮ
7112,ﻮ
7113,ﻮ
7114,ﻮ
7115,ﻮ
7116,ﻮ
7117,ﻮ
7118,ﻮ
7119,ﻮ
7120,ﻮ
7121,ﻮ
7122,ﻮ
7123,ﻮ
7124,ﻮ
7125,ﻮ
7126,ﻮ
7127,ﻮ
7128,ﻮ
7129,ﻮ
7130,ﻮ
7131,ﻮ
7132,ﻮ
7133,ﻮ
7134,ﻮ
7135,ﻮ
7136,ﻮ
7137,ﻮ
7138,ﻮ
7139,ﻮ
7140,ﻮ
7141,ﻮ
7142,ﻮ
7143,ﻮ
7144,ﻮ
7145,ﻮ
7146,ﻮ
7147,ﻮ
7148,ﻮ
7149,ﻮ
7150,ﻮ
7151,ﻮ
7152,ﻮ
7153,ﻮ
7154,ﻮ
7155,ﻮ
7156,ﻮ
7157,ﻮ
7158,ﻮ
7159,ﻮ
7160,ﻮ
7161,ﻮ
7162,ﻮ
7163,ﻮ
7164,ﻮ
7165,ﻮ
7166,ﻮ
7167,ﻮ
7168,ﯼ
7169,ﯼ
7170,ﯼ
7171,ﯼ
7172,ﯼ
7173,ﯼ
7174,ﯼ
7175,ﯼ
7176,ﯼ
7177,ﯼ
7178,ﯼ
7179,ﯼ
7180,ﯼ
7181,ﯼ
7182,ﯼ
7183,ﯼ
7184,ﯼ
7185,ﯼ
7186,ﯼ
7187,ﯼ
7188,ﯼ
7189,ﯼ
7190,ﯼ
7191,ﯼ
7192,ﯼ
7193,ﯼ
7194,ﯼ
7195,ﯼ
7196,ﯼ
7197,ﯼ
7198,ﯼ
7199,ﯼ
7200,ﯼ
7201,ﯼ
7202,ﯼ
7203,ﯼ
7204,ﯼ
7205,ﯼ
7206,ﯼ
7207,ﯼ
7208,ﯼ
7209,ﯼ
7210,ﯼ
7211,ﯼ
7212,ﯼ
7213,ﯼ
7214,ﯼ
7215,ﯼ
7216,ﯼ
7217,ﯼ
7218,ﯼ
7219,ﯼ
7220,ﯼ
7221,ﯼ
7222,ﯼ
7223,ﯼ
7224,ﯼ
7225,ﯼ
7226,ﯼ
7227,ﯼ
7228,ﯼ
7229,ﯼ
7230,ﯼ
7231,ﯼ
7232,ﯼ
7233,ﯼ
7234,ﯼ
7235,ﯼ
7236,ﯼ
7237,ﯼ
7238,ﯼ
7239,ﯼ
7240,ﯼ
7241,ﯼ
7242,ﯼ
7243,ﯼ
7244,ﯼ
7245,ﯼ
7246,ﯼ
7247,ﯼ
7248,ﯼ
7249,ﯼ
7250,ﯼ
7251,ﯼ
7252,ﯼ
7253,ﯼ
7254,ﯼ
7255,ﯼ
7256,ﯼ
7257,ﯼ
7258,ﯼ
7259,ﯼ
7260,ﯼ
7261,ﯼ
7262,ﯼ
7263,ﯼ
7264,ﯼ
7265,ﯼ
7266,ﯼ
7267,ﯼ
7268,ﯼ
7269,ﯼ
7270,ﯼ
7271,ﯼ
7272,ﯼ
7273,ﯼ
7274,ﯼ
7275,ﯼ
7276,ﯼ
7277,ﯼ
7278,ﯼ
7279,ﯼ
7280,ﯾ
7281,ﯾ
7282,ﯾ
7283,ﯾ
7284,ﯾ
7285,ﯾ
7286,ﯾ
7287,ﯾ
7288,ﯾ
7289,ﯾ
7290,ﯾ
7291,ﯾ
7292,ﯾ
7293,ﯾ
7294,ﯾ
7295,ﯾ
7296,ﯾ
7297,ﯾ
7298,ﯾ
7299,ﯾ
7300,ﯾ
7301,ﯾ
7302,ﯾ
7303,ﯾ
7304,ﯾ
7305,ﯾ
7306,ﯾ
7307,ﯾ
7308,ﯾ
7309,ﯾ
7310,ﯾ
7311,ﯾ
7312,ﯾ
7313,ﯾ
7314,ﯾ
7315,ﯾ
7316,ﯾ
7317,ﯾ
7318,ﯾ
7319,ﯾ
7320,ﯾ
7321,ﯾ
7322,ﯾ
7323,ﯾ
7324,ﯾ
7325,ﯾ
7326,ﯾ
7327,ﯾ
7328,ﯾ
7329,ﯾ
7330,ﯾ
7331,ﯾ
7332,ﯾ
7333,ﯾ
7334,ﯾ
7335,ﯾ
7336,ﯾ
7337,ﯾ
7338,ﯾ
7339,ﯾ
7340,ﯾ
7341,ﯾ
7342,ﯾ
7343,ﯾ
7344,ﯾ
7345,ﯾ
7346,ﯾ
7347,ﯾ
7348,ﯾ
7349,ﯾ
7350,ﯾ
7351,ﯾ
7352,ﯾ
7353,ﯾ
7354,ﯾ
7355,ﯾ
7356,ﯾ
7357,ﯾ
7358,ﯾ
7359,ﯾ
7360,ﯾ
7361,ﯾ
7362,ﯾ
7363,ﯾ
7364,ﯾ
7365,ﯾ
7366,ﯾ
7367,ﯾ
7368,ﯾ
7369,ﯾ
7370,ﯾ
7371,ﯾ
7372,ﯾ
7373,ﯾ
7374,ﯾ
7375,ﯾ
7376,ﯾ
7377,ﯾ
7378,ﯾ
7379,ﯾ
7380,ﯾ
7381,ﯾ
7382,ﯾ
7383,ﯾ
7384,ﯾ
7385,ﯾ
7386,ﯾ
7387,ﯾ
7388,ﯾ
7389,ﯾ
7390,ﯾ
7391,ﯾ
7392,ﭗ
7393,ﭗ
7394,ﭗ
7395,ﭗ
7396,ﭗ
7397,ﭗ
7398,ﭗ
7399,ﭗ
7400,ﭗ
7401,ﭗ
7402,ﭗ
7403,ﭗ
7404,ﭗ
7405,ﭗ
7406,ﭗ
7407,ﭗ
7408,ﭗ
7409,ﭗ
7410,ﭗ
7411,ﭗ
7412,ﭗ
7413,ﭗ
7414,ﭗ
7415,ﭗ
7416,ﭗ
7417,ﭗ
7418,ﭗ
7419,ﭗ
7420,ﭗ
7421,ﭗ
7422,ﭗ
7423,ﭗ
7424,ﭗ
7425,ﭗ
7426,ﭗ
7427,ﭗ
7428,ﭗ
7429,ﭗ
7430,ﭗ
7431,ﭗ
7432,ﭗ
7433,ﭗ
7434,ﭗ
7435,ﭗ
7436,ﭗ
7437,ﭗ
7438,ﭗ
7439,ﭗ
7440,ﭗ
7441,ﭗ
7442,ﭗ
7443,ﭗ
7444,ﭗ
7445,ﭗ
7446,ﭗ
7447,ﭗ
7448,ﭗ
7449,ﭗ
7450,ﭗ
7451,ﭗ
7452,ﭗ
7453,ﭗ
7454,ﭗ
7455,ﭗ
7456,ﭗ
7457,ﭗ
7458,ﭗ
7459,ﭗ
7460,ﭗ
7461,ﭗ
7462,ﭗ
7463,ﭗ
7464,ﭗ
7465,ﭗ
7466,ﭗ
7467,ﭗ
7468,ﭗ
7469,ﭗ
7470,ﭗ
7471,ﭗ
7472,ﭗ
7473,ﭗ
7474,ﭗ
7475,ﭗ
7476,ﭗ
7477,ﭗ
7478,ﭗ
7479,ﭗ
7480,ﭗ
7481,ﭗ
7482,ﭗ
7483,ﭗ
7484,ﭗ
7485,ﭗ
7486,ﭗ
7487,ﭗ
7488,ﭗ
7489,ﭗ
7490,ﭗ
7491,ﭗ
7492,ﭗ
7493,ﭗ
7494,ﭗ
7495,ﭗ
7496,ﭗ
7497,ﭗ
7498,ﭗ
7499,ﭗ
7500,ﭗ
7501,ﭗ
7502,ﭗ
7503,ﭗ
7504,ﭘ
7505,ﭘ
7506,ﭘ
7507,ﭘ
7508,ﭘ
7509,ﭘ
7510,ﭘ
7511,ﭘ
7512,ﭘ
7513,ﭘ
7514,ﭘ
7515,ﭘ
7516,ﭘ
7517,ﭘ
7518,ﭘ
7519,ﭘ
7520,ﭘ
7521,ﭘ
7522,ﭘ
7523,ﭘ
7524,ﭘ
7525,ﭘ
7526,ﭘ
7527,ﭘ
7528,ﭘ
7529,ﭘ
7530,ﭘ
7531,ﭘ
7532,ﭘ
7533,ﭘ
7534,ﭘ
7535,ﭘ
7536,ﭘ
7537,ﭘ
7538,ﭘ
7539,ﭘ
7540,ﭘ
7541,ﭘ
7542,ﭘ
7543,ﭘ
7544,ﭘ
7545,ﭘ
7546,ﭘ
7547,ﭘ
7548,ﭘ
7549,ﭘ
7550,ﭘ
7551,ﭘ
7552,ﭘ
7553,ﭘ
7554,ﭘ
7555,ﭘ
7556,ﭘ
7557,ﭘ
7558,ﭘ
7559,ﭘ
7560,ﭘ
7561,ﭘ
7562,ﭘ
7563,ﭘ
7564,ﭘ
7565,ﭘ
7566,ﭘ
7567,ﭘ
7568,ﭘ
7569,ﭘ
7570,ﭘ
7571,ﭘ
7572,ﭘ
7573,ﭘ
7574,ﭘ
7575,ﭘ
7576,ﭘ
7577,ﭘ
7578,ﭘ
7579,ﭘ
7580,ﭘ
7581,ﭘ
7582,ﭘ
7583,ﭘ
7584,ﭘ
7585,ﭘ
7586,ﭘ
7587,ﭘ
7588,ﭘ
7589,ﭘ
7590,ﭘ
7591,ﭘ
7592,ﭘ
7593,ﭘ
7594,ﭘ
7595,ﭘ
7596,ﭘ
7597,ﭘ
7598,ﭘ
7599,ﭘ
7600,ﭘ
7601,ﭘ
7602,ﭘ
7603,ﭘ
7604,ﭘ
7605,ﭘ
7606,ﭘ
7607,ﭘ
7608,ﭘ
7609,ﭘ
7610,ﭘ
7611,ﭘ
7612,ﭘ
7613,ﭘ
7614,ﭘ
7615,ﭘ
7616,ﭻ
7617,ﭻ
7618,ﭻ
7619,ﭻ
7620,ﭻ
7621,ﭻ
7622,ﭻ
7623,ﭻ
7624,ﭻ
7625,ﭻ
7626,ﭻ
7627,ﭻ
7628,ﭻ
7629,ﭻ
7630,ﭻ
7631,ﭻ
7632,ﭻ
7633,ﭻ
7634,ﭻ
7635,ﭻ
7636,ﭻ
7637,ﭻ
7638,ﭻ
7639,ﭻ
7640,ﭻ
7641,ﭻ
7642,ﭻ
7643,ﭻ
7644,ﭻ
7645,ﭻ
7646,ﭻ
7647,ﭻ
7648,ﭻ
7649,ﭻ
7650,ﭻ
7651,ﭻ
7652,ﭻ
7653,ﭻ
7654,ﭻ
7655,ﭻ
7656,ﭻ
7657,ﭻ
7658,ﭻ
7659,ﭻ
7660,ﭻ
7661,ﭻ
7662,ﭻ
7663,ﭻ
7664,ﭻ
7665,ﭻ
7666,ﭻ
7667,ﭻ
7668,ﭻ
7669,ﭻ
7670,ﭻ
7671,ﭻ
7672,ﭻ
7673,ﭻ
7674,ﭻ
7675,ﭻ
7676,ﭻ
7677,ﭻ
7678,ﭻ
7679,ﭻ
7680,ﭻ
7681,ﭻ
7682,ﭻ
7683,ﭻ
7684,ﭻ
7685,ﭻ
7686,ﭻ
7687,ﭻ
7688,ﭻ
7689,ﭻ
7690,ﭻ
7691,ﭻ
7692,ﭻ
7693,ﭻ
7694,ﭻ
7695,ﭻ
7696,ﭻ
7697,ﭻ
7698,ﭻ
7699,ﭻ
7700,ﭻ
7701,ﭻ
7702,ﭻ
7703,ﭻ
7704,ﭻ
7705,ﭻ
7706,ﭻ
7707,ﭻ
7708,ﭻ
7709,ﭻ
7710,ﭻ
7711,ﭻ
7712,ﭻ
7713,ﭻ
7714,ﭻ
7715,ﭻ
7716,ﭻ
7717,ﭻ
7718,ﭻ
7719,ﭻ
7720,ﭻ
7721,ﭻ
7722,ﭻ
7723,ﭻ
7724,ﭻ
7725,ﭻ
7726,ﭻ
7727,ﭻ
7728,ﭼ
7729,ﭼ
7730,ﭼ
7731,ﭼ
7732,ﭼ
7733,ﭼ
7734,ﭼ
7735,ﭼ
7736,ﭼ
7737,ﭼ
7738,ﭼ
7739,ﭼ
7740,ﭼ
7741,ﭼ
7742,ﭼ
7743,ﭼ
7744,ﭼ
7745,ﭼ
7746,ﭼ
7747,ﭼ
7748,ﭼ
7749,ﭼ
7750,ﭼ
7751,ﭼ
7752,ﭼ
7753,ﭼ
7754,ﭼ
7755,ﭼ
7756,ﭼ
7757,ﭼ
7758,ﭼ
7759,ﭼ
7760,ﭼ
7761,ﭼ
7762,ﭼ
7763,ﭼ
7764,ﭼ
7765,ﭼ
7766,ﭼ
7767,ﭼ
7768,ﭼ
7769,ﭼ
7770,ﭼ
7771,ﭼ
7772,ﭼ
7773,ﭼ
7774,ﭼ
7775,ﭼ
7776,ﭼ
7777,ﭼ
7778,ﭼ
7779,ﭼ
7780,ﭼ
7781,ﭼ
7782,ﭼ
7783,ﭼ
7784,ﭼ
7785,ﭼ
7786,ﭼ
7787,ﭼ
7788,ﭼ
7789,ﭼ
7790,ﭼ
7791,ﭼ
7792,ﭼ
7793,ﭼ
7794,ﭼ
7795,ﭼ
7796,ﭼ
7797,ﭼ
7798,ﭼ
7799,ﭼ
7800,ﭼ
7801,ﭼ
7802,ﭼ
7803,ﭼ
7804,ﭼ
7805,ﭼ
7806,ﭼ
7807,ﭼ
7808,ﭼ
7809,ﭼ
7810,ﭼ
7811,ﭼ
7812,ﭼ
7813,ﭼ
7814,ﭼ
7815,ﭼ
7816,ﭼ
7817,ﭼ
7818,ﭼ
7819,ﭼ
7820,ﭼ
7821,ﭼ
7822,ﭼ
7823,ﭼ
7824,ﭼ
7825,ﭼ
7826,ﭼ
7827,ﭼ
7828,ﭼ
7829,ﭼ
7830,ﭼ
7831,ﭼ
7832,ﭼ
7833,ﭼ
7834,ﭼ
7835,ﭼ
7836,ﭼ
7837,ﭼ
7838,ﭼ
7839,ﭼ
7840,ﮋ
7841,ﮋ
7842,ﮋ
7843,ﮋ
7844,ﮋ
7845,ﮋ
7846,ﮋ
7847,ﮋ
7848,ﮋ
7849,ﮋ
7850,ﮋ
7851,ﮋ
7852,ﮋ
7853,ﮋ
7854,ﮋ
7855,ﮋ
7856,ﮋ
7857,ﮋ
7858,ﮋ
7859,ﮋ
7860,ﮋ
7861,ﮋ
7862,ﮋ
7863,ﮋ
7864,ﮋ
7865,ﮋ
7866,ﮋ
7867,ﮋ
7868,ﮋ
7869,ﮋ
7870,ﮋ
7871,ﮋ
7872,ﮋ
7873,ﮋ
7874,ﮋ
7875,ﮋ
7876,ﮋ
7877,ﮋ
7878,ﮋ
7879,ﮋ
7880,ﮋ
7881,ﮋ
7882,ﮋ
7883,ﮋ
7884,ﮋ
7885,ﮋ
7886,ﮋ
7887,ﮋ
7888,ﮋ
7889,ﮋ
7890,ﮋ
7891,ﮋ
7892,ﮋ
7893,ﮋ
7894,ﮋ
7895,ﮋ
7896,ﮋ
7897,ﮋ
7898,ﮋ
7899,ﮋ
7900,ﮋ
7901,ﮋ
7902,ﮋ
7903,ﮋ
7904,ﮋ
7905,ﮋ
7906,ﮋ
7907,ﮋ
7908,ﮋ
7909,ﮋ
7910,ﮋ
7911,ﮋ
7912,ﮋ
7913,ﮋ
7914,ﮋ
7915,ﮋ
7916,ﮋ
7917,ﮋ
7918,ﮋ
7919,ﮋ
7920,ﮋ
7921,ﮋ
7922,ﮋ
7923,ﮋ
7924,ﮋ
7925,ﮋ
7926,ﮋ
7927,ﮋ
7928,ﮋ
7929,ﮋ
7930,ﮋ
7931,ﮋ
7932,ﮋ
7933,ﮋ
7934,ﮋ
7935,ﮋ
7936,ﮋ
7937,ﮋ
7938,ﮋ
7939,ﮋ
7940,ﮋ
7941,ﮋ
7942,ﮋ
7943,ﮋ
7944,ﮋ
7945,ﮋ
7946,ﮋ
7947,ﮋ
7948,ﮋ
7949,ﮋ
7950,ﮋ
7951,ﮋ
7952,ﮓ
7953,ﮓ
7954,ﮓ
7955,ﮓ
7956,ﮓ
7957,ﮓ
7958,ﮓ
7959,ﮓ
7960,ﮓ
7961,ﮓ
7962,ﮓ
7963,ﮓ
7964,ﮓ
7965,ﮓ
7966,ﮓ
7967,ﮓ
7968,ﮓ
7969,ﮓ
7970,ﮓ
7971,ﮓ
7972,ﮓ
7973,ﮓ
7974,ﮓ
7975,ﮓ
7976,ﮓ
7977,ﮓ
7978,ﮓ
7979,ﮓ
7980,ﮓ
7981,ﮓ
7982,ﮓ
7983,ﮓ
7984,ﮓ
7985,ﮓ
7986,ﮓ
7987,ﮓ
7988,ﮓ
7989,ﮓ
7990,ﮓ
7991,ﮓ
7992,ﮓ
7993,ﮓ
7994,ﮓ
7995,ﮓ
7996,ﮓ
7997,ﮓ
7998,ﮓ
7999,ﮓ
8000,ﮓ
8001,ﮓ
8002,ﮓ
8003,ﮓ
8004,ﮓ
8005,ﮓ
8006,ﮓ
8007,ﮓ
8008,ﮓ
8009,ﮓ
8010,ﮓ
8011,ﮓ
8012,ﮓ
8013,ﮓ
8014,ﮓ
8015,ﮓ
8016,ﮓ
8017,ﮓ
8018,ﮓ
8019,ﮓ
8020,ﮓ
8021,ﮓ
8022,ﮓ
8023,ﮓ
8024,ﮓ
8025,ﮓ
8026,ﮓ
8027,ﮓ
8028,ﮓ
8029,ﮓ
8030,ﮓ
8031,ﮓ
8032,ﮓ
8033,ﮓ
8034,ﮓ
8035,ﮓ
8036,ﮓ
8037,ﮓ
8038,ﮓ
8039,ﮓ
8040,ﮓ
8041,ﮓ
8042,ﮓ
8043,ﮓ
8044,ﮓ
8045,ﮓ
8046,ﮓ
8047,ﮓ
8048,ﮓ
8049,ﮓ
8050,ﮓ
8051,ﮓ
8052,ﮓ
8053,ﮓ
8054,ﮓ
8055,ﮓ
8056,ﮓ
8057,ﮓ
8058,ﮓ
8059,ﮓ
8060,ﮓ
8061,ﮓ
8062,ﮓ
8063,ﮓ
8064,ﮔ
8065,ﮔ
8066,ﮔ
8067,ﮔ
8068,ﮔ
8069,ﮔ
8070,ﮔ
8071,ﮔ
8072,ﮔ
8073,ﮔ
8074,ﮔ
8075,ﮔ
8076,ﮔ
8077,ﮔ
8078,ﮔ
8079,ﮔ
8080,ﮔ
8081,ﮔ
8082,ﮔ
8083,ﮔ
8084,ﮔ
8085,ﮔ
8086,ﮔ
8087,ﮔ
8088,ﮔ
8089,ﮔ
8090,ﮔ
8091,ﮔ
8092,ﮔ
8093,ﮔ
8094,ﮔ
8095,ﮔ
8096,ﮔ
8097,ﮔ
8098,ﮔ
8099,ﮔ
8100,ﮔ
8101,ﮔ
8102,ﮔ
8103,ﮔ
8104,ﮔ
8105,ﮔ
8106,ﮔ
8107,ﮔ
8108,ﮔ
8109,ﮔ
8110,ﮔ
8111,ﮔ
8112,ﮔ
8113,ﮔ
8114,ﮔ
8115,ﮔ
8116,ﮔ
8117,ﮔ
8118,ﮔ
8119,ﮔ
8120,ﮔ
8121,ﮔ
8122,ﮔ
8123,ﮔ
8124,ﮔ
8125,ﮔ
8126,ﮔ
8127,ﮔ
8128,ﮔ
8129,ﮔ
8130,ﮔ
8131,ﮔ
8132,ﮔ
8133,ﮔ
8134,ﮔ
8135,ﮔ
8136,ﮔ
8137,ﮔ
8138,ﮔ
8139,ﮔ
8140,ﮔ
8141,ﮔ
8142,ﮔ
8143,ﮔ
8144,ﮔ
8145,ﮔ
8146,ﮔ
8147,ﮔ
8148,ﮔ
8149,ﮔ
8150,ﮔ
8151,ﮔ
8152,ﮔ
8153,ﮔ
8154,ﮔ
8155,ﮔ
8156,ﮔ
8157,ﮔ
8158,ﮔ
8159,ﮔ
8160,ﮔ
8161,ﮔ
8162,ﮔ
8163,ﮔ
8164,ﮔ
8165,ﮔ
8166,ﮔ
8167,ﮔ
8168,ﮔ
8169,ﮔ
8170,ﮔ
8171,ﮔ
8172,ﮔ
8173,ﮔ
8174,ﮔ
8175,ﮔ
8176,ﺋ
8177,ﺋ
8178,ﺋ
8179,ﺋ
8180,ﺋ
8181,ﺋ
8182,ﺋ
8183,ﺋ
8184,ﺋ
8185,ﺋ
8186,ﺋ
8187,ﺋ
8188,ﺋ
8189,ﺋ
8190,ﺋ
8191,ﺋ
8192,ﺋ
8193,ﺋ
8194,ﺋ
8195,ﺋ
8196,ﺋ
8197,ﺋ
8198,ﺋ
8199,ﺋ
8200,ﺋ
8201,ﺋ
8202,ﺋ
8203,ﺋ
8204,ﺋ
8205,ﺋ
8206,ﺋ
8207,ﺋ
8208,ﺋ
8209,ﺋ
8210,ﺋ
8211,ﺋ
8212,ﺋ
8213,ﺋ
8214,ﺋ
8215,ﺋ
8216,ﺋ
8217,ﺋ
8218,ﺋ
8219,ﺋ
8220,ﺋ
8221,ﺋ
8222,ﺋ
8223,ﺋ
8224,ﺋ
8225,ﺋ
8226,ﺋ
8227,ﺋ
8228,ﺋ
8229,ﺋ
8230,ﺋ
8231,ﺋ
8232,ﺋ
8233,ﺋ
8234,ﺋ
8235,ﺋ
8236,ﺋ
8237,ﺋ
8238,ﺋ
8239,ﺋ
8240,ﺋ
8241,ﺋ
8242,ﺋ
8243,ﺋ
8244,ﺋ
8245,ﺋ
8246,ﺋ
8247,ﺋ
8248,ﺋ
8249,ﺋ
8250,ﺋ
8251,ﺋ
8252,ﺋ
8253,ﺋ
8254,ﺋ
8255,ﺋ
8256,ﺋ
8257,ﺋ
8258,ﺋ
8259,ﺋ
8260,ﺋ
8261,ﺋ
8262,ﺋ
8263,ﺋ
8264,ﺋ
8265,ﺋ
8266,ﺋ
8267,ﺋ
8268,ﺋ
8269,ﺋ
8270,ﺋ
8271,ﺋ
8272,ﺋ
8273,ﺋ
8274,ﺋ
8275,ﺋ
8276,ﺋ
8277,ﺋ
8278,ﺋ
8279,ﺋ
8280,ﺋ
8281,ﺋ
8282,ﺋ
8283,ﺋ
8284,ﺋ
8285,ﺋ
8286,ﺋ
8287,ﺋ
8288,ﺁ
8289,ﺁ
8290,ﺁ
8291,ﺁ
8292,ﺁ
8293,ﺁ
8294,ﺁ
8295,ﺁ
8296,ﺁ
8297,ﺁ
8298,ﺁ
8299,ﺁ
8300,ﺁ
8301,ﺁ
8302,ﺁ
8303,ﺁ
8304,ﺁ
8305,ﺁ
8306,ﺁ
8307,ﺁ
8308,ﺁ
8309,ﺁ
8310,ﺁ
8311,ﺁ
8312,ﺁ
8313,ﺁ
8314,ﺁ
8315,ﺁ
8316,ﺁ
8317,ﺁ
8318,ﺁ
8319,ﺁ
8320,ﺁ
8321,ﺁ
8322,ﺁ
8323,ﺁ
8324,ﺁ
8325,ﺁ
8326,ﺁ
8327,ﺁ
8328,ﺁ
8329,ﺁ
8330,ﺁ
8331,ﺁ
8332,ﺁ
8333,ﺁ
8334,ﺁ
8335,ﺁ
8336,ﺁ
8337,ﺁ
8338,ﺁ
8339,ﺁ
8340,ﺁ
8341,ﺁ
8342,ﺁ
8343,ﺁ
8344,ﺁ
8345,ﺁ
8346,ﺁ
8347,ﺁ
8348,ﺁ
8349,ﺁ
8350,ﺁ
8351,ﺁ
8352,ﺁ
8353,ﺁ
8354,ﺁ
8355,ﺁ
8356,ﺁ
8357,ﺁ
8358,ﺁ
8359,ﺁ
8360,ﺁ
8361,ﺁ
8362,ﺁ
8363,ﺁ
8364,ﺁ
8365,ﺁ
8366,ﺁ
8367,ﺁ
8368,ﺁ
8369,ﺁ
8370,ﺁ
8371,ﺁ
8372,ﺁ
8373,ﺁ
8374,ﺁ
8375,ﺁ
8376,ﺁ
8377,ﺁ
8378,ﺁ
8379,ﺁ
8380,ﺁ
8381,ﺁ
8382,ﺁ
8383,ﺁ
8384,ﺁ
8385,ﺁ
8386,ﺁ
8387,ﺁ
8388,ﺁ
8389,ﺁ
8390,ﺁ
8391,ﺁ
8392,ﺁ
8393,ﺁ
8394,ﺁ
8395,ﺁ
8396,ﺁ
8397,ﺁ
8398,ﺁ
8399,ﺁ
8400,،
8401,،
8402,،
8403,،
8404,،
8405,،
8406,،
8407,،
8408,،
8409,،
8410,،
8411,،
8412,،
8413,،
8414,،
8415,،
8416,،
8417,،
8418,،
8419,،
8420,،
8421,،
8422,،
8423,،
8424,،
8425,،
8426,،
8427,،
8428,،
8429,،
8430,،
8431,،
8432,،
8433,،
8434,،
8435,،
8436,،
8437,،
8438,،
8439,،
8440,،
8441,،
8442,،
8443,،
8444,،
8445,،
8446,،
8447,،
8448,،
8449,،
8450,،
8451,،
8452,،
8453,،
8454,،
8455,،
8456,،
8457,،
8458,،
8459,،
8460,،
8461,،
8462,،
8463,،
8464,،
8465,،
8466,،
8467,،
8468,،
8469,،
8470,،
8471,،
8472,،
8473,،
8474,،
8475,،
8476,،
8477,،
8478,،
8479,،
8480,،
8481,،
8482,،
8483,،
8484,،
8485,،
8486,،
8487,،
8488,،
8489,،
8490,،
8491,،
8492,،
8493,،
8494,،
8495,،
8496,،
8497,،
8498,،
8499,،
8500,،
8501,،
8502,،
8503,،
8504,،
8505,،
8506,،
8507,،
8508,،
8509,،
8510,،
8511,،
8512,؛
8513,؛
8514,؛
8515,؛
8516,؛
8517,؛
8518,؛
8519,؛
8520,؛
8521,؛
8522,؛
8523,؛
8524,؛
8525,؛
8526,؛
8527,؛
8528,؛
8529,؛
8530,؛
8531,؛
8532,؛
8533,؛
8534,؛
8535,؛
8536,؛
8537,؛
8538,؛
8539,؛
8540,؛
8541,؛
8542,؛
8543,؛
8544,؛
8545,؛
8546,؛
8547,؛
8548,؛
8549,؛
8550,؛
8551,؛
8552,؛
8553,؛
8554,؛
8555,؛
8556,؛
8557,؛
8558,؛
8559,؛
8560,؛
8561,؛
8562,؛
8563,؛
8564,؛
8565,؛
8566,؛
8567,؛
8568,؛
8569,؛
8570,؛
8571,؛
8572,؛
8573,؛
8574,؛
8575,؛
8576,؛
8577,؛
8578,؛
8579,؛
8580,؛
8581,؛
8582,؛
8583,؛
8584,؛
8585,؛
8586,؛
8587,؛
8588,؛
8589,؛
8590,؛
8591,؛
8592,؛
8593,؛
8594,؛
8595,؛
8596,؛
8597,؛
8598,؛
8599,؛
8600,؛
8601,؛
8602,؛
8603,؛
8604,؛
8605,؛
8606,؛
8607,؛
8608,؛
8609,؛
8610,؛
8611,؛
8612,؛
8613,؛
8614,؛
8615,؛
8616,؛
8617,؛
8618,؛
8619,؛
8620,؛
8621,؛
8622,؛
8623,؛
8624,0
8625,0
8626,0
8627,0
8628,0
8629,0
8630,0
8631,0
8632,0
8633,0
8634,0
8635,0
8636,0
8637,0
8638,0
8639,0
8640,0
8641,0
8642,0
8643,0
8644,0
8645,0
8646,0
8647,0
8648,0
8649,0
8650,0
8651,0
8652,0
8653,0
8654,0
8655,0
8656,0
8657,0
8658,0
8659,0
8660,0
8661,0
8662,0
8663,0
8664,0
8665,0
8666,0
8667,0
8668,0
8669,0
8670,0
8671,0
8672,0
8673,0
8674,0
8675,0
8676,0
8677,0
8678,0
8679,0
8680,0
8681,0
8682,0
8683,0
8684,0
8685,0
8686,0
8687,0
8688,0
8689,0
8690,0
8691,0
8692,0
8693,0
8694,0
8695,0
8696,0
8697,0
8698,0
8699,0
8700,0
8701,0
8702,0
8703,0
8704,0
8705,0
8706,0
8707,0
8708,0
8709,0
8710,0
8711,0
8712,0
8713,0
8714,0
8715,0
8716,0
8717,0
8718,0
8719,0
8720,0
8721,0
8722,0
8723,0
8724,0
8725,0
8726,0
8727,0
8728,0
8729,0
8730,0
8731,0
8732,0
8733,0
8734,0
8735,0
8736,1
8737,1
8738,1
8739,1
8740,1
8741,1
8742,1
8743,1
8744,1
8745,1
8746,1
8747,1
8748,1
8749,1
8750,1
8751,1
8752,1
8753,1
8754,1
8755,1
8756,1
8757,1
8758,1
8759,1
8760,1
8761,1
8762,1
8763,1
8764,1
8765,1
8766,1
8767,1
8768,1
8769,1
8770,1
8771,1
8772,1
8773,1
8774,1
8775,1
8776,1
8777,1
8778,1
8779,1
8780,1
8781,1
8782,1
8783,1
8784,1
8785,1
8786,1
8787,1
8788,1
8789,1
8790,1
8791,1
8792,1
8793,1
8794,1
8795,1
8796,1
8797,1
8798,1
8799,1
8800,1
8801,1
8802,1
8803,1
8804,1
8805,1
8806,1
8807,1
8808,1
8809,1
8810,1
8811,1
8812,1
8813,1
8814,1
8815,1
8816,1
8817,1
8818,1
8819,1
8820,1
8821,1
8822,1
8823,1
8824,1
8825,1
8826,1
8827,1
8828,1
8829,1
8830,1
8831,1
8832,1
8833,1
8834,1
8835,1
8836,1
8837,1
8838,1
8839,1
8840,1
8841,1
8842,1
8843,1
8844,1
8845,1
8846,1
8847,1
8848,2
8849,2
8850,2
8851,2
8852,2
8853,2
8854,2
8855,2
8856,2
8857,2
8858,2
8859,2
8860,2
8861,2
8862,2
8863,2
8864,2
8865,2
8866,2
8867,2
8868,2
8869,2
8870,2
8871,2
8872,2
8873,2
8874,2
8875,2
8876,2
8877,2
8878,2
8879,2
8880,2
8881,2
8882,2
8883,2
8884,2
8885,2
8886,2
8887,2
8888,2
8889,2
8890,2
8891,2
8892,2
8893,2
8894,2
8895,2
8896,2
8897,2
8898,2
8899,2
8900,2
8901,2
8902,2
8903,2
8904,2
8905,2
8906,2
8907,2
8908,2
8909,2
8910,2
8911,2
8912,2
8913,2
8914,2
8915,2
8916,2
8917,2
8918,2
8919,2
8920,2
8921,2
8922,2
8923,2
8924,2
8925,2
8926,2
8927,2
8928,2
8929,2
8930,2
8931,2
8932,2
8933,2
8934,2
8935,2
8936,2
8937,2
8938,2
8939,2
8940,2
8941,2
8942,2
8943,2
8944,2
8945,2
8946,2
8947,2
8948,2
8949,2
8950,2
8951,2
8952,2
8953,2
8954,2
8955,2
8956,2
8957,2
8958,2
8959,2
8960,3
8961,3
8962,3
8963,3
8964,3
8965,3
8966,3
8967,3
8968,3
8969,3
8970,3
8971,3
8972,3
8973,3
8974,3
8975,3
8976,3
8977,3
8978,3
8979,3
8980,3
8981,3
8982,3
8983,3
8984,3
8985,3
8986,3
8987,3
8988,3
8989,3
8990,3
8991,3
8992,3
8993,3
8994,3
8995,3
8996,3
8997,3
8998,3
8999,3
9000,3
9001,3
9002,3
9003,3
9004,3
9005,3
9006,3
9007,3
9008,3
9009,3
9010,3
9011,3
9012,3
9013,3
9014,3
9015,3
9016,3
9017,3
9018,3
9019,3
9020,3
9021,3
9022,3
9023,3
9024,3
9025,3
9026,3
9027,3
9028,3
9029,3
9030,3
9031,3
9032,3
9033,3
9034,3
9035,3
9036,3
9037,3
9038,3
9039,3
9040,3
9041,3
9042,3
9043,3
9044,3
9045,3
9046,3
9047,3
9048,3
9049,3
9050,3
9051,3
9052,3
9053,3
9054,3
9055,3
9056,3
9057,3
9058,3
9059,3
9060,3
9061,3
9062,3
9063,3
9064,3
9065,3
9066,3
9067,3
9068,3
9069,3
9070,3
9071,3
9072,4
9073,4
9074,4
9075,4
9076,4
9077,4
9078,4
9079,4
9080,4
9081,4
9082,4
9083,4
9084,4
9085,4
9086,4
9087,4
9088,4
9089,4
9090,4
9091,4
9092,4
9093,4
9094,4
9095,4
9096,4
9097,4
9098,4
9099,4
9100,4
9101,4
9102,4
9103,4
9104,4
9105,4
9106,4
9107,4
9108,4
9109,4
9110,4
9111,4
9112,4
9113,4
9114,4
9115,4
9116,4
9117,4
9118,4
9119,4
9120,4
9121,4
9122,4
9123,4
9124,4
9125,4
9126,4
9127,4
9128,4
9129,4
9130,4
9131,4
9132,4
9133,4
9134,4
9135,4
9136,4
9137,4
9138,4
9139,4
9140,4
9141,4
9142,4
9143,4
9144,4
9145,4
9146,4
9147,4
9148,4
9149,4
9150,4
9151,4
9152,4
9153,4
9154,4
9155,4
9156,4
9157,4
9158,4
9159,4
9160,4
9161,4
9162,4
9163,4
9164,4
9165,4
9166,4
9167,4
9168,4
9169,4
9170,4
9171,4
9172,4
9173,4
9174,4
9175,4
9176,4
9177,4
9178,4
9179,4
9180,4
9181,4
9182,4
9183,4
9184,5
9185,5
9186,5
9187,5
9188,5
9189,5
9190,5
9191,5
9192,5
9193,5
9194,5
9195,5
9196,5
9197,5
9198,5
9199,5
9200,5
9201,5
9202,5
9203,5
9204,5
9205,5
9206,5
9207,5
9208,5
9209,5
9210,5
9211,5
9212,5
9213,5
9214,5
9215,5
9216,5
9217,5
9218,5
9219,5
9220,5
9221,5
9222,5
9223,5
9224,5
9225,5
9226,5
9227,5
9228,5
9229,5
9230,5
9231,5
9232,5
9233,5
9234,5
9235,5
9236,5
9237,5
9238,5
9239,5
9240,5
9241,5
9242,5
9243,5
9244,5
9245,5
9246,5
9247,5
9248,5
9249,5
9250,5
9251,5
9252,5
9253,5
9254,5
9255,5
9256,5
9257,5
9258,5
9259,5
9260,5
9261,5
9262,5
9263,5
9264,5
9265,5
9266,5
9267,5
9268,5
9269,5
9270,5
9271,5
9272,5
9273,5
9274,5
9275,5
9276,5
9277,5
9278,5
9279,5
9280,5
9281,5
9282,5
9283,5
9284,5
9285,5
9286,5
9287,5
9288,5
9289,5
9290,5
9291,5
9292,5
9293,5
9294,5
9295,5
9296,6
9297,6
9298,6
9299,6
9300,6
9301,6
9302,6
9303,6
9304,6
9305,6
9306,6
9307,6
9308,6
9309,6
9310,6
9311,6
9312,6
9313,6
9314,6
9315,6
9316,6
9317,6
9318,6
9319,6
9320,6
9321,6
9322,6
9323,6
9324,6
9325,6
9326,6
9327,6
9328,6
9329,6
9330,6
9331,6
9332,6
9333,6
9334,6
9335,6
9336,6
9337,6
9338,6
9339,6
9340,6
9341,6
9342,6
9343,6
9344,6
9345,6
9346,6
9347,6
9348,6
9349,6
9350,6
9351,6
9352,6
9353,6
9354,6
9355,6
9356,6
9357,6
9358,6
9359,6
9360,6
9361,6
9362,6
9363,6
9364,6
9365,6
9366,6
9367,6
9368,6
9369,6
9370,6
9371,6
9372,6
9373,6
9374,6
9375,6
9376,6
9377,6
9378,6
9379,6
9380,6
9381,6
9382,6
9383,6
9384,6
9385,6
9386,6
9387,6
9388,6
9389,6
9390,6
9391,6
9392,6
9393,6
9394,6
9395,6
9396,6
9397,6
9398,6
9399,6
9400,6
9401,6
9402,6
9403,6
9404,6
9405,6
9406,6
9407,6
9408,7
9409,7
9410,7
9411,7
9412,7
9413,7
9414,7
9415,7
9416,7
9417,7
9418,7
9419,7
9420,7
9421,7
9422,7
9423,7
9424,7
9425,7
9426,7
9427,7
9428,7
9429,7
9430,7
9431,7
9432,7
9433,7
9434,7
9435,7
9436,7
9437,7
9438,7
9439,7
9440,7
9441,7
9442,7
9443,7
9444,7
9445,7
9446,7
9447,7
9448,7
9449,7
9450,7
9451,7
9452,7
9453,7
9454,7
9455,7
9456,7
9457,7
9458,7
9459,7
9460,7
9461,7
9462,7
9463,7
9464,7
9465,7
9466,7
9467,7
9468,7
9469,7
9470,7
9471,7
9472,7
9473,7
9474,7
9475,7
9476,7
9477,7
9478,7
9479,7
9480,7
9481,7
9482,7
9483,7
9484,7
9485,7
9486,7
9487,7
9488,7
9489,7
9490,7
9491,7
9492,7
9493,7
9494,7
9495,7
9496,7
9497,7
9498,7
9499,7
9500,7
9501,7
9502,7
9503,7
9504,7
9505,7
9506,7
9507,7
9508,7
9509,7
9510,7
9511,7
9512,7
9513,7
9514,7
9515,7
9516,7
9517,7
9518,7
9519,7
9520,8
9521,8
9522,8
9523,8
9524,8
9525,8
9526,8
9527,8
9528,8
9529,8
9530,8
9531,8
9532,8
9533,8
9534,8
9535,8
9536,8
9537,8
9538,8
9539,8
9540,8
9541,8
9542,8
9543,8
9544,8
9545,8
9546,8
9547,8
9548,8
9549,8
9550,8
9551,8
9552,8
9553,8
9554,8
9555,8
9556,8
9557,8
9558,8
9559,8
9560,8
9561,8
9562,8
9563,8
9564,8
9565,8
9566,8
9567,8
9568,8
9569,8
9570,8
9571,8
9572,8
9573,8
9574,8
9575,8
9576,8
9577,8
9578,8
9579,8
9580,8
9581,8
9582,8
9583,8
9584,8
9585,8
9586,8
9587,8
9588,8
9589,8
9590,8
9591,8
9592,8
9593,8
9594,8
9595,8
9596,8
9597,8
9598,8
9599,8
9600,8
9601,8
9602,8
9603,8
9604,8
9605,8
9606,8
9607,8
9608,8
9609,8
9610,8
9611,8
9612,8
9613,8
9614,8
9615,8
9616,8
9617,8
9618,8
9619,8
9620,8
9621,8
9622,8
9623,8
9624,8
9625,8
9626,8
9627,8
9628,8
9629,8
9630,8
9631,8
9632,9
9633,9
9634,9
9635,9
9636,9
9637,9
9638,9
9639,9
9640,9
9641,9
9642,9
9643,9
9644,9
9645,9
9646,9
9647,9
9648,9
9649,9
9650,9
9651,9
9652,9
9653,9
9654,9
9655,9
9656,9
9657,9
9658,9
9659,9
9660,9
9661,9
9662,9
9663,9
9664,9
9665,9
9666,9
9667,9
9668,9
9669,9
9670,9
9671,9
9672,9
9673,9
9674,9
9675,9
9676,9
9677,9
9678,9
9679,9
9680,9
9681,9
9682,9
9683,9
9684,9
9685,9
9686,9
9687,9
9688,9
9689,9
9690,9
9691,9
9692,9
9693,9
9694,9
9695,9
9696,9
9697,9
9698,9
9699,9
9700,9
9701,9
9702,9
9703,9
9704,9
9705,9
9706,9
9707,9
9708,9
9709,9
9710,9
9711,9
9712,9
9713,9
9714,9
9715,9
9716,9
9717,9
9718,9
9719,9
9720,9
9721,9
9722,9
9723,9
9724,9
9725,9
9726,9
9727,9
9728,9
9729,9
9730,9
9731,9
9732,9
9733,9
9734,9
9735,9
9736,9
9737,9
9738,9
9739,9
9740,9
9741,9
9742,9
9743,9
9744,ﺎ
9745,ﺎ
9746,ﺎ
9747,ﺎ
9748,ﺎ
9749,ﺎ
9750,ﺎ
9751,ﺎ
9752,ﺎ
9753,ﺎ
9754,ﺎ
9755,ﺎ
9756,ﺎ
9757,ﺎ
9758,ﺎ
9759,ﺎ
9760,ﺎ
9761,ﺎ
9762,ﺎ
9763,ﺎ
9764,ﺎ
9765,ﺎ
9766,ﺎ
9767,ﺎ
9768,ﺎ
9769,ﺎ
9770,ﺎ
9771,ﺎ
9772,ﺎ
9773,ﺎ
9774,ﺎ
9775,ﺎ
9776,ﺎ
9777,ﺎ
9778,ﺎ
9779,ﺎ
9780,ﺎ
9781,ﺎ
9782,ﺎ
9783,ﺎ
9784,ﺎ
9785,ﺎ
9786,ﺎ
9787,ﺎ
9788,ﺎ
9789,ﺎ
9790,ﺎ
9791,ﺎ
9792,ﺎ
9793,ﺎ
9794,ﺎ
9795,ﺎ
9796,ﺎ
9797,ﺎ
9798,ﺎ
9799,ﺎ
9800,ﺎ
9801,ﺎ
9802,ﺎ
9803,ﺎ
9804,ﺎ
9805,ﺎ
9806,ﺎ
9807,ﺎ
9808,ﺎ
9809,ﺎ
9810,ﺎ
9811,ﺎ
9812,ﺎ
9813,ﺎ
9814,ﺎ
9815,ﺎ
9816,ﺎ
9817,ﺎ
9818,ﺎ
9819,ﺎ
9820,ﺎ
9821,ﺎ
9822,ﺎ
9823,ﺎ
9824,ﺎ
9825,ﺎ
9826,ﺎ
9827,ﺎ
9828,ﺎ
9829,ﺎ
9830,ﺎ
9831,ﺎ
9832,ﺎ
9833,ﺎ
9834,ﺎ
9835,ﺎ
9836,ﺎ
9837,ﺎ
9838,ﺎ
9839,ﺎ
9840,ﺎ
9841,ﺎ
9842,ﺎ
9843,ﺎ
9844,ﺎ
9845,ﺎ
9846,ﺎ
9847,ﺎ
9848,ﺎ
9849,ﺎ
9850,ﺎ
9851,ﺎ
9852,ﺎ
9853,ﺎ
9854,ﺎ
9855,ﺎ
9856,ﺐ
9857,ﺐ
9858,ﺐ
9859,ﺐ
9860,ﺐ
9861,ﺐ
9862,ﺐ
9863,ﺐ
9864,ﺐ
9865,ﺐ
9866,ﺐ
9867,ﺐ
9868,ﺐ
9869,ﺐ
9870,ﺐ
9871,ﺐ
9872,ﺐ
9873,ﺐ
9874,ﺐ
9875,ﺐ
9876,ﺐ
9877,ﺐ
9878,ﺐ
9879,ﺐ
9880,ﺐ
9881,ﺐ
9882,ﺐ
9883,ﺐ
9884,ﺐ
9885,ﺐ
9886,ﺐ
9887,ﺐ
9888,ﺐ
9889,ﺐ
9890,ﺐ
9891,ﺐ
9892,ﺐ
9893,ﺐ
9894,ﺐ
9895,ﺐ
9896,ﺐ
9897,ﺐ
9898,ﺐ
9899,ﺐ
9900,ﺐ
9901,ﺐ
9902,ﺐ
9903,ﺐ
9904,ﺐ
9905,ﺐ
9906,ﺐ
9907,ﺐ
9908,ﺐ
9909,ﺐ
9910,ﺐ
9911,ﺐ
9912,ﺐ
9913,ﺐ
9914,ﺐ
9915,ﺐ
9916,ﺐ
9917,ﺐ
9918,ﺐ
9919,ﺐ
9920,ﺐ
9921,ﺐ
9922,ﺐ
9923,ﺐ
9924,ﺐ
9925,ﺐ
9926,ﺐ
9927,ﺐ
9928,ﺐ
9929,ﺐ
9930,ﺐ
9931,ﺐ
9932,ﺐ
9933,ﺐ
9934,ﺐ
9935,ﺐ
9936,ﺐ
9937,ﺐ
9938,ﺐ
9939,ﺐ
9940,ﺐ
9941,ﺐ
9942,ﺐ
9943,ﺐ
9944,ﺐ
9945,ﺐ
9946,ﺐ
9947,ﺐ
9948,ﺐ
9949,ﺐ
9950,ﺐ
9951,ﺐ
9952,ﺐ
9953,ﺐ
9954,ﺐ
9955,ﺐ
9956,ﺐ
9957,ﺐ
9958,ﺐ
9959,ﺐ
9960,ﺐ
9961,ﺐ
9962,ﺐ
9963,ﺐ
9964,ﺐ
9965,ﺐ
9966,ﺐ
9967,ﺐ
9968,ﺑ
9969,ﺑ
9970,ﺑ
9971,ﺑ
9972,ﺑ
9973,ﺑ
9974,ﺑ
9975,ﺑ
9976,ﺑ
9977,ﺑ
9978,ﺑ
9979,ﺑ
9980,ﺑ
9981,ﺑ
9982,ﺑ
9983,ﺑ
9984,ﺑ
9985,ﺑ
9986,ﺑ
9987,ﺑ
9988,ﺑ
9989,ﺑ
9990,ﺑ
9991,ﺑ
9992,ﺑ
9993,ﺑ
9994,ﺑ
9995,ﺑ
9996,ﺑ
9997,ﺑ
9998,ﺑ
9999,ﺑ
10000,ﺑ
10001,ﺑ
10002,ﺑ
10003,ﺑ
10004,ﺑ
10005,ﺑ
10006,ﺑ
10007,ﺑ
10008,ﺑ
10009,ﺑ
10010,ﺑ
10011,ﺑ
10012,ﺑ
10013,ﺑ
10014,ﺑ
10015,ﺑ
10016,ﺑ
10017,ﺑ
10018,ﺑ
10019,ﺑ
10020,ﺑ
10021,ﺑ
10022,ﺑ
10023,ﺑ
10024,ﺑ
10025,ﺑ
10026,ﺑ
10027,ﺑ
10028,ﺑ
10029,ﺑ
10030,ﺑ
10031,ﺑ
10032,ﺑ
10033,ﺑ
10034,ﺑ
10035,ﺑ
10036,ﺑ
10037,ﺑ
10038,ﺑ
10039,ﺑ
10040,ﺑ
10041,ﺑ
10042,ﺑ
10043,ﺑ
10044,ﺑ
10045,ﺑ
10046,ﺑ
10047,ﺑ
10048,ﺑ
10049,ﺑ
10050,ﺑ
10051,ﺑ
10052,ﺑ
10053,ﺑ
10054,ﺑ
10055,ﺑ
10056,ﺑ
10057,ﺑ
10058,ﺑ
10059,ﺑ
10060,ﺑ
10061,ﺑ
10062,ﺑ
10063,ﺑ
10064,ﺑ
10065,ﺑ
10066,ﺑ
10067,ﺑ
10068,ﺑ
10069,ﺑ
10070,ﺑ
10071,ﺑ
10072,ﺑ
10073,ﺑ
10074,ﺑ
10075,ﺑ
10076,ﺑ
10077,ﺑ
10078,ﺑ
10079,ﺑ
10080,ﺖ
10081,ﺖ
10082,ﺖ
10083,ﺖ
10084,ﺖ
10085,ﺖ
10086,ﺖ
10087,ﺖ
10088,ﺖ
10089,ﺖ
10090,ﺖ
10091,ﺖ
10092,ﺖ
10093,ﺖ
10094,ﺖ
10095,ﺖ
10096,ﺖ
10097,ﺖ
10098,ﺖ
10099,ﺖ
10100,ﺖ
10101,ﺖ
10102,ﺖ
10103,ﺖ
10104,ﺖ
10105,ﺖ
10106,ﺖ
10107,ﺖ
10108,ﺖ
10109,ﺖ
10110,ﺖ
10111,ﺖ
10112,ﺖ
10113,ﺖ
10114,ﺖ
10115,ﺖ
10116,ﺖ
10117,ﺖ
10118,ﺖ
10119,ﺖ
10120,ﺖ
10121,ﺖ
10122,ﺖ
10123,ﺖ
10124,ﺖ
10125,ﺖ
10126,ﺖ
10127,ﺖ
10128,ﺖ
10129,ﺖ
10130,ﺖ
10131,ﺖ
10132,ﺖ
10133,ﺖ
10134,ﺖ
10135,ﺖ
10136,ﺖ
10137,ﺖ
10138,ﺖ
10139,ﺖ
10140,ﺖ
10141,ﺖ
10142,ﺖ
10143,ﺖ
10144,ﺖ
10145,ﺖ
10146,ﺖ
10147,ﺖ
10148,ﺖ
10149,ﺖ
10150,ﺖ
10151,ﺖ
10152,ﺖ
10153,ﺖ
10154,ﺖ
10155,ﺖ
10156,ﺖ
10157,ﺖ
10158,ﺖ
10159,ﺖ
10160,ﺖ
10161,ﺖ
10162,ﺖ
10163,ﺖ
10164,ﺖ
10165,ﺖ
10166,ﺖ
10167,ﺖ
10168,ﺖ
10169,ﺖ
10170,ﺖ
10171,ﺖ
10172,ﺖ
10173,ﺖ
10174,ﺖ
10175,ﺖ
10176,ﺖ
10177,ﺖ
10178,ﺖ
10179,ﺖ
10180,ﺖ
10181,ﺖ
10182,ﺖ
10183,ﺖ
10184,ﺖ
10185,ﺖ
10186,ﺖ
10187,ﺖ
10188,ﺖ
10189,ﺖ
10190,ﺖ
10191,ﺖ
10192,ﺗ
10193,ﺗ
10194,ﺗ
10195,ﺗ
10196,ﺗ
10197,ﺗ
10198,ﺗ
10199,ﺗ
10200,ﺗ
10201,ﺗ
10202,ﺗ
10203,ﺗ
10204,ﺗ
10205,ﺗ
10206,ﺗ
10207,ﺗ
10208,ﺗ
10209,ﺗ
10210,ﺗ
10211,ﺗ
10212,ﺗ
10213,ﺗ
10214,ﺗ
10215,ﺗ
10216,ﺗ
10217,ﺗ
10218,ﺗ
10219,ﺗ
10220,ﺗ
10221,ﺗ
10222,ﺗ
10223,ﺗ
10224,ﺗ
10225,ﺗ
10226,ﺗ
10227,ﺗ
10228,ﺗ
10229,ﺗ
10230,ﺗ
10231,ﺗ
10232,ﺗ
10233,ﺗ
10234,ﺗ
10235,ﺗ
10236,ﺗ
10237,ﺗ
10238,ﺗ
10239,ﺗ
10240,ﺗ
10241,ﺗ
10242,ﺗ
10243,ﺗ
10244,ﺗ
10245,ﺗ
10246,ﺗ
10247,ﺗ
10248,ﺗ
10249,ﺗ
10250,ﺗ
10251,ﺗ
10252,ﺗ
10253,ﺗ
10254,ﺗ
10255,ﺗ
10256,ﺗ
10257,ﺗ
10258,ﺗ
10259,ﺗ
10260,ﺗ
10261,ﺗ
10262,ﺗ
10263,ﺗ
10264,ﺗ
10265,ﺗ
10266,ﺗ
10267,ﺗ
10268,ﺗ
10269,ﺗ
10270,ﺗ
10271,ﺗ
10272,ﺗ
10273,ﺗ
10274,ﺗ
10275,ﺗ
10276,ﺗ
10277,ﺗ
10278,ﺗ
10279,ﺗ
10280,ﺗ
10281,ﺗ
10282,ﺗ
10283,ﺗ
10284,ﺗ
10285,ﺗ
10286,ﺗ
10287,ﺗ
10288,ﺗ
10289,ﺗ
10290,ﺗ
10291,ﺗ
10292,ﺗ
10293,ﺗ
10294,ﺗ
10295,ﺗ
10296,ﺗ
10297,ﺗ
10298,ﺗ
10299,ﺗ
10300,ﺗ
10301,ﺗ
10302,ﺗ
10303,ﺗ
10304,ﺚ
10305,ﺚ
10306,ﺚ
10307,ﺚ
10308,ﺚ
10309,ﺚ
10310,ﺚ
10311,ﺚ
10312,ﺚ
10313,ﺚ
10314,ﺚ
10315,ﺚ
10316,ﺚ
10317,ﺚ
10318,ﺚ
10319,ﺚ
10320,ﺚ
10321,ﺚ
10322,ﺚ
10323,ﺚ
10324,ﺚ
10325,ﺚ
10326,ﺚ
10327,ﺚ
10328,ﺚ
10329,ﺚ
10330,ﺚ
10331,ﺚ
10332,ﺚ
10333,ﺚ
10334,ﺚ
10335,ﺚ
10336,ﺚ
10337,ﺚ
10338,ﺚ
10339,ﺚ
10340,ﺚ
10341,ﺚ
10342,ﺚ
10343,ﺚ
10344,ﺚ
10345,ﺚ
10346,ﺚ
10347,ﺚ
10348,ﺚ
10349,ﺚ
10350,ﺚ
10351,ﺚ
10352,ﺚ
10353,ﺚ
10354,ﺚ
10355,ﺚ
10356,ﺚ
10357,ﺚ
10358,ﺚ
10359,ﺚ
10360,ﺚ
10361,ﺚ
10362,ﺚ
10363,ﺚ
10364,ﺚ
10365,ﺚ
10366,ﺚ
10367,ﺚ
10368,ﺚ
10369,ﺚ
10370,ﺚ
10371,ﺚ
10372,ﺚ
10373,ﺚ
10374,ﺚ
10375,ﺚ
10376,ﺚ
10377,ﺚ
10378,ﺚ
10379,ﺚ
10380,ﺚ
10381,ﺚ
10382,ﺚ
10383,ﺚ
10384,ﺚ
10385,ﺚ
10386,ﺚ
10387,ﺚ
10388,ﺚ
10389,ﺚ
10390,ﺚ
10391,ﺚ
10392,ﺚ
10393,ﺚ
10394,ﺚ
10395,ﺚ
10396,ﺚ
10397,ﺚ
10398,ﺚ
10399,ﺚ
10400,ﺚ
10401,ﺚ
10402,ﺚ
10403,ﺚ
10404,ﺚ
10405,ﺚ
10406,ﺚ
10407,ﺚ
10408,ﺚ
10409,ﺚ
10410,ﺚ
10411,ﺚ
10412,ﺚ
10413,ﺚ
10414,ﺚ
10415,ﺚ
10416,ﺛ
10417,ﺛ
10418,ﺛ
10419,ﺛ
10420,ﺛ
10421,ﺛ
10422,ﺛ
10423,ﺛ
10424,ﺛ
10425,ﺛ
10426,ﺛ
10427,ﺛ
10428,ﺛ
10429,ﺛ
10430,ﺛ
10431,ﺛ
10432,ﺛ
10433,ﺛ
10434,ﺛ
10435,ﺛ
10436,ﺛ
10437,ﺛ
10438,ﺛ
10439,ﺛ
10440,ﺛ
10441,ﺛ
10442,ﺛ
10443,ﺛ
10444,ﺛ
10445,ﺛ
10446,ﺛ
10447,ﺛ
10448,ﺛ
10449,ﺛ
10450,ﺛ
10451,ﺛ
10452,ﺛ
10453,ﺛ
10454,ﺛ
10455,ﺛ
10456,ﺛ
10457,ﺛ
10458,ﺛ
10459,ﺛ
10460,ﺛ
10461,ﺛ
10462,ﺛ
10463,ﺛ
10464,ﺛ
10465,ﺛ
10466,ﺛ
10467,ﺛ
10468,ﺛ
10469,ﺛ
10470,ﺛ
10471,ﺛ
10472,ﺛ
10473,ﺛ
10474,ﺛ
10475,ﺛ
10476,ﺛ
10477,ﺛ
10478,ﺛ
10479,ﺛ
10480,ﺛ
10481,ﺛ
10482,ﺛ
10483,ﺛ
10484,ﺛ
10485,ﺛ
10486,ﺛ
10487,ﺛ
10488,ﺛ
10489,ﺛ
10490,ﺛ
10491,ﺛ
10492,ﺛ
10493,ﺛ
10494,ﺛ
10495,ﺛ
10496,ﺛ
10497,ﺛ
10498,ﺛ
10499,ﺛ
10500,ﺛ
10501,ﺛ
10502,ﺛ
10503,ﺛ
10504,ﺛ
10505,ﺛ
10506,ﺛ
10507,ﺛ
10508,ﺛ
10509,ﺛ
10510,ﺛ
10511,ﺛ
10512,ﺛ
10513,ﺛ
10514,ﺛ
10515,ﺛ
10516,ﺛ
10517,ﺛ
10518,ﺛ
10519,ﺛ
10520,ﺛ
10521,ﺛ
10522,ﺛ
10523,ﺛ
10524,ﺛ
10525,ﺛ
10526,ﺛ
10527,ﺛ
10528,ﺞ
10529,ﺞ
10530,ﺞ
10531,ﺞ
10532,ﺞ
10533,ﺞ
10534,ﺞ
10535,ﺞ
10536,ﺞ
10537,ﺞ
10538,ﺞ
10539,ﺞ
10540,ﺞ
10541,ﺞ
10542,ﺞ
10543,ﺞ
10544,ﺞ
10545,ﺞ
10546,ﺞ
10547,ﺞ
10548,ﺞ
10549,ﺞ
10550,ﺞ
10551,ﺞ
10552,ﺞ
10553,ﺞ
10554,ﺞ
10555,ﺞ
10556,ﺞ
10557,ﺞ
10558,ﺞ
10559,ﺞ
10560,ﺞ
10561,ﺞ
10562,ﺞ
10563,ﺞ
10564,ﺞ
10565,ﺞ
10566,ﺞ
10567,ﺞ
10568,ﺞ
10569,ﺞ
10570,ﺞ
10571,ﺞ
10572,ﺞ
10573,ﺞ
10574,ﺞ
10575,ﺞ
10576,ﺞ
10577,ﺞ
10578,ﺞ
10579,ﺞ
10580,ﺞ
10581,ﺞ
10582,ﺞ
10583,ﺞ
10584,ﺞ
10585,ﺞ
10586,ﺞ
10587,ﺞ
10588,ﺞ
10589,ﺞ
10590,ﺞ
10591,ﺞ
10592,ﺞ
10593,ﺞ
10594,ﺞ
10595,ﺞ
10596,ﺞ
10597,ﺞ
10598,ﺞ
10599,ﺞ
10600,ﺞ
10601,ﺞ
10602,ﺞ
10603,ﺞ
10604,ﺞ
10605,ﺞ
10606,ﺞ
10607,ﺞ
10608,ﺞ
10609,ﺞ
10610,ﺞ
10611,ﺞ
10612,ﺞ
10613,ﺞ
10614,ﺞ
10615,ﺞ
10616,ﺞ
10617,ﺞ
10618,ﺞ
10619,ﺞ
10620,ﺞ
10621,ﺞ
10622,ﺞ
10623,ﺞ
10624,ﺞ
10625,ﺞ
10626,ﺞ
10627,ﺞ
10628,ﺞ
10629,ﺞ
10630,ﺞ
10631,ﺞ
10632,ﺞ
10633,ﺞ
10634,ﺞ
10635,ﺞ
10636,ﺞ
10637,ﺞ
10638,ﺞ
10639,ﺞ
10640,ﺟ
10641,ﺟ
10642,ﺟ
10643,ﺟ
10644,ﺟ
10645,ﺟ
10646,ﺟ
10647,ﺟ
10648,ﺟ
10649,ﺟ
10650,ﺟ
10651,ﺟ
10652,ﺟ
10653,ﺟ
10654,ﺟ
10655,ﺟ
10656,ﺟ
10657,ﺟ
10658,ﺟ
10659,ﺟ
10660,ﺟ
10661,ﺟ
10662,ﺟ
10663,ﺟ
10664,ﺟ
10665,ﺟ
10666,ﺟ
10667,ﺟ
10668,ﺟ
10669,ﺟ
10670,ﺟ
10671,ﺟ
10672,ﺟ
10673,ﺟ
10674,ﺟ
10675,ﺟ
10676,ﺟ
10677,ﺟ
10678,ﺟ
10679,ﺟ
10680,ﺟ
10681,ﺟ
10682,ﺟ
10683,ﺟ
10684,ﺟ
10685,ﺟ
10686,ﺟ
10687,ﺟ
10688,ﺟ
10689,ﺟ
10690,ﺟ
10691,ﺟ
10692,ﺟ
10693,ﺟ
10694,ﺟ
10695,ﺟ
10696,ﺟ
10697,ﺟ
10698,ﺟ
10699,ﺟ
10700,ﺟ
10701,ﺟ
10702,ﺟ
10703,ﺟ
10704,ﺟ
10705,ﺟ
10706,ﺟ
10707,ﺟ
10708,ﺟ
10709,ﺟ
10710,ﺟ
10711,ﺟ
10712,ﺟ
10713,ﺟ
10714,ﺟ
10715,ﺟ
10716,ﺟ
10717,ﺟ
10718,ﺟ
10719,ﺟ
10720,ﺟ
10721,ﺟ
10722,ﺟ
10723,ﺟ
10724,ﺟ
10725,ﺟ
10726,ﺟ
10727,ﺟ
10728,ﺟ
10729,ﺟ
10730,ﺟ
10731,ﺟ
10732,ﺟ
10733,ﺟ
10734,ﺟ
10735,ﺟ
10736,ﺟ
10737,ﺟ
10738,ﺟ
10739,ﺟ
10740,ﺟ
10741,ﺟ
10742,ﺟ
10743,ﺟ
10744,ﺟ
10745,ﺟ
10746,ﺟ
10747,ﺟ
10748,ﺟ
10749,ﺟ
10750,ﺟ
10751,ﺟ
10752,ﺢ
10753,ﺢ
10754,ﺢ
10755,ﺢ
10756,ﺢ
10757,ﺢ
10758,ﺢ
10759,ﺢ
10760,ﺢ
10761,ﺢ
10762,ﺢ
10763,ﺢ
10764,ﺢ
10765,ﺢ
10766,ﺢ
10767,ﺢ
10768,ﺢ
10769,ﺢ
10770,ﺢ
10771,ﺢ
10772,ﺢ
10773,ﺢ
10774,ﺢ
10775,ﺢ
10776,ﺢ
10777,ﺢ
10778,ﺢ
10779,ﺢ
10780,ﺢ
10781,ﺢ
10782,ﺢ
10783,ﺢ
10784,ﺢ
10785,ﺢ
10786,ﺢ
10787,ﺢ
10788,ﺢ
10789,ﺢ
10790,ﺢ
10791,ﺢ
10792,ﺢ
10793,ﺢ
10794,ﺢ
10795,ﺢ
10796,ﺢ
10797,ﺢ
10798,ﺢ
10799,ﺢ
10800,ﺢ
10801,ﺢ
10802,ﺢ
10803,ﺢ
10804,ﺢ
10805,ﺢ
10806,ﺢ
10807,ﺢ
10808,ﺢ
10809,ﺢ
10810,ﺢ
10811,ﺢ
10812,ﺢ
10813,ﺢ
10814,ﺢ
10815,ﺢ
10816,ﺢ
10817,ﺢ
10818,ﺢ
10819,ﺢ
10820,ﺢ
10821,ﺢ
10822,ﺢ
10823,ﺢ
10824,ﺢ
10825,ﺢ
10826,ﺢ
10827,ﺢ
10828,ﺢ
10829,ﺢ
10830,ﺢ
10831,ﺢ
10832,ﺢ
10833,ﺢ
10834,ﺢ
10835,ﺢ
10836,ﺢ
10837,ﺢ
10838,ﺢ
10839,ﺢ
10840,ﺢ
10841,ﺢ
10842,ﺢ
10843,ﺢ
10844,ﺢ
10845,ﺢ
10846,ﺢ
10847,ﺢ
10848,ﺢ
10849,ﺢ
10850,ﺢ
10851,ﺢ
10852,ﺢ
10853,ﺢ
10854,ﺢ
10855,ﺢ
10856,ﺢ
10857,ﺢ
10858,ﺢ
10859,ﺢ
10860,ﺢ
10861,ﺢ
10862,ﺢ
10863,ﺢ
10864,ﺣ
10865,ﺣ
10866,ﺣ
10867,ﺣ
10868,ﺣ
10869,ﺣ
10870,ﺣ
10871,ﺣ
10872,ﺣ
10873,ﺣ
10874,ﺣ
10875,ﺣ
10876,ﺣ
10877,ﺣ
10878,ﺣ
10879,ﺣ
10880,ﺣ
10881,ﺣ
10882,ﺣ
10883,ﺣ
10884,ﺣ
10885,ﺣ
10886,ﺣ
10887,ﺣ
10888,ﺣ
10889,ﺣ
10890,ﺣ
10891,ﺣ
10892,ﺣ
10893,ﺣ
10894,ﺣ
10895,ﺣ
10896,ﺣ
10897,ﺣ
10898,ﺣ
10899,ﺣ
10900,ﺣ
10901,ﺣ
10902,ﺣ
10903,ﺣ
10904,ﺣ
10905,ﺣ
10906,ﺣ
10907,ﺣ
10908,ﺣ
10909,ﺣ
10910,ﺣ
10911,ﺣ
10912,ﺣ
10913,ﺣ
10914,ﺣ
10915,ﺣ
10916,ﺣ
10917,ﺣ
10918,ﺣ
10919,ﺣ
10920,ﺣ
10921,ﺣ
10922,ﺣ
10923,ﺣ
10924,ﺣ
10925,ﺣ
10926,ﺣ
10927,ﺣ
10928,ﺣ
10929,ﺣ
10930,ﺣ
10931,ﺣ
10932,ﺣ
10933,ﺣ
10934,ﺣ
10935,ﺣ
10936,ﺣ
10937,ﺣ
10938,ﺣ
10939,ﺣ
10940,ﺣ
10941,ﺣ
10942,ﺣ
10943,ﺣ
10944,ﺣ
10945,ﺣ
10946,ﺣ
10947,ﺣ
10948,ﺣ
10949,ﺣ
10950,ﺣ
10951,ﺣ
10952,ﺣ
10953,ﺣ
10954,ﺣ
10955,ﺣ
10956,ﺣ
10957,ﺣ
10958,ﺣ
10959,ﺣ
10960,ﺣ
10961,ﺣ
10962,ﺣ
10963,ﺣ
10964,ﺣ
10965,ﺣ
10966,ﺣ
10967,ﺣ
10968,ﺣ
10969,ﺣ
10970,ﺣ
10971,ﺣ
10972,ﺣ
10973,ﺣ
10974,ﺣ
10975,ﺣ
10976,ﺦ
10977,ﺦ
10978,ﺦ
10979,ﺦ
10980,ﺦ
10981,ﺦ
10982,ﺦ
10983,ﺦ
10984,ﺦ
10985,ﺦ
10986,ﺦ
10987,ﺦ
10988,ﺦ
10989,ﺦ
10990,ﺦ
10991,ﺦ
10992,ﺦ
10993,ﺦ
10994,ﺦ
10995,ﺦ
10996,ﺦ
10997,ﺦ
10998,ﺦ
10999,ﺦ
11000,ﺦ
11001,ﺦ
11002,ﺦ
11003,ﺦ
11004,ﺦ
11005,ﺦ
11006,ﺦ
11007,ﺦ
11008,ﺦ
11009,ﺦ
11010,ﺦ
11011,ﺦ
11012,ﺦ
11013,ﺦ
11014,ﺦ
11015,ﺦ
11016,ﺦ
11017,ﺦ
11018,ﺦ
11019,ﺦ
11020,ﺦ
11021,ﺦ
11022,ﺦ
11023,ﺦ
11024,ﺦ
11025,ﺦ
11026,ﺦ
11027,ﺦ
11028,ﺦ
11029,ﺦ
11030,ﺦ
11031,ﺦ
11032,ﺦ
11033,ﺦ
11034,ﺦ
11035,ﺦ
11036,ﺦ
11037,ﺦ
11038,ﺦ
11039,ﺦ
11040,ﺦ
11041,ﺦ
11042,ﺦ
11043,ﺦ
11044,ﺦ
11045,ﺦ
11046,ﺦ
11047,ﺦ
11048,ﺦ
11049,ﺦ
11050,ﺦ
11051,ﺦ
11052,ﺦ
11053,ﺦ
11054,ﺦ
11055,ﺦ
11056,ﺦ
11057,ﺦ
11058,ﺦ
11059,ﺦ
11060,ﺦ
11061,ﺦ
11062,ﺦ
11063,ﺦ
11064,ﺦ
11065,ﺦ
11066,ﺦ
11067,ﺦ
11068,ﺦ
11069,ﺦ
11070,ﺦ
11071,ﺦ
11072,ﺦ
11073,ﺦ
11074,ﺦ
11075,ﺦ
11076,ﺦ
11077,ﺦ
11078,ﺦ
11079,ﺦ
11080,ﺦ
11081,ﺦ
11082,ﺦ
11083,ﺦ
11084,ﺦ
11085,ﺦ
11086,ﺦ
11087,ﺦ
11088,ﺧ
11089,ﺧ
11090,ﺧ
11091,ﺧ
11092,ﺧ
11093,ﺧ
11094,ﺧ
11095,ﺧ
11096,ﺧ
11097,ﺧ
11098,ﺧ
11099,ﺧ
11100,ﺧ
11101,ﺧ
11102,ﺧ
11103,ﺧ
11104,ﺧ
11105,ﺧ
11106,ﺧ
11107,ﺧ
11108,ﺧ
11109,ﺧ
11110,ﺧ
11111,ﺧ
11112,ﺧ
11113,ﺧ
11114,ﺧ
11115,ﺧ
11116,ﺧ
11117,ﺧ
11118,ﺧ
11119,ﺧ
11120,ﺧ
11121,ﺧ
11122,ﺧ
11123,ﺧ
11124,ﺧ
11125,ﺧ
11126,ﺧ
11127,ﺧ
11128,ﺧ
11129,ﺧ
11130,ﺧ
11131,ﺧ
11132,ﺧ
11133,ﺧ
11134,ﺧ
11135,ﺧ
11136,ﺧ
11137,ﺧ
11138,ﺧ
11139,ﺧ
11140,ﺧ
11141,ﺧ
11142,ﺧ
11143,ﺧ
11144,ﺧ
11145,ﺧ
11146,ﺧ
11147,ﺧ
11148,ﺧ
11149,ﺧ
11150,ﺧ
11151,ﺧ
11152,ﺧ
11153,ﺧ
11154,ﺧ
11155,ﺧ
11156,ﺧ
11157,ﺧ
11158,ﺧ
11159,ﺧ
11160,ﺧ
11161,ﺧ
11162,ﺧ
11163,ﺧ
11164,ﺧ
11165,ﺧ
11166,ﺧ
11167,ﺧ
11168,ﺧ
11169,ﺧ
11170,ﺧ
11171,ﺧ
11172,ﺧ
11173,ﺧ
11174,ﺧ
11175,ﺧ
11176,ﺧ
11177,ﺧ
11178,ﺧ
11179,ﺧ
11180,ﺧ
11181,ﺧ
11182,ﺧ
11183,ﺧ
11184,ﺧ
11185,ﺧ
11186,ﺧ
11187,ﺧ
11188,ﺧ
11189,ﺧ
11190,ﺧ
11191,ﺧ
11192,ﺧ
11193,ﺧ
11194,ﺧ
11195,ﺧ
11196,ﺧ
11197,ﺧ
11198,ﺧ
11199,ﺧ
11200,ﺪ
11201,ﺪ
11202,ﺪ
11203,ﺪ
11204,ﺪ
11205,ﺪ
11206,ﺪ
11207,ﺪ
11208,ﺪ
11209,ﺪ
11210,ﺪ
11211,ﺪ
11212,ﺪ
11213,ﺪ
11214,ﺪ
11215,ﺪ
11216,ﺪ
11217,ﺪ
11218,ﺪ
11219,ﺪ
11220,ﺪ
11221,ﺪ
11222,ﺪ
11223,ﺪ
11224,ﺪ
11225,ﺪ
11226,ﺪ
11227,ﺪ
11228,ﺪ
11229,ﺪ
11230,ﺪ
11231,ﺪ
11232,ﺪ
11233,ﺪ
11234,ﺪ
11235,ﺪ
11236,ﺪ
11237,ﺪ
11238,ﺪ
11239,ﺪ
11240,ﺪ
11241,ﺪ
11242,ﺪ
11243,ﺪ
11244,ﺪ
11245,ﺪ
11246,ﺪ
11247,ﺪ
11248,ﺪ
11249,ﺪ
11250,ﺪ
11251,ﺪ
11252,ﺪ
11253,ﺪ
11254,ﺪ
11255,ﺪ
11256,ﺪ
11257,ﺪ
11258,ﺪ
11259,ﺪ
11260,ﺪ
11261,ﺪ
11262,ﺪ
11263,ﺪ
11264,ﺪ
11265,ﺪ
11266,ﺪ
11267,ﺪ
11268,ﺪ
11269,ﺪ
11270,ﺪ
11271,ﺪ
11272,ﺪ
11273,ﺪ
11274,ﺪ
11275,ﺪ
11276,ﺪ
11277,ﺪ
11278,ﺪ
11279,ﺪ
11280,ﺪ
11281,ﺪ
11282,ﺪ
11283,ﺪ
11284,ﺪ
11285,ﺪ
11286,ﺪ
11287,ﺪ
11288,ﺪ
11289,ﺪ
11290,ﺪ
11291,ﺪ
11292,ﺪ
11293,ﺪ
11294,ﺪ
11295,ﺪ
11296,ﺪ
11297,ﺪ
11298,ﺪ
11299,ﺪ
11300,ﺪ
11301,ﺪ
11302,ﺪ
11303,ﺪ
11304,ﺪ
11305,ﺪ
11306,ﺪ
11307,ﺪ
11308,ﺪ
11309,ﺪ
11310,ﺪ
11311,ﺪ
11312,ﺬ
11313,ﺬ
11314,ﺬ
11315,ﺬ
11316,ﺬ
11317,ﺬ
11318,ﺬ
11319,ﺬ
11320,ﺬ
11321,ﺬ
11322,ﺬ
11323,ﺬ
11324,ﺬ
11325,ﺬ
11326,ﺬ
11327,ﺬ
11328,ﺬ
11329,ﺬ
11330,ﺬ
11331,ﺬ
11332,ﺬ
11333,ﺬ
11334,ﺬ
11335,ﺬ
11336,ﺬ
11337,ﺬ
11338,ﺬ
11339,ﺬ
11340,ﺬ
11341,ﺬ
11342,ﺬ
11343,ﺬ
11344,ﺬ
11345,ﺬ
11346,ﺬ
11347,ﺬ
11348,ﺬ
11349,ﺬ
11350,ﺬ
11351,ﺬ
11352,ﺬ
11353,ﺬ
11354,ﺬ
11355,ﺬ
11356,ﺬ
11357,ﺬ
11358,ﺬ
11359,ﺬ
11360,ﺬ
11361,ﺬ
11362,ﺬ
11363,ﺬ
11364,ﺬ
11365,ﺬ
11366,ﺬ
11367,ﺬ
11368,ﺬ
11369,ﺬ
11370,ﺬ
11371,ﺬ
11372,ﺬ
11373,ﺬ
11374,ﺬ
11375,ﺬ
11376,ﺬ
11377,ﺬ
11378,ﺬ
11379,ﺬ
11380,ﺬ
11381,ﺬ
11382,ﺬ
11383,ﺬ
11384,ﺬ
11385,ﺬ
11386,ﺬ
11387,ﺬ
11388,ﺬ
11389,ﺬ
11390,ﺬ
11391,ﺬ
11392,ﺬ
11393,ﺬ
11394,ﺬ
11395,ﺬ
11396,ﺬ
11397,ﺬ
11398,ﺬ
11399,ﺬ
11400,ﺬ
11401,ﺬ
11402,ﺬ
11403,ﺬ
11404,ﺬ
11405,ﺬ
11406,ﺬ
11407,ﺬ
11408,ﺬ
11409,ﺬ
11410,ﺬ
11411,ﺬ
11412,ﺬ
11413,ﺬ
11414,ﺬ
11415,ﺬ
11416,ﺬ
11417,ﺬ
11418,ﺬ
11419,ﺬ
11420,ﺬ
11421,ﺬ
11422,ﺬ
11423,ﺬ
11424,ﺮ
11425,ﺮ
11426,ﺮ
11427,ﺮ
11428,ﺮ
11429,ﺮ
11430,ﺮ
11431,ﺮ
11432,ﺮ
11433,ﺮ
11434,ﺮ
11435,ﺮ
11436,ﺮ
11437,ﺮ
11438,ﺮ
11439,ﺮ
11440,ﺮ
11441,ﺮ
11442,ﺮ
11443,ﺮ
11444,ﺮ
11445,ﺮ
11446,ﺮ
11447,ﺮ
11448,ﺮ
11449,ﺮ
11450,ﺮ
11451,ﺮ
11452,ﺮ
11453,ﺮ
11454,ﺮ
11455,ﺮ
11456,ﺮ
11457,ﺮ
11458,ﺮ
11459,ﺮ
11460,ﺮ
11461,ﺮ
11462,ﺮ
11463,ﺮ
11464,ﺮ
11465,ﺮ
11466,ﺮ
11467,ﺮ
11468,ﺮ
11469,ﺮ
11470,ﺮ
11471,ﺮ
11472,ﺮ
11473,ﺮ
11474,ﺮ
11475,ﺮ
11476,ﺮ
11477,ﺮ
11478,ﺮ
11479,ﺮ
11480,ﺮ
11481,ﺮ
11482,ﺮ
11483,ﺮ
11484,ﺮ
11485,ﺮ
11486,ﺮ
11487,ﺮ
11488,ﺮ
11489,ﺮ
11490,ﺮ
11491,ﺮ
11492,ﺮ
11493,ﺮ
11494,ﺮ
11495,ﺮ
11496,ﺮ
11497,ﺮ
11498,ﺮ
11499,ﺮ
11500,ﺮ
11501,ﺮ
11502,ﺮ
11503,ﺮ
11504,ﺮ
11505,ﺮ
11506,ﺮ
11507,ﺮ
11508,ﺮ
11509,ﺮ
11510,ﺮ
11511,ﺮ
11512,ﺮ
11513,ﺮ
11514,ﺮ
11515,ﺮ
11516,ﺮ
11517,ﺮ
11518,ﺮ
11519,ﺮ
11520,ﺮ
11521,ﺮ
11522,ﺮ
11523,ﺮ
11524,ﺮ
11525,ﺮ
11526,ﺮ
11527,ﺮ
11528,ﺮ
11529,ﺮ
11530,ﺮ
11531,ﺮ
11532,ﺮ
11533,ﺮ
11534,ﺮ
11535,ﺮ
11536,ﺰ
11537,ﺰ
11538,ﺰ
11539,ﺰ
11540,ﺰ
11541,ﺰ
11542,ﺰ
11543,ﺰ
11544,ﺰ
11545,ﺰ
11546,ﺰ
11547,ﺰ
11548,ﺰ
11549,ﺰ
11550,ﺰ
11551,ﺰ
11552,ﺰ
11553,ﺰ
11554,ﺰ
11555,ﺰ
11556,ﺰ
11557,ﺰ
11558,ﺰ
11559,ﺰ
11560,ﺰ
11561,ﺰ
11562,ﺰ
11563,ﺰ
11564,ﺰ
11565,ﺰ
11566,ﺰ
11567,ﺰ
11568,ﺰ
11569,ﺰ
11570,ﺰ
11571,ﺰ
11572,ﺰ
11573,ﺰ
11574,ﺰ
11575,ﺰ
11576,ﺰ
11577,ﺰ
11578,ﺰ
11579,ﺰ
11580,ﺰ
11581,ﺰ
11582,ﺰ
11583,ﺰ
11584,ﺰ
11585,ﺰ
11586,ﺰ
11587,ﺰ
11588,ﺰ
11589,ﺰ
11590,ﺰ
11591,ﺰ
11592,ﺰ
11593,ﺰ
11594,ﺰ
11595,ﺰ
11596,ﺰ
11597,ﺰ
11598,ﺰ
11599,ﺰ
11600,ﺰ
11601,ﺰ
11602,ﺰ
11603,ﺰ
11604,ﺰ
11605,ﺰ
11606,ﺰ
11607,ﺰ
11608,ﺰ
11609,ﺰ
11610,ﺰ
11611,ﺰ
11612,ﺰ
11613,ﺰ
11614,ﺰ
11615,ﺰ
11616,ﺰ
11617,ﺰ
11618,ﺰ
11619,ﺰ
11620,ﺰ
11621,ﺰ
11622,ﺰ
11623,ﺰ
11624,ﺰ
11625,ﺰ
11626,ﺰ
11627,ﺰ
11628,ﺰ
11629,ﺰ
11630,ﺰ
11631,ﺰ
11632,ﺰ
11633,ﺰ
11634,ﺰ
11635,ﺰ
11636,ﺰ
11637,ﺰ
11638,ﺰ
11639,ﺰ
11640,ﺰ
11641,ﺰ
11642,ﺰ
11643,ﺰ
11644,ﺰ
11645,ﺰ
11646,ﺰ
11647,ﺰ
11648,ﺲ
11649,ﺲ
11650,ﺲ
11651,ﺲ
11652,ﺲ
11653,ﺲ
11654,ﺲ
11655,ﺲ
11656,ﺲ
11657,ﺲ
11658,ﺲ
11659,ﺲ
11660,ﺲ
11661,ﺲ
11662,ﺲ
11663,ﺲ
11664,ﺲ
11665,ﺲ
11666,ﺲ
11667,ﺲ
11668,ﺲ
11669,ﺲ
11670,ﺲ
11671,ﺲ
11672,ﺲ
11673,ﺲ
11674,ﺲ
11675,ﺲ
11676,ﺲ
11677,ﺲ
11678,ﺲ
11679,ﺲ
11680,ﺲ
11681,ﺲ
11682,ﺲ
11683,ﺲ
11684,ﺲ
11685,ﺲ
11686,ﺲ
11687,ﺲ
11688,ﺲ
11689,ﺲ
11690,ﺲ
11691,ﺲ
11692,ﺲ
11693,ﺲ
11694,ﺲ
11695,ﺲ
11696,ﺲ
11697,ﺲ
11698,ﺲ
11699,ﺲ
11700,ﺲ
11701,ﺲ
11702,ﺲ
11703,ﺲ
11704,ﺲ
11705,ﺲ
11706,ﺲ
11707,ﺲ
11708,ﺲ
11709,ﺲ
11710,ﺲ
11711,ﺲ
11712,ﺲ
11713,ﺲ
11714,ﺲ
11715,ﺲ
11716,ﺲ
11717,ﺲ
11718,ﺲ
11719,ﺲ
11720,ﺲ
11721,ﺲ
11722,ﺲ
11723,ﺲ
11724,ﺲ
11725,ﺲ
11726,ﺲ
11727,ﺲ
11728,ﺲ
11729,ﺲ
11730,ﺲ
11731,ﺲ
11732,ﺲ
11733,ﺲ
11734,ﺲ
11735,ﺲ
11736,ﺲ
11737,ﺲ
11738,ﺲ
11739,ﺲ
11740,ﺲ
11741,ﺲ
11742,ﺲ
11743,ﺲ
11744,ﺲ
11745,ﺲ
11746,ﺲ
11747,ﺲ
11748,ﺲ
11749,ﺲ
11750,ﺲ
11751,ﺲ
11752,ﺲ
11753,ﺲ
11754,ﺲ
11755,ﺲ
11756,ﺲ
11757,ﺲ
11758,ﺲ
11759,ﺲ
11760,ﺳ
11761,ﺳ
11762,ﺳ
11763,ﺳ
11764,ﺳ
11765,ﺳ
11766,ﺳ
11767,ﺳ
11768,ﺳ
11769,ﺳ
11770,ﺳ
11771,ﺳ
11772,ﺳ
11773,ﺳ
11774,ﺳ
11775,ﺳ
11776,ﺳ
11777,ﺳ
11778,ﺳ
11779,ﺳ
11780,ﺳ
11781,ﺳ
11782,ﺳ
11783,ﺳ
11784,ﺳ
11785,ﺳ
11786,ﺳ
11787,ﺳ
11788,ﺳ
11789,ﺳ
11790,ﺳ
11791,ﺳ
11792,ﺳ
11793,ﺳ
11794,ﺳ
11795,ﺳ
11796,ﺳ
11797,ﺳ
11798,ﺳ
11799,ﺳ
11800,ﺳ
11801,ﺳ
11802,ﺳ
11803,ﺳ
11804,ﺳ
11805,ﺳ
11806,ﺳ
11807,ﺳ
11808,ﺳ
11809,ﺳ
11810,ﺳ
11811,ﺳ
11812,ﺳ
11813,ﺳ
11814,ﺳ
11815,ﺳ
11816,ﺳ
11817,ﺳ
11818,ﺳ
11819,ﺳ
11820,ﺳ
11821,ﺳ
11822,ﺳ
11823,ﺳ
11824,ﺳ
11825,ﺳ
11826,ﺳ
11827,ﺳ
11828,ﺳ
11829,ﺳ
11830,ﺳ
11831,ﺳ
11832,ﺳ
11833,ﺳ
11834,ﺳ
11835,ﺳ
11836,ﺳ
11837,ﺳ
11838,ﺳ
11839,ﺳ
11840,ﺳ
11841,ﺳ
11842,ﺳ
11843,ﺳ
11844,ﺳ
11845,ﺳ
11846,ﺳ
11847,ﺳ
11848,ﺳ
11849,ﺳ
11850,ﺳ
11851,ﺳ
11852,ﺳ
11853,ﺳ
11854,ﺳ
11855,ﺳ
11856,ﺳ
11857,ﺳ
11858,ﺳ
11859,ﺳ
11860,ﺳ
11861,ﺳ
11862,ﺳ
11863,ﺳ
11864,ﺳ
11865,ﺳ
11866,ﺳ
11867,ﺳ
11868,ﺳ
11869,ﺳ
11870,ﺳ
11871,ﺳ
11872,ﺶ
11873,ﺶ
11874,ﺶ
11875,ﺶ
11876,ﺶ
11877,ﺶ
11878,ﺶ
11879,ﺶ
11880,ﺶ
11881,ﺶ
11882,ﺶ
11883,ﺶ
11884,ﺶ
11885,ﺶ
11886,ﺶ
11887,ﺶ
11888,ﺶ
11889,ﺶ
11890,ﺶ
11891,ﺶ
11892,ﺶ
11893,ﺶ
11894,ﺶ
11895,ﺶ
11896,ﺶ
11897,ﺶ
11898,ﺶ
11899,ﺶ
11900,ﺶ
11901,ﺶ
11902,ﺶ
11903,ﺶ
11904,ﺶ
11905,ﺶ
11906,ﺶ
11907,ﺶ
11908,ﺶ
11909,ﺶ
11910,ﺶ
11911,ﺶ
11912,ﺶ
11913,ﺶ
11914,ﺶ
11915,ﺶ
11916,ﺶ
11917,ﺶ
11918,ﺶ
11919,ﺶ
11920,ﺶ
11921,ﺶ
11922,ﺶ
11923,ﺶ
11924,ﺶ
11925,ﺶ
11926,ﺶ
11927,ﺶ
11928,ﺶ
11929,ﺶ
11930,ﺶ
11931,ﺶ
11932,ﺶ
11933,ﺶ
11934,ﺶ
11935,ﺶ
11936,ﺶ
11937,ﺶ
11938,ﺶ
11939,ﺶ
11940,ﺶ
11941,ﺶ
11942,ﺶ
11943,ﺶ
11944,ﺶ
11945,ﺶ
11946,ﺶ
11947,ﺶ
11948,ﺶ
11949,ﺶ
11950,ﺶ
11951,ﺶ
11952,ﺶ
11953,ﺶ
11954,ﺶ
11955,ﺶ
11956,ﺶ
11957,ﺶ
11958,ﺶ
11959,ﺶ
11960,ﺶ
11961,ﺶ
11962,ﺶ
11963,ﺶ
11964,ﺶ
11965,ﺶ
11966,ﺶ
11967,ﺶ
11968,ﺶ
11969,ﺶ
11970,ﺶ
11971,ﺶ
11972,ﺶ
11973,ﺶ
11974,ﺶ
11975,ﺶ
11976,ﺶ
11977,ﺶ
11978,ﺶ
11979,ﺶ
11980,ﺶ
11981,ﺶ
11982,ﺶ
11983,ﺶ
11984,ﺷ
11985,ﺷ
11986,ﺷ
11987,ﺷ
11988,ﺷ
11989,ﺷ
11990,ﺷ
11991,ﺷ
11992,ﺷ
11993,ﺷ
11994,ﺷ
11995,ﺷ
11996,ﺷ
11997,ﺷ
11998,ﺷ
11999,ﺷ
12000,ﺷ
12001,ﺷ
12002,ﺷ
12003,ﺷ
12004,ﺷ
12005,ﺷ
12006,ﺷ
12007,ﺷ
12008,ﺷ
12009,ﺷ
12010,ﺷ
12011,ﺷ
12012,ﺷ
12013,ﺷ
12014,ﺷ
12015,ﺷ
12016,ﺷ
12017,ﺷ
12018,ﺷ
12019,ﺷ
12020,ﺷ
12021,ﺷ
12022,ﺷ
12023,ﺷ
12024,ﺷ
12025,ﺷ
12026,ﺷ
12027,ﺷ
12028,ﺷ
12029,ﺷ
12030,ﺷ
12031,ﺷ
12032,ﺷ
12033,ﺷ
12034,ﺷ
12035,ﺷ
12036,ﺷ
12037,ﺷ
12038,ﺷ
12039,ﺷ
12040,ﺷ
12041,ﺷ
12042,ﺷ
12043,ﺷ
12044,ﺷ
12045,ﺷ
12046,ﺷ
12047,ﺷ
12048,ﺷ
12049,ﺷ
12050,ﺷ
12051,ﺷ
12052,ﺷ
12053,ﺷ
12054,ﺷ
12055,ﺷ
12056,ﺷ
12057,ﺷ
12058,ﺷ
12059,ﺷ
12060,ﺷ
12061,ﺷ
12062,ﺷ
12063,ﺷ
12064,ﺷ
12065,ﺷ
12066,ﺷ
12067,ﺷ
12068,ﺷ
12069,ﺷ
12070,ﺷ
12071,ﺷ
12072,ﺷ
12073,ﺷ
12074,ﺷ
12075,ﺷ
12076,ﺷ
12077,ﺷ
12078,ﺷ
12079,ﺷ
12080,ﺷ
12081,ﺷ
12082,ﺷ
12083,ﺷ
12084,ﺷ
12085,ﺷ
12086,ﺷ
12087,ﺷ
12088,ﺷ
12089,ﺷ
12090,ﺷ
12091,ﺷ
12092,ﺷ
12093,ﺷ
12094,ﺷ
12095,ﺷ
12096,ﺺ
12097,ﺺ
12098,ﺺ
12099,ﺺ
12100,ﺺ
12101,ﺺ
12102,ﺺ
12103,ﺺ
12104,ﺺ
12105,ﺺ
12106,ﺺ
12107,ﺺ
12108,ﺺ
12109,ﺺ
12110,ﺺ
12111,ﺺ
12112,ﺺ
12113,ﺺ
12114,ﺺ
12115,ﺺ
12116,ﺺ
12117,ﺺ
12118,ﺺ
12119,ﺺ
12120,ﺺ
12121,ﺺ
12122,ﺺ
12123,ﺺ
12124,ﺺ
12125,ﺺ
12126,ﺺ
12127,ﺺ
12128,ﺺ
12129,ﺺ
12130,ﺺ
12131,ﺺ
12132,ﺺ
12133,ﺺ
12134,ﺺ
12135,ﺺ
12136,ﺺ
12137,ﺺ
12138,ﺺ
12139,ﺺ
12140,ﺺ
12141,ﺺ
12142,ﺺ
12143,ﺺ
12144,ﺺ
12145,ﺺ
12146,ﺺ
12147,ﺺ
12148,ﺺ
12149,ﺺ
12150,ﺺ
12151,ﺺ
12152,ﺺ
12153,ﺺ
12154,ﺺ
12155,ﺺ
12156,ﺺ
12157,ﺺ
12158,ﺺ
12159,ﺺ
12160,ﺺ
12161,ﺺ
12162,ﺺ
12163,ﺺ
12164,ﺺ
12165,ﺺ
12166,ﺺ
12167,ﺺ
12168,ﺺ
12169,ﺺ
12170,ﺺ
12171,ﺺ
12172,ﺺ
12173,ﺺ
12174,ﺺ
12175,ﺺ
12176,ﺺ
12177,ﺺ
12178,ﺺ
12179,ﺺ
12180,ﺺ
12181,ﺺ
12182,ﺺ
12183,ﺺ
12184,ﺺ
12185,ﺺ
12186,ﺺ
12187,ﺺ
12188,ﺺ
12189,ﺺ
12190,ﺺ
12191,ﺺ
12192,ﺺ
12193,ﺺ
12194,ﺺ
12195,ﺺ
12196,ﺺ
12197,ﺺ
12198,ﺺ
12199,ﺺ
12200,ﺺ
12201,ﺺ
12202,ﺺ
12203,ﺺ
12204,ﺺ
12205,ﺺ
12206,ﺺ
12207,ﺺ
12208,ﺻ
12209,ﺻ
12210,ﺻ
12211,ﺻ
12212,ﺻ
12213,ﺻ
12214,ﺻ
12215,ﺻ
12216,ﺻ
12217,ﺻ
12218,ﺻ
12219,ﺻ
12220,ﺻ
12221,ﺻ
12222,ﺻ
12223,ﺻ
12224,ﺻ
12225,ﺻ
12226,ﺻ
12227,ﺻ
12228,ﺻ
12229,ﺻ
12230,ﺻ
12231,ﺻ
12232,ﺻ
12233,ﺻ
12234,ﺻ
12235,ﺻ
12236,ﺻ
12237,ﺻ
12238,ﺻ
12239,ﺻ
12240,ﺻ
12241,ﺻ
12242,ﺻ
12243,ﺻ
12244,ﺻ
12245,ﺻ
12246,ﺻ
12247,ﺻ
12248,ﺻ
12249,ﺻ
12250,ﺻ
12251,ﺻ
12252,ﺻ
12253,ﺻ
12254,ﺻ
12255,ﺻ
12256,ﺻ
12257,ﺻ
12258,ﺻ
12259,ﺻ
12260,ﺻ
12261,ﺻ
12262,ﺻ
12263,ﺻ
12264,ﺻ
12265,ﺻ
12266,ﺻ
12267,ﺻ
12268,ﺻ
12269,ﺻ
12270,ﺻ
12271,ﺻ
12272,ﺻ
12273,ﺻ
12274,ﺻ
12275,ﺻ
12276,ﺻ
12277,ﺻ
12278,ﺻ
12279,ﺻ
12280,ﺻ
12281,ﺻ
12282,ﺻ
12283,ﺻ
12284,ﺻ
12285,ﺻ
12286,ﺻ
12287,ﺻ
12288,ﺻ
12289,ﺻ
12290,ﺻ
12291,ﺻ
12292,ﺻ
12293,ﺻ
12294,ﺻ
12295,ﺻ
12296,ﺻ
12297,ﺻ
12298,ﺻ
12299,ﺻ
12300,ﺻ
12301,ﺻ
12302,ﺻ
12303,ﺻ
12304,ﺻ
12305,ﺻ
12306,ﺻ
12307,ﺻ
12308,ﺻ
12309,ﺻ
12310,ﺻ
12311,ﺻ
12312,ﺻ
12313,ﺻ
12314,ﺻ
12315,ﺻ
12316,ﺻ
12317,ﺻ
12318,ﺻ
12319,ﺻ
12320,ﺾ
12321,ﺾ
12322,ﺾ
12323,ﺾ
12324,ﺾ
12325,ﺾ
12326,ﺾ
12327,ﺾ
12328,ﺾ
12329,ﺾ
12330,ﺾ
12331,ﺾ
12332,ﺾ
12333,ﺾ
12334,ﺾ
12335,ﺾ
12336,ﺾ
12337,ﺾ
12338,ﺾ
12339,ﺾ
12340,ﺾ
12341,ﺾ
12342,ﺾ
12343,ﺾ
12344,ﺾ
12345,ﺾ
12346,ﺾ
12347,ﺾ
12348,ﺾ
12349,ﺾ
12350,ﺾ
12351,ﺾ
12352,ﺾ
12353,ﺾ
12354,ﺾ
12355,ﺾ
12356,ﺾ
12357,ﺾ
12358,ﺾ
12359,ﺾ
12360,ﺾ
12361,ﺾ
12362,ﺾ
12363,ﺾ
12364,ﺾ
12365,ﺾ
12366,ﺾ
12367,ﺾ
12368,ﺾ
12369,ﺾ
12370,ﺾ
12371,ﺾ
12372,ﺾ
12373,ﺾ
12374,ﺾ
12375,ﺾ
12376,ﺾ
12377,ﺾ
12378,ﺾ
12379,ﺾ
12380,ﺾ
12381,ﺾ
12382,ﺾ
12383,ﺾ
12384,ﺾ
12385,ﺾ
12386,ﺾ
12387,ﺾ
12388,ﺾ
12389,ﺾ
12390,ﺾ
12391,ﺾ
12392,ﺾ
12393,ﺾ
12394,ﺾ
12395,ﺾ
12396,ﺾ
12397,ﺾ
12398,ﺾ
12399,ﺾ
12400,ﺾ
12401,ﺾ
12402,ﺾ
12403,ﺾ
12404,ﺾ
12405,ﺾ
12406,ﺾ
12407,ﺾ
12408,ﺾ
12409,ﺾ
12410,ﺾ
12411,ﺾ
12412,ﺾ
12413,ﺾ
12414,ﺾ
12415,ﺾ
12416,ﺾ
12417,ﺾ
12418,ﺾ
12419,ﺾ
12420,ﺾ
12421,ﺾ
12422,ﺾ
12423,ﺾ
12424,ﺾ
12425,ﺾ
12426,ﺾ
12427,ﺾ
12428,ﺾ
12429,ﺾ
12430,ﺾ
12431,ﺾ
12432,ﺿ
12433,ﺿ
12434,ﺿ
12435,ﺿ
12436,ﺿ
12437,ﺿ
12438,ﺿ
12439,ﺿ
12440,ﺿ
12441,ﺿ
12442,ﺿ
12443,ﺿ
12444,ﺿ
12445,ﺿ
12446,ﺿ
12447,ﺿ
12448,ﺿ
12449,ﺿ
12450,ﺿ
12451,ﺿ
12452,ﺿ
12453,ﺿ
12454,ﺿ
12455,ﺿ
12456,ﺿ
12457,ﺿ
12458,ﺿ
12459,ﺿ
12460,ﺿ
12461,ﺿ
12462,ﺿ
12463,ﺿ
12464,ﺿ
12465,ﺿ
12466,ﺿ
12467,ﺿ
12468,ﺿ
12469,ﺿ
12470,ﺿ
12471,ﺿ
12472,ﺿ
12473,ﺿ
12474,ﺿ
12475,ﺿ
12476,ﺿ
12477,ﺿ
12478,ﺿ
12479,ﺿ
12480,ﺿ
12481,ﺿ
12482,ﺿ
12483,ﺿ
12484,ﺿ
12485,ﺿ
12486,ﺿ
12487,ﺿ
12488,ﺿ
12489,ﺿ
12490,ﺿ
12491,ﺿ
12492,ﺿ
12493,ﺿ
12494,ﺿ
12495,ﺿ
12496,ﺿ
12497,ﺿ
12498,ﺿ
12499,ﺿ
12500,ﺿ
12501,ﺿ
12502,ﺿ
12503,ﺿ
12504,ﺿ
12505,ﺿ
12506,ﺿ
12507,ﺿ
12508,ﺿ
12509,ﺿ
12510,ﺿ
12511,ﺿ
12512,ﺿ
12513,ﺿ
12514,ﺿ
12515,ﺿ
12516,ﺿ
12517,ﺿ
12518,ﺿ
12519,ﺿ
12520,ﺿ
12521,ﺿ
12522,ﺿ
12523,ﺿ
12524,ﺿ
12525,ﺿ
12526,ﺿ
12527,ﺿ
12528,ﺿ
12529,ﺿ
12530,ﺿ
12531,ﺿ
12532,ﺿ
12533,ﺿ
12534,ﺿ
12535,ﺿ
12536,ﺿ
12537,ﺿ
12538,ﺿ
12539,ﺿ
12540,ﺿ
12541,ﺿ
12542,ﺿ
12543,ﺿ
12544,ﻂ
12545,ﻂ
12546,ﻂ
12547,ﻂ
12548,ﻂ
12549,ﻂ
12550,ﻂ
12551,ﻂ
12552,ﻂ
12553,ﻂ
12554,ﻂ
12555,ﻂ
12556,ﻂ
12557,ﻂ
12558,ﻂ
12559,ﻂ
12560,ﻂ
12561,ﻂ
12562,ﻂ
12563,ﻂ
12564,ﻂ
12565,ﻂ
12566,ﻂ
12567,ﻂ
12568,ﻂ
12569,ﻂ
12570,ﻂ
12571,ﻂ
12572,ﻂ
12573,ﻂ
12574,ﻂ
12575,ﻂ
12576,ﻂ
12577,ﻂ
12578,ﻂ
12579,ﻂ
12580,ﻂ
12581,ﻂ
12582,ﻂ
12583,ﻂ
12584,ﻂ
12585,ﻂ
12586,ﻂ
12587,ﻂ
12588,ﻂ
12589,ﻂ
12590,ﻂ
12591,ﻂ
12592,ﻂ
12593,ﻂ
12594,ﻂ
12595,ﻂ
12596,ﻂ
12597,ﻂ
12598,ﻂ
12599,ﻂ
12600,ﻂ
12601,ﻂ
12602,ﻂ
12603,ﻂ
12604,ﻂ
12605,ﻂ
12606,ﻂ
12607,ﻂ
12608,ﻂ
12609,ﻂ
12610,ﻂ
12611,ﻂ
12612,ﻂ
12613,ﻂ
12614,ﻂ
12615,ﻂ
12616,ﻂ
12617,ﻂ
12618,ﻂ
12619,ﻂ
12620,ﻂ
12621,ﻂ
12622,ﻂ
12623,ﻂ
12624,ﻂ
12625,ﻂ
12626,ﻂ
12627,ﻂ
12628,ﻂ
12629,ﻂ
12630,ﻂ
12631,ﻂ
12632,ﻂ
12633,ﻂ
12634,ﻂ
12635,ﻂ
12636,ﻂ
12637,ﻂ
12638,ﻂ
12639,ﻂ
12640,ﻂ
12641,ﻂ
12642,ﻂ
12643,ﻂ
12644,ﻂ
12645,ﻂ
12646,ﻂ
12647,ﻂ
12648,ﻂ
12649,ﻂ
12650,ﻂ
12651,ﻂ
12652,ﻂ
12653,ﻂ
12654,ﻂ
12655,ﻂ
12656,ﻆ
12657,ﻆ
12658,ﻆ
12659,ﻆ
12660,ﻆ
12661,ﻆ
12662,ﻆ
12663,ﻆ
12664,ﻆ
12665,ﻆ
12666,ﻆ
12667,ﻆ
12668,ﻆ
12669,ﻆ
12670,ﻆ
12671,ﻆ
12672,ﻆ
12673,ﻆ
12674,ﻆ
12675,ﻆ
12676,ﻆ
12677,ﻆ
12678,ﻆ
12679,ﻆ
12680,ﻆ
12681,ﻆ
12682,ﻆ
12683,ﻆ
12684,ﻆ
12685,ﻆ
12686,ﻆ
12687,ﻆ
12688,ﻆ
12689,ﻆ
12690,ﻆ
12691,ﻆ
12692,ﻆ
12693,ﻆ
12694,ﻆ
12695,ﻆ
12696,ﻆ
12697,ﻆ
12698,ﻆ
12699,ﻆ
12700,ﻆ
12701,ﻆ
12702,ﻆ
12703,ﻆ
12704,ﻆ
12705,ﻆ
12706,ﻆ
12707,ﻆ
12708,ﻆ
12709,ﻆ
12710,ﻆ
12711,ﻆ
12712,ﻆ
12713,ﻆ
12714,ﻆ
12715,ﻆ
12716,ﻆ
12717,ﻆ
12718,ﻆ
12719,ﻆ
12720,ﻆ
12721,ﻆ
12722,ﻆ
12723,ﻆ
12724,ﻆ
12725,ﻆ
12726,ﻆ
12727,ﻆ
12728,ﻆ
12729,ﻆ
12730,ﻆ
12731,ﻆ
12732,ﻆ
12733,ﻆ
12734,ﻆ
12735,ﻆ
12736,ﻆ
12737,ﻆ
12738,ﻆ
12739,ﻆ
12740,ﻆ
12741,ﻆ
12742,ﻆ
12743,ﻆ
12744,ﻆ
12745,ﻆ
12746,ﻆ
12747,ﻆ
12748,ﻆ
12749,ﻆ
12750,ﻆ
12751,ﻆ
12752,ﻆ
12753,ﻆ
12754,ﻆ
12755,ﻆ
12756,ﻆ
12757,ﻆ
12758,ﻆ
12759,ﻆ
12760,ﻆ
12761,ﻆ
12762,ﻆ
12763,ﻆ
12764,ﻆ
12765,ﻆ
12766,ﻆ
12767,ﻆ
12768,ﻉ
12769,ﻉ
12770,ﻉ
12771,ﻉ
12772,ﻉ
12773,ﻉ
12774,ﻉ
12775,ﻉ
12776,ﻉ
12777,ﻉ
12778,ﻉ
12779,ﻉ
12780,ﻉ
12781,ﻉ
12782,ﻉ
12783,ﻉ
12784,ﻉ
12785,ﻉ
12786,ﻉ
12787,ﻉ
12788,ﻉ
12789,ﻉ
12790,ﻉ
12791,ﻉ
12792,ﻉ
12793,ﻉ
12794,ﻉ
12795,ﻉ
12796,ﻉ
12797,ﻉ
12798,ﻉ
12799,ﻉ
12800,ﻉ
12801,ﻉ
12802,ﻉ
12803,ﻉ
12804,ﻉ
12805,ﻉ
12806,ﻉ
12807,ﻉ
12808,ﻉ
12809,ﻉ
12810,ﻉ
12811,ﻉ
12812,ﻉ
12813,ﻉ
12814,ﻉ
12815,ﻉ
12816,ﻉ
12817,ﻉ
12818,ﻉ
12819,ﻉ
12820,ﻉ
12821,ﻉ
12822,ﻉ
12823,ﻉ
12824,ﻉ
12825,ﻉ
12826,ﻉ
12827,ﻉ
12828,ﻉ
12829,ﻉ
12830,ﻉ
12831,ﻉ
12832,ﻉ
12833,ﻉ
12834,ﻉ
12835,ﻉ
12836,ﻉ
12837,ﻉ
12838,ﻉ
12839,ﻉ
12840,ﻉ
12841,ﻉ
12842,ﻉ
12843,ﻉ
12844,ﻉ
12845,ﻉ
12846,ﻉ
12847,ﻉ
12848,ﻉ
12849,ﻉ
12850,ﻉ
12851,ﻉ
12852,ﻉ
12853,ﻉ
12854,ﻉ
12855,ﻉ
12856,ﻉ
12857,ﻉ
12858,ﻉ
12859,ﻉ
12860,ﻉ
12861,ﻉ
12862,ﻉ
12863,ﻉ
12864,ﻉ
12865,ﻉ
12866,ﻉ
12867,ﻉ
12868,ﻉ
12869,ﻉ
12870,ﻉ
12871,ﻉ
12872,ﻉ
12873,ﻉ
12874,ﻉ
12875,ﻉ
12876,ﻉ
12877,ﻉ
12878,ﻉ
12879,ﻉ
12880,ﻊ
12881,ﻊ
12882,ﻊ
12883,ﻊ
12884,ﻊ
12885,ﻊ
12886,ﻊ
12887,ﻊ
12888,ﻊ
12889,ﻊ
12890,ﻊ
12891,ﻊ
12892,ﻊ
12893,ﻊ
12894,ﻊ
12895,ﻊ
12896,ﻊ
12897,ﻊ
12898,ﻊ
12899,ﻊ
12900,ﻊ
12901,ﻊ
12902,ﻊ
12903,ﻊ
12904,ﻊ
12905,ﻊ
12906,ﻊ
12907,ﻊ
12908,ﻊ
12909,ﻊ
12910,ﻊ
12911,ﻊ
12912,ﻊ
12913,ﻊ
12914,ﻊ
12915,ﻊ
12916,ﻊ
12917,ﻊ
12918,ﻊ
12919,ﻊ
12920,ﻊ
12921,ﻊ
12922,ﻊ
12923,ﻊ
12924,ﻊ
12925,ﻊ
12926,ﻊ
12927,ﻊ
12928,ﻊ
12929,ﻊ
12930,ﻊ
12931,ﻊ
12932,ﻊ
12933,ﻊ
12934,ﻊ
12935,ﻊ
12936,ﻊ
12937,ﻊ
12938,ﻊ
12939,ﻊ
12940,ﻊ
12941,ﻊ
12942,ﻊ
12943,ﻊ
12944,ﻊ
12945,ﻊ
12946,ﻊ
12947,ﻊ
12948,ﻊ
12949,ﻊ
12950,ﻊ
12951,ﻊ
12952,ﻊ
12953,ﻊ
12954,ﻊ
12955,ﻊ
12956,ﻊ
12957,ﻊ
12958,ﻊ
12959,ﻊ
12960,ﻊ
12961,ﻊ
12962,ﻊ
12963,ﻊ
12964,ﻊ
12965,ﻊ
12966,ﻊ
12967,ﻊ
12968,ﻊ
12969,ﻊ
12970,ﻊ
12971,ﻊ
12972,ﻊ
12973,ﻊ
12974,ﻊ
12975,ﻊ
12976,ﻊ
12977,ﻊ
12978,ﻊ
12979,ﻊ
12980,ﻊ
12981,ﻊ
12982,ﻊ
12983,ﻊ
12984,ﻊ
12985,ﻊ
12986,ﻊ
12987,ﻊ
12988,ﻊ
12989,ﻊ
12990,ﻊ
12991,ﻊ
12992,ﻋ
12993,ﻋ
12994,ﻋ
12995,ﻋ
12996,ﻋ
12997,ﻋ
12998,ﻋ
12999,ﻋ
13000,ﻋ
13001,ﻋ
13002,ﻋ
13003,ﻋ
13004,ﻋ
13005,ﻋ
13006,ﻋ
13007,ﻋ
13008,ﻋ
13009,ﻋ
13010,ﻋ
13011,ﻋ
13012,ﻋ
13013,ﻋ
13014,ﻋ
13015,ﻋ
13016,ﻋ
13017,ﻋ
13018,ﻋ
13019,ﻋ
13020,ﻋ
13021,ﻋ
13022,ﻋ
13023,ﻋ
13024,ﻋ
13025,ﻋ
13026,ﻋ
13027,ﻋ
13028,ﻋ
13029,ﻋ
13030,ﻋ
13031,ﻋ
13032,ﻋ
13033,ﻋ
13034,ﻋ
13035,ﻋ
13036,ﻋ
13037,ﻋ
13038,ﻋ
13039,ﻋ
13040,ﻋ
13041,ﻋ
13042,ﻋ
13043,ﻋ
13044,ﻋ
13045,ﻋ
13046,ﻋ
13047,ﻋ
13048,ﻋ
13049,ﻋ
13050,ﻋ
13051,ﻋ
13052,ﻋ
13053,ﻋ
13054,ﻋ
13055,ﻋ
13056,ﻋ
13057,ﻋ
13058,ﻋ
13059,ﻋ
13060,ﻋ
13061,ﻋ
13062,ﻋ
13063,ﻋ
13064,ﻋ
13065,ﻋ
13066,ﻋ
13067,ﻋ
13068,ﻋ
13069,ﻋ
13070,ﻋ
13071,ﻋ
13072,ﻋ
13073,ﻋ
13074,ﻋ
13075,ﻋ
13076,ﻋ
13077,ﻋ
13078,ﻋ
13079,ﻋ
13080,ﻋ
13081,ﻋ
13082,ﻋ
13083,ﻋ
13084,ﻋ
13085,ﻋ
13086,ﻋ
13087,ﻋ
13088,ﻋ
13089,ﻋ
13090,ﻋ
13091,ﻋ
13092,ﻋ
13093,ﻋ
13094,ﻋ
13095,ﻋ
13096,ﻋ
13097,ﻋ
13098,ﻋ
13099,ﻋ
13100,ﻋ
13101,ﻋ
13102,ﻋ
13103,ﻋ
13104,ﻌ
13105,ﻌ
13106,ﻌ
13107,ﻌ
13108,ﻌ
13109,ﻌ
13110,ﻌ
13111,ﻌ
13112,ﻌ
13113,ﻌ
13114,ﻌ
13115,ﻌ
13116,ﻌ
13117,ﻌ
13118,ﻌ
13119,ﻌ
13120,ﻌ
13121,ﻌ
13122,ﻌ
13123,ﻌ
13124,ﻌ
13125,ﻌ
13126,ﻌ
13127,ﻌ
13128,ﻌ
13129,ﻌ
13130,ﻌ
13131,ﻌ
13132,ﻌ
13133,ﻌ
13134,ﻌ
13135,ﻌ
13136,ﻌ
13137,ﻌ
13138,ﻌ
13139,ﻌ
13140,ﻌ
13141,ﻌ
13142,ﻌ
13143,ﻌ
13144,ﻌ
13145,ﻌ
13146,ﻌ
13147,ﻌ
13148,ﻌ
13149,ﻌ
13150,ﻌ
13151,ﻌ
13152,ﻌ
13153,ﻌ
13154,ﻌ
13155,ﻌ
13156,ﻌ
13157,ﻌ
13158,ﻌ
13159,ﻌ
13160,ﻌ
13161,ﻌ
13162,ﻌ
13163,ﻌ
13164,ﻌ
13165,ﻌ
13166,ﻌ
13167,ﻌ
13168,ﻌ
13169,ﻌ
13170,ﻌ
13171,ﻌ
13172,ﻌ
13173,ﻌ
13174,ﻌ
13175,ﻌ
13176,ﻌ
13177,ﻌ
13178,ﻌ
13179,ﻌ
13180,ﻌ
13181,ﻌ
13182,ﻌ
13183,ﻌ
13184,ﻌ
13185,ﻌ
13186,ﻌ
13187,ﻌ
13188,ﻌ
13189,ﻌ
13190,ﻌ
13191,ﻌ
13192,ﻌ
13193,ﻌ
13194,ﻌ
13195,ﻌ
13196,ﻌ
13197,ﻌ
13198,ﻌ
13199,ﻌ
13200,ﻌ
13201,ﻌ
13202,ﻌ
13203,ﻌ
13204,ﻌ
13205,ﻌ
13206,ﻌ
13207,ﻌ
13208,ﻌ
13209,ﻌ
13210,ﻌ
13211,ﻌ
13212,ﻌ
13213,ﻌ
13214,ﻌ
13215,ﻌ
13216,ﻍ
13217,ﻍ
13218,ﻍ
13219,ﻍ
13220,ﻍ
13221,ﻍ
13222,ﻍ
13223,ﻍ
13224,ﻍ
13225,ﻍ
13226,ﻍ
13227,ﻍ
13228,ﻍ
13229,ﻍ
13230,ﻍ
13231,ﻍ
13232,ﻍ
13233,ﻍ
13234,ﻍ
13235,ﻍ
13236,ﻍ
13237,ﻍ
13238,ﻍ
13239,ﻍ
13240,ﻍ
13241,ﻍ
13242,ﻍ
13243,ﻍ
13244,ﻍ
13245,ﻍ
13246,ﻍ
13247,ﻍ
13248,ﻍ
13249,ﻍ
13250,ﻍ
13251,ﻍ
13252,ﻍ
13253,ﻍ
13254,ﻍ
13255,ﻍ
13256,ﻍ
13257,ﻍ
13258,ﻍ
13259,ﻍ
13260,ﻍ
13261,ﻍ
13262,ﻍ
13263,ﻍ
13264,ﻍ
13265,ﻍ
13266,ﻍ
13267,ﻍ
13268,ﻍ
13269,ﻍ
13270,ﻍ
13271,ﻍ
13272,ﻍ
13273,ﻍ
13274,ﻍ
13275,ﻍ
13276,ﻍ
13277,ﻍ
13278,ﻍ
13279,ﻍ
13280,ﻍ
13281,ﻍ
13282,ﻍ
13283,ﻍ
13284,ﻍ
13285,ﻍ
13286,ﻍ
13287,ﻍ
13288,ﻍ
13289,ﻍ
13290,ﻍ
13291,ﻍ
13292,ﻍ
13293,ﻍ
13294,ﻍ
13295,ﻍ
13296,ﻍ
13297,ﻍ
13298,ﻍ
13299,ﻍ
13300,ﻍ
13301,ﻍ
13302,ﻍ
13303,ﻍ
13304,ﻍ
13305,ﻍ
13306,ﻍ
13307,ﻍ
13308,ﻍ
13309,ﻍ
13310,ﻍ
13311,ﻍ
13312,ﻍ
13313,ﻍ
13314,ﻍ
13315,ﻍ
13316,ﻍ
13317,ﻍ
13318,ﻍ
13319,ﻍ
13320,ﻍ
13321,ﻍ
13322,ﻍ
13323,ﻍ
13324,ﻍ
13325,ﻍ
13326,ﻍ
13327,ﻍ
13328,ﻎ
13329,ﻎ
13330,ﻎ
13331,ﻎ
13332,ﻎ
13333,ﻎ
13334,ﻎ
13335,ﻎ
13336,ﻎ
13337,ﻎ
13338,ﻎ
13339,ﻎ
13340,ﻎ
13341,ﻎ
13342,ﻎ
13343,ﻎ
13344,ﻎ
13345,ﻎ
13346,ﻎ
13347,ﻎ
13348,ﻎ
13349,ﻎ
13350,ﻎ
13351,ﻎ
13352,ﻎ
13353,ﻎ
13354,ﻎ
13355,ﻎ
13356,ﻎ
13357,ﻎ
13358,ﻎ
13359,ﻎ
13360,ﻎ
13361,ﻎ
13362,ﻎ
13363,ﻎ
13364,ﻎ
13365,ﻎ
13366,ﻎ
13367,ﻎ
13368,ﻎ
13369,ﻎ
13370,ﻎ
13371,ﻎ
13372,ﻎ
13373,ﻎ
13374,ﻎ
13375,ﻎ
13376,ﻎ
13377,ﻎ
13378,ﻎ
13379,ﻎ
13380,ﻎ
13381,ﻎ
13382,ﻎ
13383,ﻎ
13384,ﻎ
13385,ﻎ
13386,ﻎ
13387,ﻎ
13388,ﻎ
13389,ﻎ
13390,ﻎ
13391,ﻎ
13392,ﻎ
13393,ﻎ
13394,ﻎ
13395,ﻎ
13396,ﻎ
13397,ﻎ
13398,ﻎ
13399,ﻎ
13400,ﻎ
13401,ﻎ
13402,ﻎ
13403,ﻎ
13404,ﻎ
13405,ﻎ
13406,ﻎ
13407,ﻎ
13408,ﻎ
13409,ﻎ
13410,ﻎ
13411,ﻎ
13412,ﻎ
13413,ﻎ
13414,ﻎ
13415,ﻎ
13416,ﻎ
13417,ﻎ
13418,ﻎ
13419,ﻎ
13420,ﻎ
13421,ﻎ
13422,ﻎ
13423,ﻎ
13424,ﻎ
13425,ﻎ
13426,ﻎ
13427,ﻎ
13428,ﻎ
13429,ﻎ
13430,ﻎ
13431,ﻎ
13432,ﻎ
13433,ﻎ
13434,ﻎ
13435,ﻎ
13436,ﻎ
13437,ﻎ
13438,ﻎ
13439,ﻎ
13440,ﻏ
13441,ﻏ
13442,ﻏ
13443,ﻏ
13444,ﻏ
13445,ﻏ
13446,ﻏ
13447,ﻏ
13448,ﻏ
13449,ﻏ
13450,ﻏ
13451,ﻏ
13452,ﻏ
13453,ﻏ
13454,ﻏ
13455,ﻏ
13456,ﻏ
13457,ﻏ
13458,ﻏ
13459,ﻏ
13460,ﻏ
13461,ﻏ
13462,ﻏ
13463,ﻏ
13464,ﻏ
13465,ﻏ
13466,ﻏ
13467,ﻏ
13468,ﻏ
13469,ﻏ
13470,ﻏ
13471,ﻏ
13472,ﻏ
13473,ﻏ
13474,ﻏ
13475,ﻏ
13476,ﻏ
13477,ﻏ
13478,ﻏ
13479,ﻏ
13480,ﻏ
13481,ﻏ
13482,ﻏ
13483,ﻏ
13484,ﻏ
13485,ﻏ
13486,ﻏ
13487,ﻏ
13488,ﻏ
13489,ﻏ
13490,ﻏ
13491,ﻏ
13492,ﻏ
13493,ﻏ
13494,ﻏ
13495,ﻏ
13496,ﻏ
13497,ﻏ
13498,ﻏ
13499,ﻏ
13500,ﻏ
13501,ﻏ
13502,ﻏ
13503,ﻏ
13504,ﻏ
13505,ﻏ
13506,ﻏ
13507,ﻏ
13508,ﻏ
13509,ﻏ
13510,ﻏ
13511,ﻏ
13512,ﻏ
13513,ﻏ
13514,ﻏ
13515,ﻏ
13516,ﻏ
13517,ﻏ
13518,ﻏ
13519,ﻏ
13520,ﻏ
13521,ﻏ
13522,ﻏ
13523,ﻏ
13524,ﻏ
13525,ﻏ
13526,ﻏ
13527,ﻏ
13528,ﻏ
13529,ﻏ
13530,ﻏ
13531,ﻏ
13532,ﻏ
13533,ﻏ
13534,ﻏ
13535,ﻏ
13536,ﻏ
13537,ﻏ
13538,ﻏ
13539,ﻏ
13540,ﻏ
13541,ﻏ
13542,ﻏ
13543,ﻏ
13544,ﻏ
13545,ﻏ
13546,ﻏ
13547,ﻏ
13548,ﻏ
13549,ﻏ
13550,ﻏ
13551,ﻏ
13552,ﻐ
13553,ﻐ
13554,ﻐ
13555,ﻐ
13556,ﻐ
13557,ﻐ
13558,ﻐ
13559,ﻐ
13560,ﻐ
13561,ﻐ
13562,ﻐ
13563,ﻐ
13564,ﻐ
13565,ﻐ
13566,ﻐ
13567,ﻐ
13568,ﻐ
13569,ﻐ
13570,ﻐ
13571,ﻐ
13572,ﻐ
13573,ﻐ
13574,ﻐ
13575,ﻐ
13576,ﻐ
13577,ﻐ
13578,ﻐ
13579,ﻐ
13580,ﻐ
13581,ﻐ
13582,ﻐ
13583,ﻐ
13584,ﻐ
13585,ﻐ
13586,ﻐ
13587,ﻐ
13588,ﻐ
13589,ﻐ
13590,ﻐ
13591,ﻐ
13592,ﻐ
13593,ﻐ
13594,ﻐ
13595,ﻐ
13596,ﻐ
13597,ﻐ
13598,ﻐ
13599,ﻐ
13600,ﻐ
13601,ﻐ
13602,ﻐ
13603,ﻐ
13604,ﻐ
13605,ﻐ
13606,ﻐ
13607,ﻐ
13608,ﻐ
13609,ﻐ
13610,ﻐ
13611,ﻐ
13612,ﻐ
13613,ﻐ
13614,ﻐ
13615,ﻐ
13616,ﻐ
13617,ﻐ
13618,ﻐ
13619,ﻐ
13620,ﻐ
13621,ﻐ
13622,ﻐ
13623,ﻐ
13624,ﻐ
13625,ﻐ
13626,ﻐ
13627,ﻐ
13628,ﻐ
13629,ﻐ
13630,ﻐ
13631,ﻐ
13632,ﻐ
13633,ﻐ
13634,ﻐ
13635,ﻐ
13636,ﻐ
13637,ﻐ
13638,ﻐ
13639,ﻐ
13640,ﻐ
13641,ﻐ
13642,ﻐ
13643,ﻐ
13644,ﻐ
13645,ﻐ
13646,ﻐ
13647,ﻐ
13648,ﻐ
13649,ﻐ
13650,ﻐ
13651,ﻐ
13652,ﻐ
13653,ﻐ
13654,ﻐ
13655,ﻐ
13656,ﻐ
13657,ﻐ
13658,ﻐ
13659,ﻐ
13660,ﻐ
13661,ﻐ
13662,ﻐ
13663,ﻐ
13664,ﻒ
13665,ﻒ
13666,ﻒ
13667,ﻒ
13668,ﻒ
13669,ﻒ
13670,ﻒ
13671,ﻒ
13672,ﻒ
13673,ﻒ
13674,ﻒ
13675,ﻒ
13676,ﻒ
13677,ﻒ
13678,ﻒ
13679,ﻒ
13680,ﻒ
13681,ﻒ
13682,ﻒ
13683,ﻒ
13684,ﻒ
13685,ﻒ
13686,ﻒ
13687,ﻒ
13688,ﻒ
13689,ﻒ
13690,ﻒ
13691,ﻒ
13692,ﻒ
13693,ﻒ
13694,ﻒ
13695,ﻒ
13696,ﻒ
13697,ﻒ
13698,ﻒ
13699,ﻒ
13700,ﻒ
13701,ﻒ
13702,ﻒ
13703,ﻒ
13704,ﻒ
13705,ﻒ
13706,ﻒ
13707,ﻒ
13708,ﻒ
13709,ﻒ
13710,ﻒ
13711,ﻒ
13712,ﻒ
13713,ﻒ
13714,ﻒ
13715,ﻒ
13716,ﻒ
13717,ﻒ
13718,ﻒ
13719,ﻒ
13720,ﻒ
13721,ﻒ
13722,ﻒ
13723,ﻒ
13724,ﻒ
13725,ﻒ
13726,ﻒ
13727,ﻒ
13728,ﻒ
13729,ﻒ
13730,ﻒ
13731,ﻒ
13732,ﻒ
13733,ﻒ
13734,ﻒ
13735,ﻒ
13736,ﻒ
13737,ﻒ
13738,ﻒ
13739,ﻒ
13740,ﻒ
13741,ﻒ
13742,ﻒ
13743,ﻒ
13744,ﻒ
13745,ﻒ
13746,ﻒ
13747,ﻒ
13748,ﻒ
13749,ﻒ
13750,ﻒ
13751,ﻒ
13752,ﻒ
13753,ﻒ
13754,ﻒ
13755,ﻒ
13756,ﻒ
13757,ﻒ
13758,ﻒ
13759,ﻒ
13760,ﻒ
13761,ﻒ
13762,ﻒ
13763,ﻒ
13764,ﻒ
13765,ﻒ
13766,ﻒ
13767,ﻒ
13768,ﻒ
13769,ﻒ
13770,ﻒ
13771,ﻒ
13772,ﻒ
13773,ﻒ
13774,ﻒ
13775,ﻒ
13776,ﻓ
13777,ﻓ
13778,ﻓ
13779,ﻓ
13780,ﻓ
13781,ﻓ
13782,ﻓ
13783,ﻓ
13784,ﻓ
13785,ﻓ
13786,ﻓ
13787,ﻓ
13788,ﻓ
13789,ﻓ
13790,ﻓ
13791,ﻓ
13792,ﻓ
13793,ﻓ
13794,ﻓ
13795,ﻓ
13796,ﻓ
13797,ﻓ
13798,ﻓ
13799,ﻓ
13800,ﻓ
13801,ﻓ
13802,ﻓ
13803,ﻓ
13804,ﻓ
13805,ﻓ
13806,ﻓ
13807,ﻓ
13808,ﻓ
13809,ﻓ
13810,ﻓ
13811,ﻓ
13812,ﻓ
13813,ﻓ
13814,ﻓ
13815,ﻓ
13816,ﻓ
13817,ﻓ
13818,ﻓ
13819,ﻓ
13820,ﻓ
13821,ﻓ
13822,ﻓ
13823,ﻓ
13824,ﻓ
13825,ﻓ
13826,ﻓ
13827,ﻓ
13828,ﻓ
13829,ﻓ
13830,ﻓ
13831,ﻓ
13832,ﻓ
13833,ﻓ
13834,ﻓ
13835,ﻓ
13836,ﻓ
13837,ﻓ
13838,ﻓ
13839,ﻓ
13840,ﻓ
13841,ﻓ
13842,ﻓ
13843,ﻓ
13844,ﻓ
13845,ﻓ
13846,ﻓ
13847,ﻓ
13848,ﻓ
13849,ﻓ
13850,ﻓ
13851,ﻓ
13852,ﻓ
13853,ﻓ
13854,ﻓ
13855,ﻓ
13856,ﻓ
13857,ﻓ
13858,ﻓ
13859,ﻓ
13860,ﻓ
13861,ﻓ
13862,ﻓ
13863,ﻓ
13864,ﻓ
13865,ﻓ
13866,ﻓ
13867,ﻓ
13868,ﻓ
13869,ﻓ
13870,ﻓ
13871,ﻓ
13872,ﻓ
13873,ﻓ
13874,ﻓ
13875,ﻓ
13876,ﻓ
13877,ﻓ
13878,ﻓ
13879,ﻓ
13880,ﻓ
13881,ﻓ
13882,ﻓ
13883,ﻓ
13884,ﻓ
13885,ﻓ
13886,ﻓ
13887,ﻓ
13888,ﻖ
13889,ﻖ
13890,ﻖ
13891,ﻖ
13892,ﻖ
13893,ﻖ
13894,ﻖ
13895,ﻖ
13896,ﻖ
13897,ﻖ
13898,ﻖ
13899,ﻖ
13900,ﻖ
13901,ﻖ
13902,ﻖ
13903,ﻖ
13904,ﻖ
13905,ﻖ
13906,ﻖ
13907,ﻖ
13908,ﻖ
13909,ﻖ
13910,ﻖ
13911,ﻖ
13912,ﻖ
13913,ﻖ
13914,ﻖ
13915,ﻖ
13916,ﻖ
13917,ﻖ
13918,ﻖ
13919,ﻖ
13920,ﻖ
13921,ﻖ
13922,ﻖ
13923,ﻖ
13924,ﻖ
13925,ﻖ
13926,ﻖ
13927,ﻖ
13928,ﻖ
13929,ﻖ
13930,ﻖ
13931,ﻖ
13932,ﻖ
13933,ﻖ
13934,ﻖ
13935,ﻖ
13936,ﻖ
13937,ﻖ
13938,ﻖ
13939,ﻖ
13940,ﻖ
13941,ﻖ
13942,ﻖ
13943,ﻖ
13944,ﻖ
13945,ﻖ
13946,ﻖ
13947,ﻖ
13948,ﻖ
13949,ﻖ
13950,ﻖ
13951,ﻖ
13952,ﻖ
13953,ﻖ
13954,ﻖ
13955,ﻖ
13956,ﻖ
13957,ﻖ
13958,ﻖ
13959,ﻖ
13960,ﻖ
13961,ﻖ
13962,ﻖ
13963,ﻖ
13964,ﻖ
13965,ﻖ
13966,ﻖ
13967,ﻖ
13968,ﻖ
13969,ﻖ
13970,ﻖ
13971,ﻖ
13972,ﻖ
13973,ﻖ
13974,ﻖ
13975,ﻖ
13976,ﻖ
13977,ﻖ
13978,ﻖ
13979,ﻖ
13980,ﻖ
13981,ﻖ
13982,ﻖ
13983,ﻖ
13984,ﻖ
13985,ﻖ
13986,ﻖ
13987,ﻖ
13988,ﻖ
13989,ﻖ
13990,ﻖ
13991,ﻖ
13992,ﻖ
13993,ﻖ
13994,ﻖ
13995,ﻖ
13996,ﻖ
13997,ﻖ
13998,ﻖ
13999,ﻖ
14000,ﻗ
14001,ﻗ
14002,ﻗ
14003,ﻗ
14004,ﻗ
14005,ﻗ
14006,ﻗ
14007,ﻗ
14008,ﻗ
14009,ﻗ
14010,ﻗ
14011,ﻗ
14012,ﻗ
14013,ﻗ
14014,ﻗ
14015,ﻗ
14016,ﻗ
14017,ﻗ
14018,ﻗ
14019,ﻗ
14020,ﻗ
14021,ﻗ
14022,ﻗ
14023,ﻗ
14024,ﻗ
14025,ﻗ
14026,ﻗ
14027,ﻗ
14028,ﻗ
14029,ﻗ
14030,ﻗ
14031,ﻗ
14032,ﻗ
14033,ﻗ
14034,ﻗ
14035,ﻗ
14036,ﻗ
14037,ﻗ
14038,ﻗ
14039,ﻗ
14040,ﻗ
14041,ﻗ
14042,ﻗ
14043,ﻗ
14044,ﻗ
14045,ﻗ
14046,ﻗ
14047,ﻗ
14048,ﻗ
14049,ﻗ
14050,ﻗ
14051,ﻗ
14052,ﻗ
14053,ﻗ
14054,ﻗ
14055,ﻗ
14056,ﻗ
14057,ﻗ
14058,ﻗ
14059,ﻗ
14060,ﻗ
14061,ﻗ
14062,ﻗ
14063,ﻗ
14064,ﻗ
14065,ﻗ
14066,ﻗ
14067,ﻗ
14068,ﻗ
14069,ﻗ
14070,ﻗ
14071,ﻗ
14072,ﻗ
14073,ﻗ
14074,ﻗ
14075,ﻗ
14076,ﻗ
14077,ﻗ
14078,ﻗ
14079,ﻗ
14080,ﻗ
14081,ﻗ
14082,ﻗ
14083,ﻗ
14084,ﻗ
14085,ﻗ
14086,ﻗ
14087,ﻗ
14088,ﻗ
14089,ﻗ
14090,ﻗ
14091,ﻗ
14092,ﻗ
14093,ﻗ
14094,ﻗ
14095,ﻗ
14096,ﻗ
14097,ﻗ
14098,ﻗ
14099,ﻗ
14100,ﻗ
14101,ﻗ
14102,ﻗ
14103,ﻗ
14104,ﻗ
14105,ﻗ
14106,ﻗ
14107,ﻗ
14108,ﻗ
14109,ﻗ
14110,ﻗ
14111,ﻗ
14112,ﻘ
14113,ﻘ
14114,ﻘ
14115,ﻘ
14116,ﻘ
14117,ﻘ
14118,ﻘ
14119,ﻘ
14120,ﻘ
14121,ﻘ
14122,ﻘ
14123,ﻘ
14124,ﻘ
14125,ﻘ
14126,ﻘ
14127,ﻘ
14128,ﻘ
14129,ﻘ
14130,ﻘ
14131,ﻘ
14132,ﻘ
14133,ﻘ
14134,ﻘ
14135,ﻘ
14136,ﻘ
14137,ﻘ
14138,ﻘ
14139,ﻘ
14140,ﻘ
14141,ﻘ
14142,ﻘ
14143,ﻘ
14144,ﻘ
14145,ﻘ
14146,ﻘ
14147,ﻘ
14148,ﻘ
14149,ﻘ
14150,ﻘ
14151,ﻘ
14152,ﻘ
14153,ﻘ
14154,ﻘ
14155,ﻘ
14156,ﻘ
14157,ﻘ
14158,ﻘ
14159,ﻘ
14160,ﻘ
14161,ﻘ
14162,ﻘ
14163,ﻘ
14164,ﻘ
14165,ﻘ
14166,ﻘ
14167,ﻘ
14168,ﻘ
14169,ﻘ
14170,ﻘ
14171,ﻘ
14172,ﻘ
14173,ﻘ
14174,ﻘ
14175,ﻘ
14176,ﻘ
14177,ﻘ
14178,ﻘ
14179,ﻘ
14180,ﻘ
14181,ﻘ
14182,ﻘ
14183,ﻘ
14184,ﻘ
14185,ﻘ
14186,ﻘ
14187,ﻘ
14188,ﻘ
14189,ﻘ
14190,ﻘ
14191,ﻘ
14192,ﻘ
14193,ﻘ
14194,ﻘ
14195,ﻘ
14196,ﻘ
14197,ﻘ
14198,ﻘ
14199,ﻘ
14200,ﻘ
14201,ﻘ
14202,ﻘ
14203,ﻘ
14204,ﻘ
14205,ﻘ
14206,ﻘ
14207,ﻘ
14208,ﻘ
14209,ﻘ
14210,ﻘ
14211,ﻘ
14212,ﻘ
14213,ﻘ
14214,ﻘ
14215,ﻘ
14216,ﻘ
14217,ﻘ
14218,ﻘ
14219,ﻘ
14220,ﻘ
14221,ﻘ
14222,ﻘ
14223,ﻘ
14224,ﻚ
14225,ﻚ
14226,ﻚ
14227,ﻚ
14228,ﻚ
14229,ﻚ
14230,ﻚ
14231,ﻚ
14232,ﻚ
14233,ﻚ
14234,ﻚ
14235,ﻚ
14236,ﻚ
14237,ﻚ
14238,ﻚ
14239,ﻚ
14240,ﻚ
14241,ﻚ
14242,ﻚ
14243,ﻚ
14244,ﻚ
14245,ﻚ
14246,ﻚ
14247,ﻚ
14248,ﻚ
14249,ﻚ
14250,ﻚ
14251,ﻚ
14252,ﻚ
14253,ﻚ
14254,ﻚ
14255,ﻚ
14256,ﻚ
14257,ﻚ
14258,ﻚ
14259,ﻚ
14260,ﻚ
14261,ﻚ
14262,ﻚ
14263,ﻚ
14264,ﻚ
14265,ﻚ
14266,ﻚ
14267,ﻚ
14268,ﻚ
14269,ﻚ
14270,ﻚ
14271,ﻚ
14272,ﻚ
14273,ﻚ
14274,ﻚ
14275,ﻚ
14276,ﻚ
14277,ﻚ
14278,ﻚ
14279,ﻚ
14280,ﻚ
14281,ﻚ
14282,ﻚ
14283,ﻚ
14284,ﻚ
14285,ﻚ
14286,ﻚ
14287,ﻚ
14288,ﻚ
14289,ﻚ
14290,ﻚ
14291,ﻚ
14292,ﻚ
14293,ﻚ
14294,ﻚ
14295,ﻚ
14296,ﻚ
14297,ﻚ
14298,ﻚ
14299,ﻚ
14300,ﻚ
14301,ﻚ
14302,ﻚ
14303,ﻚ
14304,ﻚ
14305,ﻚ
14306,ﻚ
14307,ﻚ
14308,ﻚ
14309,ﻚ
14310,ﻚ
14311,ﻚ
14312,ﻚ
14313,ﻚ
14314,ﻚ
14315,ﻚ
14316,ﻚ
14317,ﻚ
14318,ﻚ
14319,ﻚ
14320,ﻚ
14321,ﻚ
14322,ﻚ
14323,ﻚ
14324,ﻚ
14325,ﻚ
14326,ﻚ
14327,ﻚ
14328,ﻚ
14329,ﻚ
14330,ﻚ
14331,ﻚ
14332,ﻚ
14333,ﻚ
14334,ﻚ
14335,ﻚ
14336,ﻛ
14337,ﻛ
14338,ﻛ
14339,ﻛ
14340,ﻛ
14341,ﻛ
14342,ﻛ
14343,ﻛ
14344,ﻛ
14345,ﻛ
14346,ﻛ
14347,ﻛ
14348,ﻛ
14349,ﻛ
14350,ﻛ
14351,ﻛ
14352,ﻛ
14353,ﻛ
14354,ﻛ
14355,ﻛ
14356,ﻛ
14357,ﻛ
14358,ﻛ
14359,ﻛ
14360,ﻛ
14361,ﻛ
14362,ﻛ
14363,ﻛ
14364,ﻛ
14365,ﻛ
14366,ﻛ
14367,ﻛ
14368,ﻛ
14369,ﻛ
14370,ﻛ
14371,ﻛ
14372,ﻛ
14373,ﻛ
14374,ﻛ
14375,ﻛ
14376,ﻛ
14377,ﻛ
14378,ﻛ
14379,ﻛ
14380,ﻛ
14381,ﻛ
14382,ﻛ
14383,ﻛ
14384,ﻛ
14385,ﻛ
14386,ﻛ
14387,ﻛ
14388,ﻛ
14389,ﻛ
14390,ﻛ
14391,ﻛ
14392,ﻛ
14393,ﻛ
14394,ﻛ
14395,ﻛ
14396,ﻛ
14397,ﻛ
14398,ﻛ
14399,ﻛ
14400,ﻛ
14401,ﻛ
14402,ﻛ
14403,ﻛ
14404,ﻛ
14405,ﻛ
14406,ﻛ
14407,ﻛ
14408,ﻛ
14409,ﻛ
14410,ﻛ
14411,ﻛ
14412,ﻛ
14413,ﻛ
14414,ﻛ
14415,ﻛ
14416,ﻛ
14417,ﻛ
14418,ﻛ
14419,ﻛ
14420,ﻛ
14421,ﻛ
14422,ﻛ
14423,ﻛ
14424,ﻛ
14425,ﻛ
14426,ﻛ
14427,ﻛ
14428,ﻛ
14429,ﻛ
14430,ﻛ
14431,ﻛ
14432,ﻛ
14433,ﻛ
14434,ﻛ
14435,ﻛ
14436,ﻛ
14437,ﻛ
14438,ﻛ
14439,ﻛ
14440,ﻛ
14441,ﻛ
14442,ﻛ
14443,ﻛ
14444,ﻛ
14445,ﻛ
14446,ﻛ
14447,ﻛ
14448,ﻞ
14449,ﻞ
14450,ﻞ
14451,ﻞ
14452,ﻞ
14453,ﻞ
14454,ﻞ
14455,ﻞ
14456,ﻞ
14457,ﻞ
14458,ﻞ
14459,ﻞ
14460,ﻞ
14461,ﻞ
14462,ﻞ
14463,ﻞ
14464,ﻞ
14465,ﻞ
14466,ﻞ
14467,ﻞ
14468,ﻞ
14469,ﻞ
14470,ﻞ
14471,ﻞ
14472,ﻞ
14473,ﻞ
14474,ﻞ
14475,ﻞ
14476,ﻞ
14477,ﻞ
14478,ﻞ
14479,ﻞ
14480,ﻞ
14481,ﻞ
14482,ﻞ
14483,ﻞ
14484,ﻞ
14485,ﻞ
14486,ﻞ
14487,ﻞ
14488,ﻞ
14489,ﻞ
14490,ﻞ
14491,ﻞ
14492,ﻞ
14493,ﻞ
14494,ﻞ
14495,ﻞ
14496,ﻞ
14497,ﻞ
14498,ﻞ
14499,ﻞ
14500,ﻞ
14501,ﻞ
14502,ﻞ
14503,ﻞ
14504,ﻞ
14505,ﻞ
14506,ﻞ
14507,ﻞ
14508,ﻞ
14509,ﻞ
14510,ﻞ
14511,ﻞ
14512,ﻞ
14513,ﻞ
14514,ﻞ
14515,ﻞ
14516,ﻞ
14517,ﻞ
14518,ﻞ
14519,ﻞ
14520,ﻞ
14521,ﻞ
14522,ﻞ
14523,ﻞ
14524,ﻞ
14525,ﻞ
14526,ﻞ
14527,ﻞ
14528,ﻞ
14529,ﻞ
14530,ﻞ
14531,ﻞ
14532,ﻞ
14533,ﻞ
14534,ﻞ
14535,ﻞ
14536,ﻞ
14537,ﻞ
14538,ﻞ
14539,ﻞ
14540,ﻞ
14541,ﻞ
14542,ﻞ
14543,ﻞ
14544,ﻞ
14545,ﻞ
14546,ﻞ
14547,ﻞ
14548,ﻞ
14549,ﻞ
14550,ﻞ
14551,ﻞ
14552,ﻞ
14553,ﻞ
14554,ﻞ
14555,ﻞ
14556,ﻞ
14557,ﻞ
14558,ﻞ
14559,ﻞ
14560,ﻟ
14561,ﻟ
14562,ﻟ
14563,ﻟ
14564,ﻟ
14565,ﻟ
14566,ﻟ
14567,ﻟ
14568,ﻟ
14569,ﻟ
14570,ﻟ
14571,ﻟ
14572,ﻟ
14573,ﻟ
14574,ﻟ
14575,ﻟ
14576,ﻟ
14577,ﻟ
14578,ﻟ
14579,ﻟ
14580,ﻟ
14581,ﻟ
14582,ﻟ
14583,ﻟ
14584,ﻟ
14585,ﻟ
14586,ﻟ
14587,ﻟ
14588,ﻟ
14589,ﻟ
14590,ﻟ
14591,ﻟ
14592,ﻟ
14593,ﻟ
14594,ﻟ
14595,ﻟ
14596,ﻟ
14597,ﻟ
14598,ﻟ
14599,ﻟ
14600,ﻟ
14601,ﻟ
14602,ﻟ
14603,ﻟ
14604,ﻟ
14605,ﻟ
14606,ﻟ
14607,ﻟ
14608,ﻟ
14609,ﻟ
14610,ﻟ
14611,ﻟ
14612,ﻟ
14613,ﻟ
14614,ﻟ
14615,ﻟ
14616,ﻟ
14617,ﻟ
14618,ﻟ
14619,ﻟ
14620,ﻟ
14621,ﻟ
14622,ﻟ
14623,ﻟ
14624,ﻟ
14625,ﻟ
14626,ﻟ
14627,ﻟ
14628,ﻟ
14629,ﻟ
14630,ﻟ
14631,ﻟ
14632,ﻟ
14633,ﻟ
14634,ﻟ
14635,ﻟ
14636,ﻟ
14637,ﻟ
14638,ﻟ
14639,ﻟ
14640,ﻟ
14641,ﻟ
14642,ﻟ
14643,ﻟ
14644,ﻟ
14645,ﻟ
14646,ﻟ
14647,ﻟ
14648,ﻟ
14649,ﻟ
14650,ﻟ
14651,ﻟ
14652,ﻟ
14653,ﻟ
14654,ﻟ
14655,ﻟ
14656,ﻟ
14657,ﻟ
14658,ﻟ
14659,ﻟ
14660,ﻟ
14661,ﻟ
14662,ﻟ
14663,ﻟ
14664,ﻟ
14665,ﻟ
14666,ﻟ
14667,ﻟ
14668,ﻟ
14669,ﻟ
14670,ﻟ
14671,ﻟ
14672,ﻠ
14673,ﻠ
14674,ﻠ
14675,ﻠ
14676,ﻠ
14677,ﻠ
14678,ﻠ
14679,ﻠ
14680,ﻠ
14681,ﻠ
14682,ﻠ
14683,ﻠ
14684,ﻠ
14685,ﻠ
14686,ﻠ
14687,ﻠ
14688,ﻠ
14689,ﻠ
14690,ﻠ
14691,ﻠ
14692,ﻠ
14693,ﻠ
14694,ﻠ
14695,ﻠ
14696,ﻠ
14697,ﻠ
14698,ﻠ
14699,ﻠ
14700,ﻠ
14701,ﻠ
14702,ﻠ
14703,ﻠ
14704,ﻠ
14705,ﻠ
14706,ﻠ
14707,ﻠ
14708,ﻠ
14709,ﻠ
14710,ﻠ
14711,ﻠ
14712,ﻠ
14713,ﻠ
14714,ﻠ
14715,ﻠ
14716,ﻠ
14717,ﻠ
14718,ﻠ
14719,ﻠ
14720,ﻠ
14721,ﻠ
14722,ﻠ
14723,ﻠ
14724,ﻠ
14725,ﻠ
14726,ﻠ
14727,ﻠ
14728,ﻠ
14729,ﻠ
14730,ﻠ
14731,ﻠ
14732,ﻠ
14733,ﻠ
14734,ﻠ
14735,ﻠ
14736,ﻠ
14737,ﻠ
14738,ﻠ
14739,ﻠ
14740,ﻠ
14741,ﻠ
14742,ﻠ
14743,ﻠ
14744,ﻠ
14745,ﻠ
14746,ﻠ
14747,ﻠ
14748,ﻠ
14749,ﻠ
14750,ﻠ
14751,ﻠ
14752,ﻠ
14753,ﻠ
14754,ﻠ
14755,ﻠ
14756,ﻠ
14757,ﻠ
14758,ﻠ
14759,ﻠ
14760,ﻠ
14761,ﻠ
14762,ﻠ
14763,ﻠ
14764,ﻠ
14765,ﻠ
14766,ﻠ
14767,ﻠ
14768,ﻠ
14769,ﻠ
14770,ﻠ
14771,ﻠ
14772,ﻠ
14773,ﻠ
14774,ﻠ
14775,ﻠ
14776,ﻠ
14777,ﻠ
14778,ﻠ
14779,ﻠ
14780,ﻠ
14781,ﻠ
14782,ﻠ
14783,ﻠ
14784,ﻢ
14785,ﻢ
14786,ﻢ
14787,ﻢ
14788,ﻢ
14789,ﻢ
14790,ﻢ
14791,ﻢ
14792,ﻢ
14793,ﻢ
14794,ﻢ
14795,ﻢ
14796,ﻢ
14797,ﻢ
14798,ﻢ
14799,ﻢ
14800,ﻢ
14801,ﻢ
14802,ﻢ
14803,ﻢ
14804,ﻢ
14805,ﻢ
14806,ﻢ
14807,ﻢ
14808,ﻢ
14809,ﻢ
14810,ﻢ
14811,ﻢ
14812,ﻢ
14813,ﻢ
14814,ﻢ
14815,ﻢ
14816,ﻢ
14817,ﻢ
14818,ﻢ
14819,ﻢ
14820,ﻢ
14821,ﻢ
14822,ﻢ
14823,ﻢ
14824,ﻢ
14825,ﻢ
14826,ﻢ
14827,ﻢ
14828,ﻢ
14829,ﻢ
14830,ﻢ
14831,ﻢ
14832,ﻢ
14833,ﻢ
14834,ﻢ
14835,ﻢ
14836,ﻢ
14837,ﻢ
14838,ﻢ
14839,ﻢ
14840,ﻢ
14841,ﻢ
14842,ﻢ
14843,ﻢ
14844,ﻢ
14845,ﻢ
14846,ﻢ
14847,ﻢ
14848,ﻢ
14849,ﻢ
14850,ﻢ
14851,ﻢ
14852,ﻢ
14853,ﻢ
14854,ﻢ
14855,ﻢ
14856,ﻢ
14857,ﻢ
14858,ﻢ
14859,ﻢ
14860,ﻢ
14861,ﻢ
14862,ﻢ
14863,ﻢ
14864,ﻢ
14865,ﻢ
14866,ﻢ
14867,ﻢ
14868,ﻢ
14869,ﻢ
14870,ﻢ
14871,ﻢ
14872,ﻢ
14873,ﻢ
14874,ﻢ
14875,ﻢ
14876,ﻢ
14877,ﻢ
14878,ﻢ
14879,ﻢ
14880,ﻢ
14881,ﻢ
14882,ﻢ
14883,ﻢ
14884,ﻢ
14885,ﻢ
14886,ﻢ
14887,ﻢ
14888,ﻢ
14889,ﻢ
14890,ﻢ
14891,ﻢ
14892,ﻢ
14893,ﻢ
14894,ﻢ
14895,ﻢ
14896,ﻣ
14897,ﻣ
14898,ﻣ
14899,ﻣ
14900,ﻣ
14901,ﻣ
14902,ﻣ
14903,ﻣ
14904,ﻣ
14905,ﻣ
14906,ﻣ
14907,ﻣ
14908,ﻣ
14909,ﻣ
14910,ﻣ
14911,ﻣ
14912,ﻣ
14913,ﻣ
14914,ﻣ
14915,ﻣ
14916,ﻣ
14917,ﻣ
14918,ﻣ
14919,ﻣ
14920,ﻣ
14921,ﻣ
14922,ﻣ
14923,ﻣ
14924,ﻣ
14925,ﻣ
14926,ﻣ
14927,ﻣ
14928,ﻣ
14929,ﻣ
14930,ﻣ
14931,ﻣ
14932,ﻣ
14933,ﻣ
14934,ﻣ
14935,ﻣ
14936,ﻣ
14937,ﻣ
14938,ﻣ
14939,ﻣ
14940,ﻣ
14941,ﻣ
14942,ﻣ
14943,ﻣ
14944,ﻣ
14945,ﻣ
14946,ﻣ
14947,ﻣ
14948,ﻣ
14949,ﻣ
14950,ﻣ
14951,ﻣ
14952,ﻣ
14953,ﻣ
14954,ﻣ
14955,ﻣ
14956,ﻣ
14957,ﻣ
14958,ﻣ
14959,ﻣ
14960,ﻣ
14961,ﻣ
14962,ﻣ
14963,ﻣ
14964,ﻣ
14965,ﻣ
14966,ﻣ
14967,ﻣ
14968,ﻣ
14969,ﻣ
14970,ﻣ
14971,ﻣ
14972,ﻣ
14973,ﻣ
14974,ﻣ
14975,ﻣ
14976,ﻣ
14977,ﻣ
14978,ﻣ
14979,ﻣ
14980,ﻣ
14981,ﻣ
14982,ﻣ
14983,ﻣ
14984,ﻣ
14985,ﻣ
14986,ﻣ
14987,ﻣ
14988,ﻣ
14989,ﻣ
14990,ﻣ
14991,ﻣ
14992,ﻣ
14993,ﻣ
14994,ﻣ
14995,ﻣ
14996,ﻣ
14997,ﻣ
14998,ﻣ
14999,ﻣ
15000,ﻣ
15001,ﻣ
15002,ﻣ
15003,ﻣ
15004,ﻣ
15005,ﻣ
15006,ﻣ
15007,ﻣ
15008,ﻦ
15009,ﻦ
15010,ﻦ
15011,ﻦ
15012,ﻦ
15013,ﻦ
15014,ﻦ
15015,ﻦ
15016,ﻦ
15017,ﻦ
15018,ﻦ
15019,ﻦ
15020,ﻦ
15021,ﻦ
15022,ﻦ
15023,ﻦ
15024,ﻦ
15025,ﻦ
15026,ﻦ
15027,ﻦ
15028,ﻦ
15029,ﻦ
15030,ﻦ
15031,ﻦ
15032,ﻦ
15033,ﻦ
15034,ﻦ
15035,ﻦ
15036,ﻦ
15037,ﻦ
15038,ﻦ
15039,ﻦ
15040,ﻦ
15041,ﻦ
15042,ﻦ
15043,ﻦ
15044,ﻦ
15045,ﻦ
15046,ﻦ
15047,ﻦ
15048,ﻦ
15049,ﻦ
15050,ﻦ
15051,ﻦ
15052,ﻦ
15053,ﻦ
15054,ﻦ
15055,ﻦ
15056,ﻦ
15057,ﻦ
15058,ﻦ
15059,ﻦ
15060,ﻦ
15061,ﻦ
15062,ﻦ
15063,ﻦ
15064,ﻦ
15065,ﻦ
15066,ﻦ
15067,ﻦ
15068,ﻦ
15069,ﻦ
15070,ﻦ
15071,ﻦ
15072,ﻦ
15073,ﻦ
15074,ﻦ
15075,ﻦ
15076,ﻦ
15077,ﻦ
15078,ﻦ
15079,ﻦ
15080,ﻦ
15081,ﻦ
15082,ﻦ
15083,ﻦ
15084,ﻦ
15085,ﻦ
15086,ﻦ
15087,ﻦ
15088,ﻦ
15089,ﻦ
15090,ﻦ
15091,ﻦ
15092,ﻦ
15093,ﻦ
15094,ﻦ
15095,ﻦ
15096,ﻦ
15097,ﻦ
15098,ﻦ
15099,ﻦ
15100,ﻦ
15101,ﻦ
15102,ﻦ
15103,ﻦ
15104,ﻦ
15105,ﻦ
15106,ﻦ
15107,ﻦ
15108,ﻦ
15109,ﻦ
15110,ﻦ
15111,ﻦ
15112,ﻦ
15113,ﻦ
15114,ﻦ
15115,ﻦ
15116,ﻦ
15117,ﻦ
15118,ﻦ
15119,ﻦ
15120,ﻧ
15121,ﻧ
15122,ﻧ
15123,ﻧ
15124,ﻧ
15125,ﻧ
15126,ﻧ
15127,ﻧ
15128,ﻧ
15129,ﻧ
15130,ﻧ
15131,ﻧ
15132,ﻧ
15133,ﻧ
15134,ﻧ
15135,ﻧ
15136,ﻧ
15137,ﻧ
15138,ﻧ
15139,ﻧ
15140,ﻧ
15141,ﻧ
15142,ﻧ
15143,ﻧ
15144,ﻧ
15145,ﻧ
15146,ﻧ
15147,ﻧ
15148,ﻧ
15149,ﻧ
15150,ﻧ
15151,ﻧ
15152,ﻧ
15153,ﻧ
15154,ﻧ
15155,ﻧ
15156,ﻧ
15157,ﻧ
15158,ﻧ
15159,ﻧ
15160,ﻧ
15161,ﻧ
15162,ﻧ
15163,ﻧ
15164,ﻧ
15165,ﻧ
15166,ﻧ
15167,ﻧ
15168,ﻧ
15169,ﻧ
15170,ﻧ
15171,ﻧ
15172,ﻧ
15173,ﻧ
15174,ﻧ
15175,ﻧ
15176,ﻧ
15177,ﻧ
15178,ﻧ
15179,ﻧ
15180,ﻧ
15181,ﻧ
15182,ﻧ
15183,ﻧ
15184,ﻧ
15185,ﻧ
15186,ﻧ
15187,ﻧ
15188,ﻧ
15189,ﻧ
15190,ﻧ
15191,ﻧ
15192,ﻧ
15193,ﻧ
15194,ﻧ
15195,ﻧ
15196,ﻧ
15197,ﻧ
15198,ﻧ
15199,ﻧ
15200,ﻧ
15201,ﻧ
15202,ﻧ
15203,ﻧ
15204,ﻧ
15205,ﻧ
15206,ﻧ
15207,ﻧ
15208,ﻧ
15209,ﻧ
15210,ﻧ
15211,ﻧ
15212,ﻧ
15213,ﻧ
15214,ﻧ
15215,ﻧ
15216,ﻧ
15217,ﻧ
15218,ﻧ
15219,ﻧ
15220,ﻧ
15221,ﻧ
15222,ﻧ
15223,ﻧ
15224,ﻧ
15225,ﻧ
15226,ﻧ
15227,ﻧ
15228,ﻧ
15229,ﻧ
15230,ﻧ
15231,ﻧ
15232,ﻩ
15233,ﻩ
15234,ﻩ
15235,ﻩ
15236,ﻩ
15237,ﻩ
15238,ﻩ
15239,ﻩ
15240,ﻩ
15241,ﻩ
15242,ﻩ
15243,ﻩ
15244,ﻩ
15245,ﻩ
15246,ﻩ
15247,ﻩ
15248,ﻩ
15249,ﻩ
15250,ﻩ
15251,ﻩ
15252,ﻩ
15253,ﻩ
15254,ﻩ
15255,ﻩ
15256,ﻩ
15257,ﻩ
15258,ﻩ
15259,ﻩ
15260,ﻩ
15261,ﻩ
15262,ﻩ
15263,ﻩ
15264,ﻩ
15265,ﻩ
15266,ﻩ
15267,ﻩ
15268,ﻩ
15269,ﻩ
15270,ﻩ
15271,ﻩ
15272,ﻩ
15273,ﻩ
15274,ﻩ
15275,ﻩ
15276,ﻩ
15277,ﻩ
15278,ﻩ
15279,ﻩ
15280,ﻩ
15281,ﻩ
15282,ﻩ
15283,ﻩ
15284,ﻩ
15285,ﻩ
15286,ﻩ
15287,ﻩ
15288,ﻩ
15289,ﻩ
15290,ﻩ
15291,ﻩ
15292,ﻩ
15293,ﻩ
15294,ﻩ
15295,ﻩ
15296,ﻩ
15297,ﻩ
15298,ﻩ
15299,ﻩ
15300,ﻩ
15301,ﻩ
15302,ﻩ
15303,ﻩ
15304,ﻩ
15305,ﻩ
15306,ﻩ
15307,ﻩ
15308,ﻩ
15309,ﻩ
15310,ﻩ
15311,ﻩ
15312,ﻩ
15313,ﻩ
15314,ﻩ
15315,ﻩ
15316,ﻩ
15317,ﻩ
15318,ﻩ
15319,ﻩ
15320,ﻩ
15321,ﻩ
15322,ﻩ
15323,ﻩ
15324,ﻩ
15325,ﻩ
15326,ﻩ
15327,ﻩ
15328,ﻩ
15329,ﻩ
15330,ﻩ
15331,ﻩ
15332,ﻩ
15333,ﻩ
15334,ﻩ
15335,ﻩ
15336,ﻩ
15337,ﻩ
15338,ﻩ
15339,ﻩ
15340,ﻩ
15341,ﻩ
15342,ﻩ
15343,ﻩ
15344,ﻪ
15345,ﻪ
15346,ﻪ
15347,ﻪ
15348,ﻪ
15349,ﻪ
15350,ﻪ
15351,ﻪ
15352,ﻪ
15353,ﻪ
15354,ﻪ
15355,ﻪ
15356,ﻪ
15357,ﻪ
15358,ﻪ
15359,ﻪ
15360,ﻪ
15361,ﻪ
15362,ﻪ
15363,ﻪ
15364,ﻪ
15365,ﻪ
15366,ﻪ
15367,ﻪ
15368,ﻪ
15369,ﻪ
15370,ﻪ
15371,ﻪ
15372,ﻪ
15373,ﻪ
15374,ﻪ
15375,ﻪ
15376,ﻪ
15377,ﻪ
15378,ﻪ
15379,ﻪ
15380,ﻪ
15381,ﻪ
15382,ﻪ
15383,ﻪ
15384,ﻪ
15385,ﻪ
15386,ﻪ
15387,ﻪ
15388,ﻪ
15389,ﻪ
15390,ﻪ
15391,ﻪ
15392,ﻪ
15393,ﻪ
15394,ﻪ
15395,ﻪ
15396,ﻪ
15397,ﻪ
15398,ﻪ
15399,ﻪ
15400,ﻪ
15401,ﻪ
15402,ﻪ
15403,ﻪ
15404,ﻪ
15405,ﻪ
15406,ﻪ
15407,ﻪ
15408,ﻪ
15409,ﻪ
15410,ﻪ
15411,ﻪ
15412,ﻪ
15413,ﻪ
15414,ﻪ
15415,ﻪ
15416,ﻪ
15417,ﻪ
15418,ﻪ
15419,ﻪ
15420,ﻪ
15421,ﻪ
15422,ﻪ
15423,ﻪ
15424,ﻪ
15425,ﻪ
15426,ﻪ
15427,ﻪ
15428,ﻪ
15429,ﻪ
15430,ﻪ
15431,ﻪ
15432,ﻪ
15433,ﻪ
15434,ﻪ
15435,ﻪ
15436,ﻪ
15437,ﻪ
15438,ﻪ
15439,ﻪ
15440,ﻪ
15441,ﻪ
15442,ﻪ
15443,ﻪ
15444,ﻪ
15445,ﻪ
15446,ﻪ
15447,ﻪ
15448,ﻪ
15449,ﻪ
15450,ﻪ
15451,ﻪ
15452,ﻪ
15453,ﻪ
15454,ﻪ
15455,ﻪ
15456,ﻫ
15457,ﻫ
15458,ﻫ
15459,ﻫ
15460,ﻫ
15461,ﻫ
15462,ﻫ
15463,ﻫ
15464,ﻫ
15465,ﻫ
15466,ﻫ
15467,ﻫ
15468,ﻫ
15469,ﻫ
15470,ﻫ
15471,ﻫ
15472,ﻫ
15473,ﻫ
15474,ﻫ
15475,ﻫ
15476,ﻫ
15477,ﻫ
15478,ﻫ
15479,ﻫ
15480,ﻫ
15481,ﻫ
15482,ﻫ
15483,ﻫ
15484,ﻫ
15485,ﻫ
15486,ﻫ
15487,ﻫ
15488,ﻫ
15489,ﻫ
15490,ﻫ
15491,ﻫ
15492,ﻫ
15493,ﻫ
15494,ﻫ
15495,ﻫ
15496,ﻫ
15497,ﻫ
15498,ﻫ
15499,ﻫ
15500,ﻫ
15501,ﻫ
15502,ﻫ
15503,ﻫ
15504,ﻫ
15505,ﻫ
15506,ﻫ
15507,ﻫ
15508,ﻫ
15509,ﻫ
15510,ﻫ
15511,ﻫ
15512,ﻫ
15513,ﻫ
15514,ﻫ
15515,ﻫ
15516,ﻫ
15517,ﻫ
15518,ﻫ
15519,ﻫ
15520,ﻫ
15521,ﻫ
15522,ﻫ
15523,ﻫ
15524,ﻫ
15525,ﻫ
15526,ﻫ
15527,ﻫ
15528,ﻫ
15529,ﻫ
15530,ﻫ
15531,ﻫ
15532,ﻫ
15533,ﻫ
15534,ﻫ
15535,ﻫ
15536,ﻫ
15537,ﻫ
15538,ﻫ
15539,ﻫ
15540,ﻫ
15541,ﻫ
15542,ﻫ
15543,ﻫ
15544,ﻫ
15545,ﻫ
15546,ﻫ
15547,ﻫ
15548,ﻫ
15549,ﻫ
15550,ﻫ
15551,ﻫ
15552,ﻫ
15553,ﻫ
15554,ﻫ
15555,ﻫ
15556,ﻫ
15557,ﻫ
15558,ﻫ
15559,ﻫ
15560,ﻫ
15561,ﻫ
15562,ﻫ
15563,ﻫ
15564,ﻫ
15565,ﻫ
15566,ﻫ
15567,ﻫ
15568,ﻬ
15569,ﻬ
15570,ﻬ
15571,ﻬ
15572,ﻬ
15573,ﻬ
15574,ﻬ
15575,ﻬ
15576,ﻬ
15577,ﻬ
15578,ﻬ
15579,ﻬ
15580,ﻬ
15581,ﻬ
15582,ﻬ
15583,ﻬ
15584,ﻬ
15585,ﻬ
15586,ﻬ
15587,ﻬ
15588,ﻬ
15589,ﻬ
15590,ﻬ
15591,ﻬ
15592,ﻬ
15593,ﻬ
15594,ﻬ
15595,ﻬ
15596,ﻬ
15597,ﻬ
15598,ﻬ
15599,ﻬ
15600,ﻬ
15601,ﻬ
15602,ﻬ
15603,ﻬ
15604,ﻬ
15605,ﻬ
15606,ﻬ
15607,ﻬ
15608,ﻬ
15609,ﻬ
15610,ﻬ
15611,ﻬ
15612,ﻬ
15613,ﻬ
15614,ﻬ
15615,ﻬ
15616,ﻬ
15617,ﻬ
15618,ﻬ
15619,ﻬ
15620,ﻬ
15621,ﻬ
15622,ﻬ
15623,ﻬ
15624,ﻬ
15625,ﻬ
15626,ﻬ
15627,ﻬ
15628,ﻬ
15629,ﻬ
15630,ﻬ
15631,ﻬ
15632,ﻬ
15633,ﻬ
15634,ﻬ
15635,ﻬ
15636,ﻬ
15637,ﻬ
15638,ﻬ
15639,ﻬ
15640,ﻬ
15641,ﻬ
15642,ﻬ
15643,ﻬ
15644,ﻬ
15645,ﻬ
15646,ﻬ
15647,ﻬ
15648,ﻬ
15649,ﻬ
15650,ﻬ
15651,ﻬ
15652,ﻬ
15653,ﻬ
15654,ﻬ
15655,ﻬ
15656,ﻬ
15657,ﻬ
15658,ﻬ
15659,ﻬ
15660,ﻬ
15661,ﻬ
15662,ﻬ
15663,ﻬ
15664,ﻬ
15665,ﻬ
15666,ﻬ
15667,ﻬ
15668,ﻬ
15669,ﻬ
15670,ﻬ
15671,ﻬ
15672,ﻬ
15673,ﻬ
15674,ﻬ
15675,ﻬ
15676,ﻬ
15677,ﻬ
15678,ﻬ
15679,ﻬ
15680,ﻮ
15681,ﻮ
15682,ﻮ
15683,ﻮ
15684,ﻮ
15685,ﻮ
15686,ﻮ
15687,ﻮ
15688,ﻮ
15689,ﻮ
15690,ﻮ
15691,ﻮ
15692,ﻮ
15693,ﻮ
15694,ﻮ
15695,ﻮ
15696,ﻮ
15697,ﻮ
15698,ﻮ
15699,ﻮ
15700,ﻮ
15701,ﻮ
15702,ﻮ
15703,ﻮ
15704,ﻮ
15705,ﻮ
15706,ﻮ
15707,ﻮ
15708,ﻮ
15709,ﻮ
15710,ﻮ
15711,ﻮ
15712,ﻮ
15713,ﻮ
15714,ﻮ
15715,ﻮ
15716,ﻮ
15717,ﻮ
15718,ﻮ
15719,ﻮ
15720,ﻮ
15721,ﻮ
15722,ﻮ
15723,ﻮ
15724,ﻮ
15725,ﻮ
15726,ﻮ
15727,ﻮ
15728,ﻮ
15729,ﻮ
15730,ﻮ
15731,ﻮ
15732,ﻮ
15733,ﻮ
15734,ﻮ
15735,ﻮ
15736,ﻮ
15737,ﻮ
15738,ﻮ
15739,ﻮ
15740,ﻮ
15741,ﻮ
15742,ﻮ
15743,ﻮ
15744,ﻮ
15745,ﻮ
15746,ﻮ
15747,ﻮ
15748,ﻮ
15749,ﻮ
15750,ﻮ
15751,ﻮ
15752,ﻮ
15753,ﻮ
15754,ﻮ
15755,ﻮ
15756,ﻮ
15757,ﻮ
15758,ﻮ
15759,ﻮ
15760,ﻮ
15761,ﻮ
15762,ﻮ
15763,ﻮ
15764,ﻮ
15765,ﻮ
15766,ﻮ
15767,ﻮ
15768,ﻮ
15769,ﻮ
15770,ﻮ
15771,ﻮ
15772,ﻮ
15773,ﻮ
15774,ﻮ
15775,ﻮ
15776,ﻮ
15777,ﻮ
15778,ﻮ
15779,ﻮ
15780,ﻮ
15781,ﻮ
15782,ﻮ
15783,ﻮ
15784,ﻮ
15785,ﻮ
15786,ﻮ
15787,ﻮ
15788,ﻮ
15789,ﻮ
15790,ﻮ
15791,ﻮ
15792,ﯼ
15793,ﯼ
15794,ﯼ
15795,ﯼ
15796,ﯼ
15797,ﯼ
15798,ﯼ
15799,ﯼ
15800,ﯼ
15801,ﯼ
15802,ﯼ
15803,ﯼ
15804,ﯼ
15805,ﯼ
15806,ﯼ
15807,ﯼ
15808,ﯼ
15809,ﯼ
15810,ﯼ
15811,ﯼ
15812,ﯼ
15813,ﯼ
15814,ﯼ
15815,ﯼ
15816,ﯼ
15817,ﯼ
15818,ﯼ
15819,ﯼ
15820,ﯼ
15821,ﯼ
15822,ﯼ
15823,ﯼ
15824,ﯼ
15825,ﯼ
15826,ﯼ
15827,ﯼ
15828,ﯼ
15829,ﯼ
15830,ﯼ
15831,ﯼ
15832,ﯼ
15833,ﯼ
15834,ﯼ
15835,ﯼ
15836,ﯼ
15837,ﯼ
15838,ﯼ
15839,ﯼ
15840,ﯼ
15841,ﯼ
15842,ﯼ
15843,ﯼ
15844,ﯼ
15845,ﯼ
15846,ﯼ
15847,ﯼ
15848,ﯼ
15849,ﯼ
15850,ﯼ
15851,ﯼ
15852,ﯼ
15853,ﯼ
15854,ﯼ
15855,ﯼ
15856,ﯼ
15857,ﯼ
15858,ﯼ
15859,ﯼ
15860,ﯼ
15861,ﯼ
15862,ﯼ
15863,ﯼ
15864,ﯼ
15865,ﯼ
15866,ﯼ
15867,ﯼ
15868,ﯼ
15869,ﯼ
15870,ﯼ
15871,ﯼ
15872,ﯼ
15873,ﯼ
15874,ﯼ
15875,ﯼ
15876,ﯼ
15877,ﯼ
15878,ﯼ
15879,ﯼ
15880,ﯼ
15881,ﯼ
15882,ﯼ
15883,ﯼ
15884,ﯼ
15885,ﯼ
15886,ﯼ
15887,ﯼ
15888,ﯼ
15889,ﯼ
15890,ﯼ
15891,ﯼ
15892,ﯼ
15893,ﯼ
15894,ﯼ
15895,ﯼ
15896,ﯼ
15897,ﯼ
15898,ﯼ
15899,ﯼ
15900,ﯼ
15901,ﯼ
15902,ﯼ
15903,ﯼ
15904,ﯾ
15905,ﯾ
15906,ﯾ
15907,ﯾ
15908,ﯾ
15909,ﯾ
15910,ﯾ
15911,ﯾ
15912,ﯾ
15913,ﯾ
15914,ﯾ
15915,ﯾ
15916,ﯾ
15917,ﯾ
15918,ﯾ
15919,ﯾ
15920,ﯾ
15921,ﯾ
15922,ﯾ
15923,ﯾ
15924,ﯾ
15925,ﯾ
15926,ﯾ
15927,ﯾ
15928,ﯾ
15929,ﯾ
15930,ﯾ
15931,ﯾ
15932,ﯾ
15933,ﯾ
15934,ﯾ
15935,ﯾ
15936,ﯾ
15937,ﯾ
15938,ﯾ
15939,ﯾ
15940,ﯾ
15941,ﯾ
15942,ﯾ
15943,ﯾ
15944,ﯾ
15945,ﯾ
15946,ﯾ
15947,ﯾ
15948,ﯾ
15949,ﯾ
15950,ﯾ
15951,ﯾ
15952,ﯾ
15953,ﯾ
15954,ﯾ
15955,ﯾ
15956,ﯾ
15957,ﯾ
15958,ﯾ
15959,ﯾ
15960,ﯾ
15961,ﯾ
15962,ﯾ
15963,ﯾ
15964,ﯾ
15965,ﯾ
15966,ﯾ
15967,ﯾ
15968,ﯾ
15969,ﯾ
15970,ﯾ
15971,ﯾ
15972,ﯾ
15973,ﯾ
15974,ﯾ
15975,ﯾ
15976,ﯾ
15977,ﯾ
15978,ﯾ
15979,ﯾ
15980,ﯾ
15981,ﯾ
15982,ﯾ
15983,ﯾ
15984,ﯾ
15985,ﯾ
15986,ﯾ
15987,ﯾ
15988,ﯾ
15989,ﯾ
15990,ﯾ
15991,ﯾ
15992,ﯾ
15993,ﯾ
15994,ﯾ
15995,ﯾ
15996,ﯾ
15997,ﯾ
15998,ﯾ
15999,ﯾ
16000,ﯾ
16001,ﯾ
16002,ﯾ
16003,ﯾ
16004,ﯾ
16005,ﯾ
16006,ﯾ
16007,ﯾ
16008,ﯾ
16009,ﯾ
16010,ﯾ
16011,ﯾ
16012,ﯾ
16013,ﯾ
16014,ﯾ
16015,ﯾ
16016,ﭗ
16017,ﭗ
16018,ﭗ
16019,ﭗ
16020,ﭗ
16021,ﭗ
16022,ﭗ
16023,ﭗ
16024,ﭗ
16025,ﭗ
16026,ﭗ
16027,ﭗ
16028,ﭗ
16029,ﭗ
16030,ﭗ
16031,ﭗ
16032,ﭗ
16033,ﭗ
16034,ﭗ
16035,ﭗ
16036,ﭗ
16037,ﭗ
16038,ﭗ
16039,ﭗ
16040,ﭗ
16041,ﭗ
16042,ﭗ
16043,ﭗ
16044,ﭗ
16045,ﭗ
16046,ﭗ
16047,ﭗ
16048,ﭗ
16049,ﭗ
16050,ﭗ
16051,ﭗ
16052,ﭗ
16053,ﭗ
16054,ﭗ
16055,ﭗ
16056,ﭗ
16057,ﭗ
16058,ﭗ
16059,ﭗ
16060,ﭗ
16061,ﭗ
16062,ﭗ
16063,ﭗ
16064,ﭗ
16065,ﭗ
16066,ﭗ
16067,ﭗ
16068,ﭗ
16069,ﭗ
16070,ﭗ
16071,ﭗ
16072,ﭗ
16073,ﭗ
16074,ﭗ
16075,ﭗ
16076,ﭗ
16077,ﭗ
16078,ﭗ
16079,ﭗ
16080,ﭗ
16081,ﭗ
16082,ﭗ
16083,ﭗ
16084,ﭗ
16085,ﭗ
16086,ﭗ
16087,ﭗ
16088,ﭗ
16089,ﭗ
16090,ﭗ
16091,ﭗ
16092,ﭗ
16093,ﭗ
16094,ﭗ
16095,ﭗ
16096,ﭗ
16097,ﭗ
16098,ﭗ
16099,ﭗ
16100,ﭗ
16101,ﭗ
16102,ﭗ
16103,ﭗ
16104,ﭗ
16105,ﭗ
16106,ﭗ
16107,ﭗ
16108,ﭗ
16109,ﭗ
16110,ﭗ
16111,ﭗ
16112,ﭗ
16113,ﭗ
16114,ﭗ
16115,ﭗ
16116,ﭗ
16117,ﭗ
16118,ﭗ
16119,ﭗ
16120,ﭗ
16121,ﭗ
16122,ﭗ
16123,ﭗ
16124,ﭗ
16125,ﭗ
16126,ﭗ
16127,ﭗ
16128,ﭘ
16129,ﭘ
16130,ﭘ
16131,ﭘ
16132,ﭘ
16133,ﭘ
16134,ﭘ
16135,ﭘ
16136,ﭘ
16137,ﭘ
16138,ﭘ
16139,ﭘ
16140,ﭘ
16141,ﭘ
16142,ﭘ
16143,ﭘ
16144,ﭘ
16145,ﭘ
16146,ﭘ
16147,ﭘ
16148,ﭘ
16149,ﭘ
16150,ﭘ
16151,ﭘ
16152,ﭘ
16153,ﭘ
16154,ﭘ
16155,ﭘ
16156,ﭘ
16157,ﭘ
16158,ﭘ
16159,ﭘ
16160,ﭘ
16161,ﭘ
16162,ﭘ
16163,ﭘ
16164,ﭘ
16165,ﭘ
16166,ﭘ
16167,ﭘ
16168,ﭘ
16169,ﭘ
16170,ﭘ
16171,ﭘ
16172,ﭘ
16173,ﭘ
16174,ﭘ
16175,ﭘ
16176,ﭘ
16177,ﭘ
16178,ﭘ
16179,ﭘ
16180,ﭘ
16181,ﭘ
16182,ﭘ
16183,ﭘ
16184,ﭘ
16185,ﭘ
16186,ﭘ
16187,ﭘ
16188,ﭘ
16189,ﭘ
16190,ﭘ
16191,ﭘ
16192,ﭘ
16193,ﭘ
16194,ﭘ
16195,ﭘ
16196,ﭘ
16197,ﭘ
16198,ﭘ
16199,ﭘ
16200,ﭘ
16201,ﭘ
16202,ﭘ
16203,ﭘ
16204,ﭘ
16205,ﭘ
16206,ﭘ
16207,ﭘ
16208,ﭘ
16209,ﭘ
16210,ﭘ
16211,ﭘ
16212,ﭘ
16213,ﭘ
16214,ﭘ
16215,ﭘ
16216,ﭘ
16217,ﭘ
16218,ﭘ
16219,ﭘ
16220,ﭘ
16221,ﭘ
16222,ﭘ
16223,ﭘ
16224,ﭘ
16225,ﭘ
16226,ﭘ
16227,ﭘ
16228,ﭘ
16229,ﭘ
16230,ﭘ
16231,ﭘ
16232,ﭘ
16233,ﭘ
16234,ﭘ
16235,ﭘ
16236,ﭘ
16237,ﭘ
16238,ﭘ
16239,ﭘ
16240,ﭻ
16241,ﭻ
16242,ﭻ
16243,ﭻ
16244,ﭻ
16245,ﭻ
16246,ﭻ
16247,ﭻ
16248,ﭻ
16249,ﭻ
16250,ﭻ
16251,ﭻ
16252,ﭻ
16253,ﭻ
16254,ﭻ
16255,ﭻ
16256,ﭻ
16257,ﭻ
16258,ﭻ
16259,ﭻ
16260,ﭻ
16261,ﭻ
16262,ﭻ
16263,ﭻ
16264,ﭻ
16265,ﭻ
16266,ﭻ
16267,ﭻ
16268,ﭻ
16269,ﭻ
16270,ﭻ
16271,ﭻ
16272,ﭻ
16273,ﭻ
16274,ﭻ
16275,ﭻ
16276,ﭻ
16277,ﭻ
16278,ﭻ
16279,ﭻ
16280,ﭻ
16281,ﭻ
16282,ﭻ
16283,ﭻ
16284,ﭻ
16285,ﭻ
16286,ﭻ
16287,ﭻ
16288,ﭻ
16289,ﭻ
16290,ﭻ
16291,ﭻ
16292,ﭻ
16293,ﭻ
16294,ﭻ
16295,ﭻ
16296,ﭻ
16297,ﭻ
16298,ﭻ
16299,ﭻ
16300,ﭻ
16301,ﭻ
16302,ﭻ
16303,ﭻ
16304,ﭻ
16305,ﭻ
16306,ﭻ
16307,ﭻ
16308,ﭻ
16309,ﭻ
16310,ﭻ
16311,ﭻ
16312,ﭻ
16313,ﭻ
16314,ﭻ
16315,ﭻ
16316,ﭻ
16317,ﭻ
16318,ﭻ
16319,ﭻ
16320,ﭻ
16321,ﭻ
16322,ﭻ
16323,ﭻ
16324,ﭻ
16325,ﭻ
16326,ﭻ
16327,ﭻ
16328,ﭻ
16329,ﭻ
16330,ﭻ
16331,ﭻ
16332,ﭻ
16333,ﭻ
16334,ﭻ
16335,ﭻ
16336,ﭻ
16337,ﭻ
16338,ﭻ
16339,ﭻ
16340,ﭻ
16341,ﭻ
16342,ﭻ
16343,ﭻ
16344,ﭻ
16345,ﭻ
16346,ﭻ
16347,ﭻ
16348,ﭻ
16349,ﭻ
16350,ﭻ
16351,ﭻ
16352,ﭼ
16353,ﭼ
16354,ﭼ
16355,ﭼ
16356,ﭼ
16357,ﭼ
16358,ﭼ
16359,ﭼ
16360,ﭼ
16361,ﭼ
16362,ﭼ
16363,ﭼ
16364,ﭼ
16365,ﭼ
16366,ﭼ
16367,ﭼ
16368,ﭼ
16369,ﭼ
16370,ﭼ
16371,ﭼ
16372,ﭼ
16373,ﭼ
16374,ﭼ
16375,ﭼ
16376,ﭼ
16377,ﭼ
16378,ﭼ
16379,ﭼ
16380,ﭼ
16381,ﭼ
16382,ﭼ
16383,ﭼ
16384,ﭼ
16385,ﭼ
16386,ﭼ
16387,ﭼ
16388,ﭼ
16389,ﭼ
16390,ﭼ
16391,ﭼ
16392,ﭼ
16393,ﭼ
16394,ﭼ
16395,ﭼ
16396,ﭼ
16397,ﭼ
16398,ﭼ
16399,ﭼ
16400,ﭼ
16401,ﭼ
16402,ﭼ
16403,ﭼ
16404,ﭼ
16405,ﭼ
16406,ﭼ
16407,ﭼ
16408,ﭼ
16409,ﭼ
16410,ﭼ
16411,ﭼ
16412,ﭼ
16413,ﭼ
16414,ﭼ
16415,ﭼ
16416,ﭼ
16417,ﭼ
16418,ﭼ
16419,ﭼ
16420,ﭼ
16421,ﭼ
16422,ﭼ
16423,ﭼ
16424,ﭼ
16425,ﭼ
16426,ﭼ
16427,ﭼ
16428,ﭼ
16429,ﭼ
16430,ﭼ
16431,ﭼ
16432,ﭼ
16433,ﭼ
16434,ﭼ
16435,ﭼ
16436,ﭼ
16437,ﭼ
16438,ﭼ
16439,ﭼ
16440,ﭼ
16441,ﭼ
16442,ﭼ
16443,ﭼ
16444,ﭼ
16445,ﭼ
16446,ﭼ
16447,ﭼ
16448,ﭼ
16449,ﭼ
16450,ﭼ
16451,ﭼ
16452,ﭼ
16453,ﭼ
16454,ﭼ
16455,ﭼ
16456,ﭼ
16457,ﭼ
16458,ﭼ
16459,ﭼ
16460,ﭼ
16461,ﭼ
16462,ﭼ
16463,ﭼ
16464,ﮋ
16465,ﮋ
16466,ﮋ
16467,ﮋ
16468,ﮋ
16469,ﮋ
16470,ﮋ
16471,ﮋ
16472,ﮋ
16473,ﮋ
16474,ﮋ
16475,ﮋ
16476,ﮋ
16477,ﮋ
16478,ﮋ
16479,ﮋ
16480,ﮋ
16481,ﮋ
16482,ﮋ
16483,ﮋ
16484,ﮋ
16485,ﮋ
16486,ﮋ
16487,ﮋ
16488,ﮋ
16489,ﮋ
16490,ﮋ
16491,ﮋ
16492,ﮋ
16493,ﮋ
16494,ﮋ
16495,ﮋ
16496,ﮋ
16497,ﮋ
16498,ﮋ
16499,ﮋ
16500,ﮋ
16501,ﮋ
16502,ﮋ
16503,ﮋ
16504,ﮋ
16505,ﮋ
16506,ﮋ
16507,ﮋ
16508,ﮋ
16509,ﮋ
16510,ﮋ
16511,ﮋ
16512,ﮋ
16513,ﮋ
16514,ﮋ
16515,ﮋ
16516,ﮋ
16517,ﮋ
16518,ﮋ
16519,ﮋ
16520,ﮋ
16521,ﮋ
16522,ﮋ
16523,ﮋ
16524,ﮋ
16525,ﮋ
16526,ﮋ
16527,ﮋ
16528,ﮋ
16529,ﮋ
16530,ﮋ
16531,ﮋ
16532,ﮋ
16533,ﮋ
16534,ﮋ
16535,ﮋ
16536,ﮋ
16537,ﮋ
16538,ﮋ
16539,ﮋ
16540,ﮋ
16541,ﮋ
16542,ﮋ
16543,ﮋ
16544,ﮋ
16545,ﮋ
16546,ﮋ
16547,ﮋ
16548,ﮋ
16549,ﮋ
16550,ﮋ
16551,ﮋ
16552,ﮋ
16553,ﮋ
16554,ﮋ
16555,ﮋ
16556,ﮋ
16557,ﮋ
16558,ﮋ
16559,ﮋ
16560,ﮋ
16561,ﮋ
16562,ﮋ
16563,ﮋ
16564,ﮋ
16565,ﮋ
16566,ﮋ
16567,ﮋ
16568,ﮋ
16569,ﮋ
16570,ﮋ
16571,ﮋ
16572,ﮋ
16573,ﮋ
16574,ﮋ
16575,ﮋ
16576,ﮓ
16577,ﮓ
16578,ﮓ
16579,ﮓ
16580,ﮓ
16581,ﮓ
16582,ﮓ
16583,ﮓ
16584,ﮓ
16585,ﮓ
16586,ﮓ
16587,ﮓ
16588,ﮓ
16589,ﮓ
16590,ﮓ
16591,ﮓ
16592,ﮓ
16593,ﮓ
16594,ﮓ
16595,ﮓ
16596,ﮓ
16597,ﮓ
16598,ﮓ
16599,ﮓ
16600,ﮓ
16601,ﮓ
16602,ﮓ
16603,ﮓ
16604,ﮓ
16605,ﮓ
16606,ﮓ
16607,ﮓ
16608,ﮓ
16609,ﮓ
16610,ﮓ
16611,ﮓ
16612,ﮓ
16613,ﮓ
16614,ﮓ
16615,ﮓ
16616,ﮓ
16617,ﮓ
16618,ﮓ
16619,ﮓ
16620,ﮓ
16621,ﮓ
16622,ﮓ
16623,ﮓ
16624,ﮓ
16625,ﮓ
16626,ﮓ
16627,ﮓ
16628,ﮓ
16629,ﮓ
16630,ﮓ
16631,ﮓ
16632,ﮓ
16633,ﮓ
16634,ﮓ
16635,ﮓ
16636,ﮓ
16637,ﮓ
16638,ﮓ
16639,ﮓ
16640,ﮓ
16641,ﮓ
16642,ﮓ
16643,ﮓ
16644,ﮓ
16645,ﮓ
16646,ﮓ
16647,ﮓ
16648,ﮓ
16649,ﮓ
16650,ﮓ
16651,ﮓ
16652,ﮓ
16653,ﮓ
16654,ﮓ
16655,ﮓ
16656,ﮓ
16657,ﮓ
16658,ﮓ
16659,ﮓ
16660,ﮓ
16661,ﮓ
16662,ﮓ
16663,ﮓ
16664,ﮓ
16665,ﮓ
16666,ﮓ
16667,ﮓ
16668,ﮓ
16669,ﮓ
16670,ﮓ
16671,ﮓ
16672,ﮓ
16673,ﮓ
16674,ﮓ
16675,ﮓ
16676,ﮓ
16677,ﮓ
16678,ﮓ
16679,ﮓ
16680,ﮓ
16681,ﮓ
16682,ﮓ
16683,ﮓ
16684,ﮓ
16685,ﮓ
16686,ﮓ
16687,ﮓ
16688,ﮔ
16689,ﮔ
16690,ﮔ
16691,ﮔ
16692,ﮔ
16693,ﮔ
16694,ﮔ
16695,ﮔ
16696,ﮔ
16697,ﮔ
16698,ﮔ
16699,ﮔ
16700,ﮔ
16701,ﮔ
16702,ﮔ
16703,ﮔ
16704,ﮔ
16705,ﮔ
16706,ﮔ
16707,ﮔ
16708,ﮔ
16709,ﮔ
16710,ﮔ
16711,ﮔ
16712,ﮔ
16713,ﮔ
16714,ﮔ
16715,ﮔ
16716,ﮔ
16717,ﮔ
16718,ﮔ
16719,ﮔ
16720,ﮔ
16721,ﮔ
16722,ﮔ
16723,ﮔ
16724,ﮔ
16725,ﮔ
16726,ﮔ
16727,ﮔ
16728,ﮔ
16729,ﮔ
16730,ﮔ
16731,ﮔ
16732,ﮔ
16733,ﮔ
16734,ﮔ
16735,ﮔ
16736,ﮔ
16737,ﮔ
16738,ﮔ
16739,ﮔ
16740,ﮔ
16741,ﮔ
16742,ﮔ
16743,ﮔ
16744,ﮔ
16745,ﮔ
16746,ﮔ
16747,ﮔ
16748,ﮔ
16749,ﮔ
16750,ﮔ
16751,ﮔ
16752,ﮔ
16753,ﮔ
16754,ﮔ
16755,ﮔ
16756,ﮔ
16757,ﮔ
16758,ﮔ
16759,ﮔ
16760,ﮔ
16761,ﮔ
16762,ﮔ
16763,ﮔ
16764,ﮔ
16765,ﮔ
16766,ﮔ
16767,ﮔ
16768,ﮔ
16769,ﮔ
16770,ﮔ
16771,ﮔ
16772,ﮔ
16773,ﮔ
16774,ﮔ
16775,ﮔ
16776,ﮔ
16777,ﮔ
16778,ﮔ
16779,ﮔ
16780,ﮔ
16781,ﮔ
16782,ﮔ
16783,ﮔ
16784,ﮔ
16785,ﮔ
16786,ﮔ
16787,ﮔ
16788,ﮔ
16789,ﮔ
16790,ﮔ
16791,ﮔ
16792,ﮔ
16793,ﮔ
16794,ﮔ
16795,ﮔ
16796,ﮔ
16797,ﮔ
16798,ﮔ
16799,ﮔ
16800,ﺋ
16801,ﺋ
16802,ﺋ
16803,ﺋ
16804,ﺋ
16805,ﺋ
16806,ﺋ
16807,ﺋ
16808,ﺋ
16809,ﺋ
16810,ﺋ
16811,ﺋ
16812,ﺋ
16813,ﺋ
16814,ﺋ
16815,ﺋ
16816,ﺋ
16817,ﺋ
16818,ﺋ
16819,ﺋ
16820,ﺋ
16821,ﺋ
16822,ﺋ
16823,ﺋ
16824,ﺋ
16825,ﺋ
16826,ﺋ
16827,ﺋ
16828,ﺋ
16829,ﺋ
16830,ﺋ
16831,ﺋ
16832,ﺋ
16833,ﺋ
16834,ﺋ
16835,ﺋ
16836,ﺋ
16837,ﺋ
16838,ﺋ
16839,ﺋ
16840,ﺋ
16841,ﺋ
16842,ﺋ
16843,ﺋ
16844,ﺋ
16845,ﺋ
16846,ﺋ
16847,ﺋ
16848,ﺋ
16849,ﺋ
16850,ﺋ
16851,ﺋ
16852,ﺋ
16853,ﺋ
16854,ﺋ
16855,ﺋ
16856,ﺋ
16857,ﺋ
16858,ﺋ
16859,ﺋ
16860,ﺋ
16861,ﺋ
16862,ﺋ
16863,ﺋ
16864,ﺋ
16865,ﺋ
16866,ﺋ
16867,ﺋ
16868,ﺋ
16869,ﺋ
16870,ﺋ
16871,ﺋ
16872,ﺋ
16873,ﺋ
16874,ﺋ
16875,ﺋ
16876,ﺋ
16877,ﺋ
16878,ﺋ
16879,ﺋ
16880,ﺋ
16881,ﺋ
16882,ﺋ
16883,ﺋ
16884,ﺋ
16885,ﺋ
16886,ﺋ
16887,ﺋ
16888,ﺋ
16889,ﺋ
16890,ﺋ
16891,ﺋ
16892,ﺋ
16893,ﺋ
16894,ﺋ
16895,ﺋ
16896,ﺋ
16897,ﺋ
16898,ﺋ
16899,ﺋ
16900,ﺋ
16901,ﺋ
16902,ﺋ
16903,ﺋ
16904,ﺋ
16905,ﺋ
16906,ﺋ
16907,ﺋ
16908,ﺋ
16909,ﺋ
16910,ﺋ
16911,ﺋ
16912,ﺁ
16913,ﺁ
16914,ﺁ
16915,ﺁ
16916,ﺁ
16917,ﺁ
16918,ﺁ
16919,ﺁ
16920,ﺁ
16921,ﺁ
16922,ﺁ
16923,ﺁ
16924,ﺁ
16925,ﺁ
16926,ﺁ
16927,ﺁ
16928,ﺁ
16929,ﺁ
16930,ﺁ
16931,ﺁ
16932,ﺁ
16933,ﺁ
16934,ﺁ
16935,ﺁ
16936,ﺁ
16937,ﺁ
16938,ﺁ
16939,ﺁ
16940,ﺁ
16941,ﺁ
16942,ﺁ
16943,ﺁ
16944,ﺁ
16945,ﺁ
16946,ﺁ
16947,ﺁ
16948,ﺁ
16949,ﺁ
16950,ﺁ
16951,ﺁ
16952,ﺁ
16953,ﺁ
16954,ﺁ
16955,ﺁ
16956,ﺁ
16957,ﺁ
16958,ﺁ
16959,ﺁ
16960,ﺁ
16961,ﺁ
16962,ﺁ
16963,ﺁ
16964,ﺁ
16965,ﺁ
16966,ﺁ
16967,ﺁ
16968,ﺁ
16969,ﺁ
16970,ﺁ
16971,ﺁ
16972,ﺁ
16973,ﺁ
16974,ﺁ
16975,ﺁ
16976,ﺁ
16977,ﺁ
16978,ﺁ
16979,ﺁ
16980,ﺁ
16981,ﺁ
16982,ﺁ
16983,ﺁ
16984,ﺁ
16985,ﺁ
16986,ﺁ
16987,ﺁ
16988,ﺁ
16989,ﺁ
16990,ﺁ
16991,ﺁ
16992,ﺁ
16993,ﺁ
16994,ﺁ
16995,ﺁ
16996,ﺁ
16997,ﺁ
16998,ﺁ
16999,ﺁ
17000,ﺁ
17001,ﺁ
17002,ﺁ
17003,ﺁ
17004,ﺁ
17005,ﺁ
17006,ﺁ
17007,ﺁ
17008,ﺁ
17009,ﺁ
17010,ﺁ
17011,ﺁ
17012,ﺁ
17013,ﺁ
17014,ﺁ
17015,ﺁ
17016,ﺁ
17017,ﺁ
17018,ﺁ
17019,ﺁ
17020,ﺁ
17021,ﺁ
17022,ﺁ
17023,ﺁ
17024,،
17025,،
17026,،
17027,،
17028,،
17029,،
17030,،
17031,،
17032,،
17033,،
17034,،
17035,،
17036,،
17037,،
17038,،
17039,،
17040,،
17041,،
17042,،
17043,،
17044,،
17045,،
17046,،
17047,،
17048,،
17049,،
17050,،
17051,،
17052,،
17053,،
17054,،
17055,،
17056,،
17057,،
17058,،
17059,،
17060,،
17061,،
17062,،
17063,،
17064,،
17065,،
17066,،
17067,،
17068,،
17069,،
17070,،
17071,،
17072,،
17073,،
17074,،
17075,،
17076,،
17077,،
17078,،
17079,،
17080,،
17081,،
17082,،
17083,،
17084,،
17085,،
17086,،
17087,،
17088,،
17089,،
17090,،
17091,،
17092,،
17093,،
17094,،
17095,،
17096,،
17097,،
17098,،
17099,،
17100,،
17101,،
17102,،
17103,،
17104,،
17105,،
17106,،
17107,،
17108,،
17109,،
17110,،
17111,،
17112,،
17113,،
17114,،
17115,،
17116,،
17117,،
17118,،
17119,،
17120,،
17121,،
17122,،
17123,،
17124,،
17125,،
17126,،
17127,،
17128,،
17129,،
17130,،
17131,،
17132,،
17133,،
17134,،
17135,،
17136,؛
17137,؛
17138,؛
17139,؛
17140,؛
17141,؛
17142,؛
17143,؛
17144,؛
17145,؛
17146,؛
17147,؛
17148,؛
17149,؛
17150,؛
17151,؛
17152,؛
17153,؛
17154,؛
17155,؛
17156,؛
17157,؛
17158,؛
17159,؛
17160,؛
17161,؛
17162,؛
17163,؛
17164,؛
17165,؛
17166,؛
17167,؛
17168,؛
17169,؛
17170,؛
17171,؛
17172,؛
17173,؛
17174,؛
17175,؛
17176,؛
17177,؛
17178,؛
17179,؛
17180,؛
17181,؛
17182,؛
17183,؛
17184,؛
17185,؛
17186,؛
17187,؛
17188,؛
17189,؛
17190,؛
17191,؛
17192,؛
17193,؛
17194,؛
17195,؛
17196,؛
17197,؛
17198,؛
17199,؛
17200,؛
17201,؛
17202,؛
17203,؛
17204,؛
17205,؛
17206,؛
17207,؛
17208,؛
17209,؛
17210,؛
17211,؛
17212,؛
17213,؛
17214,؛
17215,؛
17216,؛
17217,؛
17218,؛
17219,؛
17220,؛
17221,؛
17222,؛
17223,؛
17224,؛
17225,؛
17226,؛
17227,؛
17228,؛
17229,؛
17230,؛
17231,؛
17232,؛
17233,؛
17234,؛
17235,؛
17236,؛
17237,؛
17238,؛
17239,؛
17240,؛
17241,؛
17242,؛
17243,؛
17244,؛
17245,؛
17246,؛
17247,؛
17248,0
17249,0
17250,0
17251,0
17252,0
17253,0
17254,0
17255,0
17256,0
17257,0
17258,0
17259,0
17260,0
17261,0
17262,0
17263,0
17264,0
17265,0
17266,0
17267,0
17268,0
17269,0
17270,0
17271,0
17272,0
17273,0
17274,0
17275,0
17276,0
17277,0
17278,0
17279,0
17280,0
17281,0
17282,0
17283,0
17284,0
17285,0
17286,0
17287,0
17288,0
17289,0
17290,0
17291,0
17292,0
17293,0
17294,0
17295,0
17296,0
17297,0
17298,0
17299,0
17300,0
17301,0
17302,0
17303,0
17304,0
17305,0
17306,0
17307,0
17308,0
17309,0
17310,0
17311,0
17312,0
17313,0
17314,0
17315,0
17316,0
17317,0
17318,0
17319,0
17320,0
17321,0
17322,0
17323,0
17324,0
17325,0
17326,0
17327,0
17328,0
17329,0
17330,0
17331,0
17332,0
17333,0
17334,0
17335,0
17336,0
17337,0
17338,0
17339,0
17340,0
17341,0
17342,0
17343,0
17344,0
17345,0
17346,0
17347,0
17348,0
17349,0
17350,0
17351,0
17352,0
17353,0
17354,0
17355,0
17356,0
17357,0
17358,0
17359,0
17360,1
17361,1
17362,1
17363,1
17364,1
17365,1
17366,1
17367,1
17368,1
17369,1
17370,1
17371,1
17372,1
17373,1
17374,1
17375,1
17376,1
17377,1
17378,1
17379,1
17380,1
17381,1
17382,1
17383,1
17384,1
17385,1
17386,1
17387,1
17388,1
17389,1
17390,1
17391,1
17392,1
17393,1
17394,1
17395,1
17396,1
17397,1
17398,1
17399,1
17400,1
17401,1
17402,1
17403,1
17404,1
17405,1
17406,1
17407,1
17408,1
17409,1
17410,1
17411,1
17412,1
17413,1
17414,1
17415,1
17416,1
17417,1
17418,1
17419,1
17420,1
17421,1
17422,1
17423,1
17424,1
17425,1
17426,1
17427,1
17428,1
17429,1
17430,1
17431,1
17432,1
17433,1
17434,1
17435,1
17436,1
17437,1
17438,1
17439,1
17440,1
17441,1
17442,1
17443,1
17444,1
17445,1
17446,1
17447,1
17448,1
17449,1
17450,1
17451,1
17452,1
17453,1
17454,1
17455,1
17456,1
17457,1
17458,1
17459,1
17460,1
17461,1
17462,1
17463,1
17464,1
17465,1
17466,1
17467,1
17468,1
17469,1
17470,1
17471,1
17472,2
17473,2
17474,2
17475,2
17476,2
17477,2
17478,2
17479,2
17480,2
17481,2
17482,2
17483,2
17484,2
17485,2
17486,2
17487,2
17488,2
17489,2
17490,2
17491,2
17492,2
17493,2
17494,2
17495,2
17496,2
17497,2
17498,2
17499,2
17500,2
17501,2
17502,2
17503,2
17504,2
17505,2
17506,2
17507,2
17508,2
17509,2
17510,2
17511,2
17512,2
17513,2
17514,2
17515,2
17516,2
17517,2
17518,2
17519,2
17520,2
17521,2
17522,2
17523,2
17524,2
17525,2
17526,2
17527,2
17528,2
17529,2
17530,2
17531,2
17532,2
17533,2
17534,2
17535,2
17536,2
17537,2
17538,2
17539,2
17540,2
17541,2
17542,2
17543,2
17544,2
17545,2
17546,2
17547,2
17548,2
17549,2
17550,2
17551,2
17552,2
17553,2
17554,2
17555,2
17556,2
17557,2
17558,2
17559,2
17560,2
17561,2
17562,2
17563,2
17564,2
17565,2
17566,2
17567,2
17568,2
17569,2
17570,2
17571,2
17572,2
17573,2
17574,2
17575,2
17576,2
17577,2
17578,2
17579,2
17580,2
17581,2
17582,2
17583,2
17584,3
17585,3
17586,3
17587,3
17588,3
17589,3
17590,3
17591,3
17592,3
17593,3
17594,3
17595,3
17596,3
17597,3
17598,3
17599,3
17600,3
17601,3
17602,3
17603,3
17604,3
17605,3
17606,3
17607,3
17608,3
17609,3
17610,3
17611,3
17612,3
17613,3
17614,3
17615,3
17616,3
17617,3
17618,3
17619,3
17620,3
17621,3
17622,3
17623,3
17624,3
17625,3
17626,3
17627,3
17628,3
17629,3
17630,3
17631,3
17632,3
17633,3
17634,3
17635,3
17636,3
17637,3
17638,3
17639,3
17640,3
17641,3
17642,3
17643,3
17644,3
17645,3
17646,3
17647,3
17648,3
17649,3
17650,3
17651,3
17652,3
17653,3
17654,3
17655,3
17656,3
17657,3
17658,3
17659,3
17660,3
17661,3
17662,3
17663,3
17664,3
17665,3
17666,3
17667,3
17668,3
17669,3
17670,3
17671,3
17672,3
17673,3
17674,3
17675,3
17676,3
17677,3
17678,3
17679,3
17680,3
17681,3
17682,3
17683,3
17684,3
17685,3
17686,3
17687,3
17688,3
17689,3
17690,3
17691,3
17692,3
17693,3
17694,3
17695,3
17696,4
17697,4
17698,4
17699,4
17700,4
17701,4
17702,4
17703,4
17704,4
17705,4
17706,4
17707,4
17708,4
17709,4
17710,4
17711,4
17712,4
17713,4
17714,4
17715,4
17716,4
17717,4
17718,4
17719,4
17720,4
17721,4
17722,4
17723,4
17724,4
17725,4
17726,4
17727,4
17728,4
17729,4
17730,4
17731,4
17732,4
17733,4
17734,4
17735,4
17736,4
17737,4
17738,4
17739,4
17740,4
17741,4
17742,4
17743,4
17744,4
17745,4
17746,4
17747,4
17748,4
17749,4
17750,4
17751,4
17752,4
17753,4
17754,4
17755,4
17756,4
17757,4
17758,4
17759,4
17760,4
17761,4
17762,4
17763,4
17764,4
17765,4
17766,4
17767,4
17768,4
17769,4
17770,4
17771,4
17772,4
17773,4
17774,4
17775,4
17776,4
17777,4
17778,4
17779,4
17780,4
17781,4
17782,4
17783,4
17784,4
17785,4
17786,4
17787,4
17788,4
17789,4
17790,4
17791,4
17792,4
17793,4
17794,4
17795,4
17796,4
17797,4
17798,4
17799,4
17800,4
17801,4
17802,4
17803,4
17804,4
17805,4
17806,4
17807,4
17808,5
17809,5
17810,5
17811,5
17812,5
17813,5
17814,5
17815,5
17816,5
17817,5
17818,5
17819,5
17820,5
17821,5
17822,5
17823,5
17824,5
17825,5
17826,5
17827,5
17828,5
17829,5
17830,5
17831,5
17832,5
17833,5
17834,5
17835,5
17836,5
17837,5
17838,5
17839,5
17840,5
17841,5
17842,5
17843,5
17844,5
17845,5
17846,5
17847,5
17848,5
17849,5
17850,5
17851,5
17852,5
17853,5
17854,5
17855,5
17856,5
17857,5
17858,5
17859,5
17860,5
17861,5
17862,5
17863,5
17864,5
17865,5
17866,5
17867,5
17868,5
17869,5
17870,5
17871,5
17872,5
17873,5
17874,5
17875,5
17876,5
17877,5
17878,5
17879,5
17880,5
17881,5
17882,5
17883,5
17884,5
17885,5
17886,5
17887,5
17888,5
17889,5
17890,5
17891,5
17892,5
17893,5
17894,5
17895,5
17896,5
17897,5
17898,5
17899,5
17900,5
17901,5
17902,5
17903,5
17904,5
17905,5
17906,5
17907,5
17908,5
17909,5
17910,5
17911,5
17912,5
17913,5
17914,5
17915,5
17916,5
17917,5
17918,5
17919,5
17920,6
17921,6
17922,6
17923,6
17924,6
17925,6
17926,6
17927,6
17928,6
17929,6
17930,6
17931,6
17932,6
17933,6
17934,6
17935,6
17936,6
17937,6
17938,6
17939,6
17940,6
17941,6
17942,6
17943,6
17944,6
17945,6
17946,6
17947,6
17948,6
17949,6
17950,6
17951,6
17952,6
17953,6
17954,6
17955,6
17956,6
17957,6
17958,6
17959,6
17960,6
17961,6
17962,6
17963,6
17964,6
17965,6
17966,6
17967,6
17968,6
17969,6
17970,6
17971,6
17972,6
17973,6
17974,6
17975,6
17976,6
17977,6
17978,6
17979,6
17980,6
17981,6
17982,6
17983,6
17984,6
17985,6
17986,6
17987,6
17988,6
17989,6
17990,6
17991,6
17992,6
17993,6
17994,6
17995,6
17996,6
17997,6
17998,6
17999,6
18000,6
18001,6
18002,6
18003,6
18004,6
18005,6
18006,6
18007,6
18008,6
18009,6
18010,6
18011,6
18012,6
18013,6
18014,6
18015,6
18016,6
18017,6
18018,6
18019,6
18020,6
18021,6
18022,6
18023,6
18024,6
18025,6
18026,6
18027,6
18028,6
18029,6
18030,6
18031,6
18032,7
18033,7
18034,7
18035,7
18036,7
18037,7
18038,7
18039,7
18040,7
18041,7
18042,7
18043,7
18044,7
18045,7
18046,7
18047,7
18048,7
18049,7
18050,7
18051,7
18052,7
18053,7
18054,7
18055,7
18056,7
18057,7
18058,7
18059,7
18060,7
18061,7
18062,7
18063,7
18064,7
18065,7
18066,7
18067,7
18068,7
18069,7
18070,7
18071,7
18072,7
18073,7
18074,7
18075,7
18076,7
18077,7
18078,7
18079,7
18080,7
18081,7
18082,7
18083,7
18084,7
18085,7
18086,7
18087,7
18088,7
18089,7
18090,7
18091,7
18092,7
18093,7
18094,7
18095,7
18096,7
18097,7
18098,7
18099,7
18100,7
18101,7
18102,7
18103,7
18104,7
18105,7
18106,7
18107,7
18108,7
18109,7
18110,7
18111,7
18112,7
18113,7
18114,7
18115,7
18116,7
18117,7
18118,7
18119,7
18120,7
18121,7
18122,7
18123,7
18124,7
18125,7
18126,7
18127,7
18128,7
18129,7
18130,7
18131,7
18132,7
18133,7
18134,7
18135,7
18136,7
18137,7
18138,7
18139,7
18140,7
18141,7
18142,7
18143,7
18144,8
18145,8
18146,8
18147,8
18148,8
18149,8
18150,8
18151,8
18152,8
18153,8
18154,8
18155,8
18156,8
18157,8
18158,8
18159,8
18160,8
18161,8
18162,8
18163,8
18164,8
18165,8
18166,8
18167,8
18168,8
18169,8
18170,8
18171,8
18172,8
18173,8
18174,8
18175,8
18176,8
18177,8
18178,8
18179,8
18180,8
18181,8
18182,8
18183,8
18184,8
18185,8
18186,8
18187,8
18188,8
18189,8
18190,8
18191,8
18192,8
18193,8
18194,8
18195,8
18196,8
18197,8
18198,8
18199,8
18200,8
18201,8
18202,8
18203,8
18204,8
18205,8
18206,8
18207,8
18208,8
18209,8
18210,8
18211,8
18212,8
18213,8
18214,8
18215,8
18216,8
18217,8
18218,8
18219,8
18220,8
18221,8
18222,8
18223,8
18224,8
18225,8
18226,8
18227,8
18228,8
18229,8
18230,8
18231,8
18232,8
18233,8
18234,8
18235,8
18236,8
18237,8
18238,8
18239,8
18240,8
18241,8
18242,8
18243,8
18244,8
18245,8
18246,8
18247,8
18248,8
18249,8
18250,8
18251,8
18252,8
18253,8
18254,8
18255,8
18256,9
18257,9
18258,9
18259,9
18260,9
18261,9
18262,9
18263,9
18264,9
18265,9
18266,9
18267,9
18268,9
18269,9
18270,9
18271,9
18272,9
18273,9
18274,9
18275,9
18276,9
18277,9
18278,9
18279,9
18280,9
18281,9
18282,9
18283,9
18284,9
18285,9
18286,9
18287,9
18288,9
18289,9
18290,9
18291,9
18292,9
18293,9
18294,9
18295,9
18296,9
18297,9
18298,9
18299,9
18300,9
18301,9
18302,9
18303,9
18304,9
18305,9
18306,9
18307,9
18308,9
18309,9
18310,9
18311,9
18312,9
18313,9
18314,9
18315,9
18316,9
18317,9
18318,9
18319,9
18320,9
18321,9
18322,9
18323,9
18324,9
18325,9
18326,9
18327,9
18328,9
18329,9
18330,9
18331,9
18332,9
18333,9
18334,9
18335,9
18336,9
18337,9
18338,9
18339,9
18340,9
18341,9
18342,9
18343,9
18344,9
18345,9
18346,9
18347,9
18348,9
18349,9
18350,9
18351,9
18352,9
18353,9
18354,9
18355,9
18356,9
18357,9
18358,9
18359,9
18360,9
18361,9
18362,9
18363,9
18364,9
18365,9
18366,9
18367,9
18368,ﺎ
18369,ﺎ
18370,ﺎ
18371,ﺎ
18372,ﺎ
18373,ﺎ
18374,ﺎ
18375,ﺎ
18376,ﺎ
18377,ﺎ
18378,ﺎ
18379,ﺎ
18380,ﺎ
18381,ﺎ
18382,ﺎ
18383,ﺎ
18384,ﺎ
18385,ﺎ
18386,ﺎ
18387,ﺎ
18388,ﺎ
18389,ﺎ
18390,ﺎ
18391,ﺎ
18392,ﺎ
18393,ﺎ
18394,ﺎ
18395,ﺎ
18396,ﺎ
18397,ﺎ
18398,ﺎ
18399,ﺎ
18400,ﺎ
18401,ﺎ
18402,ﺎ
18403,ﺎ
18404,ﺎ
18405,ﺎ
18406,ﺎ
18407,ﺎ
18408,ﺎ
18409,ﺎ
18410,ﺎ
18411,ﺎ
18412,ﺎ
18413,ﺎ
18414,ﺎ
18415,ﺎ
18416,ﺎ
18417,ﺎ
18418,ﺎ
18419,ﺎ
18420,ﺎ
18421,ﺎ
18422,ﺎ
18423,ﺎ
18424,ﺎ
18425,ﺎ
18426,ﺎ
18427,ﺎ
18428,ﺎ
18429,ﺎ
18430,ﺎ
18431,ﺎ
18432,ﺎ
18433,ﺎ
18434,ﺎ
18435,ﺎ
18436,ﺎ
18437,ﺎ
18438,ﺎ
18439,ﺎ
18440,ﺎ
18441,ﺎ
18442,ﺎ
18443,ﺎ
18444,ﺎ
18445,ﺎ
18446,ﺎ
18447,ﺎ
18448,ﺎ
18449,ﺎ
18450,ﺎ
18451,ﺎ
18452,ﺎ
18453,ﺎ
18454,ﺎ
18455,ﺎ
18456,ﺎ
18457,ﺎ
18458,ﺎ
18459,ﺎ
18460,ﺎ
18461,ﺎ
18462,ﺎ
18463,ﺎ
18464,ﺎ
18465,ﺎ
18466,ﺎ
18467,ﺎ
18468,ﺎ
18469,ﺎ
18470,ﺎ
18471,ﺎ
18472,ﺎ
18473,ﺎ
18474,ﺎ
18475,ﺎ
18476,ﺎ
18477,ﺎ
18478,ﺎ
18479,ﺎ
18480,ﺐ
18481,ﺐ
18482,ﺐ
18483,ﺐ
18484,ﺐ
18485,ﺐ
18486,ﺐ
18487,ﺐ
18488,ﺐ
18489,ﺐ
18490,ﺐ
18491,ﺐ
18492,ﺐ
18493,ﺐ
18494,ﺐ
18495,ﺐ
18496,ﺐ
18497,ﺐ
18498,ﺐ
18499,ﺐ
18500,ﺐ
18501,ﺐ
18502,ﺐ
18503,ﺐ
18504,ﺐ
18505,ﺐ
18506,ﺐ
18507,ﺐ
18508,ﺐ
18509,ﺐ
18510,ﺐ
18511,ﺐ
18512,ﺐ
18513,ﺐ
18514,ﺐ
18515,ﺐ
18516,ﺐ
18517,ﺐ
18518,ﺐ
18519,ﺐ
18520,ﺐ
18521,ﺐ
18522,ﺐ
18523,ﺐ
18524,ﺐ
18525,ﺐ
18526,ﺐ
18527,ﺐ
18528,ﺐ
18529,ﺐ
18530,ﺐ
18531,ﺐ
18532,ﺐ
18533,ﺐ
18534,ﺐ
18535,ﺐ
18536,ﺐ
18537,ﺐ
18538,ﺐ
18539,ﺐ
18540,ﺐ
18541,ﺐ
18542,ﺐ
18543,ﺐ
18544,ﺐ
18545,ﺐ
18546,ﺐ
18547,ﺐ
18548,ﺐ
18549,ﺐ
18550,ﺐ
18551,ﺐ
18552,ﺐ
18553,ﺐ
18554,ﺐ
18555,ﺐ
18556,ﺐ
18557,ﺐ
18558,ﺐ
18559,ﺐ
18560,ﺐ
18561,ﺐ
18562,ﺐ
18563,ﺐ
18564,ﺐ
18565,ﺐ
18566,ﺐ
18567,ﺐ
18568,ﺐ
18569,ﺐ
18570,ﺐ
18571,ﺐ
18572,ﺐ
18573,ﺐ
18574,ﺐ
18575,ﺐ
18576,ﺐ
18577,ﺐ
18578,ﺐ
18579,ﺐ
18580,ﺐ
18581,ﺐ
18582,ﺐ
18583,ﺐ
18584,ﺐ
18585,ﺐ
18586,ﺐ
18587,ﺐ
18588,ﺐ
18589,ﺐ
18590,ﺐ
18591,ﺐ
18592,ﺑ
18593,ﺑ
18594,ﺑ
18595,ﺑ
18596,ﺑ
18597,ﺑ
18598,ﺑ
18599,ﺑ
18600,ﺑ
18601,ﺑ
18602,ﺑ
18603,ﺑ
18604,ﺑ
18605,ﺑ
18606,ﺑ
18607,ﺑ
18608,ﺑ
18609,ﺑ
18610,ﺑ
18611,ﺑ
18612,ﺑ
18613,ﺑ
18614,ﺑ
18615,ﺑ
18616,ﺑ
18617,ﺑ
18618,ﺑ
18619,ﺑ
18620,ﺑ
18621,ﺑ
18622,ﺑ
18623,ﺑ
18624,ﺑ
18625,ﺑ
18626,ﺑ
18627,ﺑ
18628,ﺑ
18629,ﺑ
18630,ﺑ
18631,ﺑ
18632,ﺑ
18633,ﺑ
18634,ﺑ
18635,ﺑ
18636,ﺑ
18637,ﺑ
18638,ﺑ
18639,ﺑ
18640,ﺑ
18641,ﺑ
18642,ﺑ
18643,ﺑ
18644,ﺑ
18645,ﺑ
18646,ﺑ
18647,ﺑ
18648,ﺑ
18649,ﺑ
18650,ﺑ
18651,ﺑ
18652,ﺑ
18653,ﺑ
18654,ﺑ
18655,ﺑ
18656,ﺑ
18657,ﺑ
18658,ﺑ
18659,ﺑ
18660,ﺑ
18661,ﺑ
18662,ﺑ
18663,ﺑ
18664,ﺑ
18665,ﺑ
18666,ﺑ
18667,ﺑ
18668,ﺑ
18669,ﺑ
18670,ﺑ
18671,ﺑ
18672,ﺑ
18673,ﺑ
18674,ﺑ
18675,ﺑ
18676,ﺑ
18677,ﺑ
18678,ﺑ
18679,ﺑ
18680,ﺑ
18681,ﺑ
18682,ﺑ
18683,ﺑ
18684,ﺑ
18685,ﺑ
18686,ﺑ
18687,ﺑ
18688,ﺑ
18689,ﺑ
18690,ﺑ
18691,ﺑ
18692,ﺑ
18693,ﺑ
18694,ﺑ
18695,ﺑ
18696,ﺑ
18697,ﺑ
18698,ﺑ
18699,ﺑ
18700,ﺑ
18701,ﺑ
18702,ﺑ
18703,ﺑ
18704,ﺖ
18705,ﺖ
18706,ﺖ
18707,ﺖ
18708,ﺖ
18709,ﺖ
18710,ﺖ
18711,ﺖ
18712,ﺖ
18713,ﺖ
18714,ﺖ
18715,ﺖ
18716,ﺖ
18717,ﺖ
18718,ﺖ
18719,ﺖ
18720,ﺖ
18721,ﺖ
18722,ﺖ
18723,ﺖ
18724,ﺖ
18725,ﺖ
18726,ﺖ
18727,ﺖ
18728,ﺖ
18729,ﺖ
18730,ﺖ
18731,ﺖ
18732,ﺖ
18733,ﺖ
18734,ﺖ
18735,ﺖ
18736,ﺖ
18737,ﺖ
18738,ﺖ
18739,ﺖ
18740,ﺖ
18741,ﺖ
18742,ﺖ
18743,ﺖ
18744,ﺖ
18745,ﺖ
18746,ﺖ
18747,ﺖ
18748,ﺖ
18749,ﺖ
18750,ﺖ
18751,ﺖ
18752,ﺖ
18753,ﺖ
18754,ﺖ
18755,ﺖ
18756,ﺖ
18757,ﺖ
18758,ﺖ
18759,ﺖ
18760,ﺖ
18761,ﺖ
18762,ﺖ
18763,ﺖ
18764,ﺖ
18765,ﺖ
18766,ﺖ
18767,ﺖ
18768,ﺖ
18769,ﺖ
18770,ﺖ
18771,ﺖ
18772,ﺖ
18773,ﺖ
18774,ﺖ
18775,ﺖ
18776,ﺖ
18777,ﺖ
18778,ﺖ
18779,ﺖ
18780,ﺖ
18781,ﺖ
18782,ﺖ
18783,ﺖ
18784,ﺖ
18785,ﺖ
18786,ﺖ
18787,ﺖ
18788,ﺖ
18789,ﺖ
18790,ﺖ
18791,ﺖ
18792,ﺖ
18793,ﺖ
18794,ﺖ
18795,ﺖ
18796,ﺖ
18797,ﺖ
18798,ﺖ
18799,ﺖ
18800,ﺖ
18801,ﺖ
18802,ﺖ
18803,ﺖ
18804,ﺖ
18805,ﺖ
18806,ﺖ
18807,ﺖ
18808,ﺖ
18809,ﺖ
18810,ﺖ
18811,ﺖ
18812,ﺖ
18813,ﺖ
18814,ﺖ
18815,ﺖ
18816,ﺗ
18817,ﺗ
18818,ﺗ
18819,ﺗ
18820,ﺗ
18821,ﺗ
18822,ﺗ
18823,ﺗ
18824,ﺗ
18825,ﺗ
18826,ﺗ
18827,ﺗ
18828,ﺗ
18829,ﺗ
18830,ﺗ
18831,ﺗ
18832,ﺗ
18833,ﺗ
18834,ﺗ
18835,ﺗ
18836,ﺗ
18837,ﺗ
18838,ﺗ
18839,ﺗ
18840,ﺗ
18841,ﺗ
18842,ﺗ
18843,ﺗ
18844,ﺗ
18845,ﺗ
18846,ﺗ
18847,ﺗ
18848,ﺗ
18849,ﺗ
18850,ﺗ
18851,ﺗ
18852,ﺗ
18853,ﺗ
18854,ﺗ
18855,ﺗ
18856,ﺗ
18857,ﺗ
18858,ﺗ
18859,ﺗ
18860,ﺗ
18861,ﺗ
18862,ﺗ
18863,ﺗ
18864,ﺗ
18865,ﺗ
18866,ﺗ
18867,ﺗ
18868,ﺗ
18869,ﺗ
18870,ﺗ
18871,ﺗ
18872,ﺗ
18873,ﺗ
18874,ﺗ
18875,ﺗ
18876,ﺗ
18877,ﺗ
18878,ﺗ
18879,ﺗ
18880,ﺗ
18881,ﺗ
18882,ﺗ
18883,ﺗ
18884,ﺗ
18885,ﺗ
18886,ﺗ
18887,ﺗ
18888,ﺗ
18889,ﺗ
18890,ﺗ
18891,ﺗ
18892,ﺗ
18893,ﺗ
18894,ﺗ
18895,ﺗ
18896,ﺗ
18897,ﺗ
18898,ﺗ
18899,ﺗ
18900,ﺗ
18901,ﺗ
18902,ﺗ
18903,ﺗ
18904,ﺗ
18905,ﺗ
18906,ﺗ
18907,ﺗ
18908,ﺗ
18909,ﺗ
18910,ﺗ
18911,ﺗ
18912,ﺗ
18913,ﺗ
18914,ﺗ
18915,ﺗ
18916,ﺗ
18917,ﺗ
18918,ﺗ
18919,ﺗ
18920,ﺗ
18921,ﺗ
18922,ﺗ
18923,ﺗ
18924,ﺗ
18925,ﺗ
18926,ﺗ
18927,ﺗ
18928,ﺚ
18929,ﺚ
18930,ﺚ
18931,ﺚ
18932,ﺚ
18933,ﺚ
18934,ﺚ
18935,ﺚ
18936,ﺚ
18937,ﺚ
18938,ﺚ
18939,ﺚ
18940,ﺚ
18941,ﺚ
18942,ﺚ
18943,ﺚ
18944,ﺚ
18945,ﺚ
18946,ﺚ
18947,ﺚ
18948,ﺚ
18949,ﺚ
18950,ﺚ
18951,ﺚ
18952,ﺚ
18953,ﺚ
18954,ﺚ
18955,ﺚ
18956,ﺚ
18957,ﺚ
18958,ﺚ
18959,ﺚ
18960,ﺚ
18961,ﺚ
18962,ﺚ
18963,ﺚ
18964,ﺚ
18965,ﺚ
18966,ﺚ
18967,ﺚ
18968,ﺚ
18969,ﺚ
18970,ﺚ
18971,ﺚ
18972,ﺚ
18973,ﺚ
18974,ﺚ
18975,ﺚ
18976,ﺚ
18977,ﺚ
18978,ﺚ
18979,ﺚ
18980,ﺚ
18981,ﺚ
18982,ﺚ
18983,ﺚ
18984,ﺚ
18985,ﺚ
18986,ﺚ
18987,ﺚ
18988,ﺚ
18989,ﺚ
18990,ﺚ
18991,ﺚ
18992,ﺚ
18993,ﺚ
18994,ﺚ
18995,ﺚ
18996,ﺚ
18997,ﺚ
18998,ﺚ
18999,ﺚ
19000,ﺚ
19001,ﺚ
19002,ﺚ
19003,ﺚ
19004,ﺚ
19005,ﺚ
19006,ﺚ
19007,ﺚ
19008,ﺚ
19009,ﺚ
19010,ﺚ
19011,ﺚ
19012,ﺚ
19013,ﺚ
19014,ﺚ
19015,ﺚ
19016,ﺚ
19017,ﺚ
19018,ﺚ
19019,ﺚ
19020,ﺚ
19021,ﺚ
19022,ﺚ
19023,ﺚ
19024,ﺚ
19025,ﺚ
19026,ﺚ
19027,ﺚ
19028,ﺚ
19029,ﺚ
19030,ﺚ
19031,ﺚ
19032,ﺚ
19033,ﺚ
19034,ﺚ
19035,ﺚ
19036,ﺚ
19037,ﺚ
19038,ﺚ
19039,ﺚ
19040,ﺛ
19041,ﺛ
19042,ﺛ
19043,ﺛ
19044,ﺛ
19045,ﺛ
19046,ﺛ
19047,ﺛ
19048,ﺛ
19049,ﺛ
19050,ﺛ
19051,ﺛ
19052,ﺛ
19053,ﺛ
19054,ﺛ
19055,ﺛ
19056,ﺛ
19057,ﺛ
19058,ﺛ
19059,ﺛ
19060,ﺛ
19061,ﺛ
19062,ﺛ
19063,ﺛ
19064,ﺛ
19065,ﺛ
19066,ﺛ
19067,ﺛ
19068,ﺛ
19069,ﺛ
19070,ﺛ
19071,ﺛ
19072,ﺛ
19073,ﺛ
19074,ﺛ
19075,ﺛ
19076,ﺛ
19077,ﺛ
19078,ﺛ
19079,ﺛ
19080,ﺛ
19081,ﺛ
19082,ﺛ
19083,ﺛ
19084,ﺛ
19085,ﺛ
19086,ﺛ
19087,ﺛ
19088,ﺛ
19089,ﺛ
19090,ﺛ
19091,ﺛ
19092,ﺛ
19093,ﺛ
19094,ﺛ
19095,ﺛ
19096,ﺛ
19097,ﺛ
19098,ﺛ
19099,ﺛ
19100,ﺛ
19101,ﺛ
19102,ﺛ
19103,ﺛ
19104,ﺛ
19105,ﺛ
19106,ﺛ
19107,ﺛ
19108,ﺛ
19109,ﺛ
19110,ﺛ
19111,ﺛ
19112,ﺛ
19113,ﺛ
19114,ﺛ
19115,ﺛ
19116,ﺛ
19117,ﺛ
19118,ﺛ
19119,ﺛ
19120,ﺛ
19121,ﺛ
19122,ﺛ
19123,ﺛ
19124,ﺛ
19125,ﺛ
19126,ﺛ
19127,ﺛ
19128,ﺛ
19129,ﺛ
19130,ﺛ
19131,ﺛ
19132,ﺛ
19133,ﺛ
19134,ﺛ
19135,ﺛ
19136,ﺛ
19137,ﺛ
19138,ﺛ
19139,ﺛ
19140,ﺛ
19141,ﺛ
19142,ﺛ
19143,ﺛ
19144,ﺛ
19145,ﺛ
19146,ﺛ
19147,ﺛ
19148,ﺛ
19149,ﺛ
19150,ﺛ
19151,ﺛ
19152,ﺞ
19153,ﺞ
19154,ﺞ
19155,ﺞ
19156,ﺞ
19157,ﺞ
19158,ﺞ
19159,ﺞ
19160,ﺞ
19161,ﺞ
19162,ﺞ
19163,ﺞ
19164,ﺞ
19165,ﺞ
19166,ﺞ
19167,ﺞ
19168,ﺞ
19169,ﺞ
19170,ﺞ
19171,ﺞ
19172,ﺞ
19173,ﺞ
19174,ﺞ
19175,ﺞ
19176,ﺞ
19177,ﺞ
19178,ﺞ
19179,ﺞ
19180,ﺞ
19181,ﺞ
19182,ﺞ
19183,ﺞ
19184,ﺞ
19185,ﺞ
19186,ﺞ
19187,ﺞ
19188,ﺞ
19189,ﺞ
19190,ﺞ
19191,ﺞ
19192,ﺞ
19193,ﺞ
19194,ﺞ
19195,ﺞ
19196,ﺞ
19197,ﺞ
19198,ﺞ
19199,ﺞ
19200,ﺞ
19201,ﺞ
19202,ﺞ
19203,ﺞ
19204,ﺞ
19205,ﺞ
19206,ﺞ
19207,ﺞ
19208,ﺞ
19209,ﺞ
19210,ﺞ
19211,ﺞ
19212,ﺞ
19213,ﺞ
19214,ﺞ
19215,ﺞ
19216,ﺞ
19217,ﺞ
19218,ﺞ
19219,ﺞ
19220,ﺞ
19221,ﺞ
19222,ﺞ
19223,ﺞ
19224,ﺞ
19225,ﺞ
19226,ﺞ
19227,ﺞ
19228,ﺞ
19229,ﺞ
19230,ﺞ
19231,ﺞ
19232,ﺞ
19233,ﺞ
19234,ﺞ
19235,ﺞ
19236,ﺞ
19237,ﺞ
19238,ﺞ
19239,ﺞ
19240,ﺞ
19241,ﺞ
19242,ﺞ
19243,ﺞ
19244,ﺞ
19245,ﺞ
19246,ﺞ
19247,ﺞ
19248,ﺞ
19249,ﺞ
19250,ﺞ
19251,ﺞ
19252,ﺞ
19253,ﺞ
19254,ﺞ
19255,ﺞ
19256,ﺞ
19257,ﺞ
19258,ﺞ
19259,ﺞ
19260,ﺞ
19261,ﺞ
19262,ﺞ
19263,ﺞ
19264,ﺟ
19265,ﺟ
19266,ﺟ
19267,ﺟ
19268,ﺟ
19269,ﺟ
19270,ﺟ
19271,ﺟ
19272,ﺟ
19273,ﺟ
19274,ﺟ
19275,ﺟ
19276,ﺟ
19277,ﺟ
19278,ﺟ
19279,ﺟ
19280,ﺟ
19281,ﺟ
19282,ﺟ
19283,ﺟ
19284,ﺟ
19285,ﺟ
19286,ﺟ
19287,ﺟ
19288,ﺟ
19289,ﺟ
19290,ﺟ
19291,ﺟ
19292,ﺟ
19293,ﺟ
19294,ﺟ
19295,ﺟ
19296,ﺟ
19297,ﺟ
19298,ﺟ
19299,ﺟ
19300,ﺟ
19301,ﺟ
19302,ﺟ
19303,ﺟ
19304,ﺟ
19305,ﺟ
19306,ﺟ
19307,ﺟ
19308,ﺟ
19309,ﺟ
19310,ﺟ
19311,ﺟ
19312,ﺟ
19313,ﺟ
19314,ﺟ
19315,ﺟ
19316,ﺟ
19317,ﺟ
19318,ﺟ
19319,ﺟ
19320,ﺟ
19321,ﺟ
19322,ﺟ
19323,ﺟ
19324,ﺟ
19325,ﺟ
19326,ﺟ
19327,ﺟ
19328,ﺟ
19329,ﺟ
19330,ﺟ
19331,ﺟ
19332,ﺟ
19333,ﺟ
19334,ﺟ
19335,ﺟ
19336,ﺟ
19337,ﺟ
19338,ﺟ
19339,ﺟ
19340,ﺟ
19341,ﺟ
19342,ﺟ
19343,ﺟ
19344,ﺟ
19345,ﺟ
19346,ﺟ
19347,ﺟ
19348,ﺟ
19349,ﺟ
19350,ﺟ
19351,ﺟ
19352,ﺟ
19353,ﺟ
19354,ﺟ
19355,ﺟ
19356,ﺟ
19357,ﺟ
19358,ﺟ
19359,ﺟ
19360,ﺟ
19361,ﺟ
19362,ﺟ
19363,ﺟ
19364,ﺟ
19365,ﺟ
19366,ﺟ
19367,ﺟ
19368,ﺟ
19369,ﺟ
19370,ﺟ
19371,ﺟ
19372,ﺟ
19373,ﺟ
19374,ﺟ
19375,ﺟ
19376,ﺢ
19377,ﺢ
19378,ﺢ
19379,ﺢ
19380,ﺢ
19381,ﺢ
19382,ﺢ
19383,ﺢ
19384,ﺢ
19385,ﺢ
19386,ﺢ
19387,ﺢ
19388,ﺢ
19389,ﺢ
19390,ﺢ
19391,ﺢ
19392,ﺢ
19393,ﺢ
19394,ﺢ
19395,ﺢ
19396,ﺢ
19397,ﺢ
19398,ﺢ
19399,ﺢ
19400,ﺢ
19401,ﺢ
19402,ﺢ
19403,ﺢ
19404,ﺢ
19405,ﺢ
19406,ﺢ
19407,ﺢ
19408,ﺢ
19409,ﺢ
19410,ﺢ
19411,ﺢ
19412,ﺢ
19413,ﺢ
19414,ﺢ
19415,ﺢ
19416,ﺢ
19417,ﺢ
19418,ﺢ
19419,ﺢ
19420,ﺢ
19421,ﺢ
19422,ﺢ
19423,ﺢ
19424,ﺢ
19425,ﺢ
19426,ﺢ
19427,ﺢ
19428,ﺢ
19429,ﺢ
19430,ﺢ
19431,ﺢ
19432,ﺢ
19433,ﺢ
19434,ﺢ
19435,ﺢ
19436,ﺢ
19437,ﺢ
19438,ﺢ
19439,ﺢ
19440,ﺢ
19441,ﺢ
19442,ﺢ
19443,ﺢ
19444,ﺢ
19445,ﺢ
19446,ﺢ
19447,ﺢ
19448,ﺢ
19449,ﺢ
19450,ﺢ
19451,ﺢ
19452,ﺢ
19453,ﺢ
19454,ﺢ
19455,ﺢ
19456,ﺢ
19457,ﺢ
19458,ﺢ
19459,ﺢ
19460,ﺢ
19461,ﺢ
19462,ﺢ
19463,ﺢ
19464,ﺢ
19465,ﺢ
19466,ﺢ
19467,ﺢ
19468,ﺢ
19469,ﺢ
19470,ﺢ
19471,ﺢ
19472,ﺢ
19473,ﺢ
19474,ﺢ
19475,ﺢ
19476,ﺢ
19477,ﺢ
19478,ﺢ
19479,ﺢ
19480,ﺢ
19481,ﺢ
19482,ﺢ
19483,ﺢ
19484,ﺢ
19485,ﺢ
19486,ﺢ
19487,ﺢ
19488,ﺣ
19489,ﺣ
19490,ﺣ
19491,ﺣ
19492,ﺣ
19493,ﺣ
19494,ﺣ
19495,ﺣ
19496,ﺣ
19497,ﺣ
19498,ﺣ
19499,ﺣ
19500,ﺣ
19501,ﺣ
19502,ﺣ
19503,ﺣ
19504,ﺣ
19505,ﺣ
19506,ﺣ
19507,ﺣ
19508,ﺣ
19509,ﺣ
19510,ﺣ
19511,ﺣ
19512,ﺣ
19513,ﺣ
19514,ﺣ
19515,ﺣ
19516,ﺣ
19517,ﺣ
19518,ﺣ
19519,ﺣ
19520,ﺣ
19521,ﺣ
19522,ﺣ
19523,ﺣ
19524,ﺣ
19525,ﺣ
19526,ﺣ
19527,ﺣ
19528,ﺣ
19529,ﺣ
19530,ﺣ
19531,ﺣ
19532,ﺣ
19533,ﺣ
19534,ﺣ
19535,ﺣ
19536,ﺣ
19537,ﺣ
19538,ﺣ
19539,ﺣ
19540,ﺣ
19541,ﺣ
19542,ﺣ
19543,ﺣ
19544,ﺣ
19545,ﺣ
19546,ﺣ
19547,ﺣ
19548,ﺣ
19549,ﺣ
19550,ﺣ
19551,ﺣ
19552,ﺣ
19553,ﺣ
19554,ﺣ
19555,ﺣ
19556,ﺣ
19557,ﺣ
19558,ﺣ
19559,ﺣ
19560,ﺣ
19561,ﺣ
19562,ﺣ
19563,ﺣ
19564,ﺣ
19565,ﺣ
19566,ﺣ
19567,ﺣ
19568,ﺣ
19569,ﺣ
19570,ﺣ
19571,ﺣ
19572,ﺣ
19573,ﺣ
19574,ﺣ
19575,ﺣ
19576,ﺣ
19577,ﺣ
19578,ﺣ
19579,ﺣ
19580,ﺣ
19581,ﺣ
19582,ﺣ
19583,ﺣ
19584,ﺣ
19585,ﺣ
19586,ﺣ
19587,ﺣ
19588,ﺣ
19589,ﺣ
19590,ﺣ
19591,ﺣ
19592,ﺣ
19593,ﺣ
19594,ﺣ
19595,ﺣ
19596,ﺣ
19597,ﺣ
19598,ﺣ
19599,ﺣ
19600,ﺦ
19601,ﺦ
19602,ﺦ
19603,ﺦ
19604,ﺦ
19605,ﺦ
19606,ﺦ
19607,ﺦ
19608,ﺦ
19609,ﺦ
19610,ﺦ
19611,ﺦ
19612,ﺦ
19613,ﺦ
19614,ﺦ
19615,ﺦ
19616,ﺦ
19617,ﺦ
19618,ﺦ
19619,ﺦ
19620,ﺦ
19621,ﺦ
19622,ﺦ
19623,ﺦ
19624,ﺦ
19625,ﺦ
19626,ﺦ
19627,ﺦ
19628,ﺦ
19629,ﺦ
19630,ﺦ
19631,ﺦ
19632,ﺦ
19633,ﺦ
19634,ﺦ
19635,ﺦ
19636,ﺦ
19637,ﺦ
19638,ﺦ
19639,ﺦ
19640,ﺦ
19641,ﺦ
19642,ﺦ
19643,ﺦ
19644,ﺦ
19645,ﺦ
19646,ﺦ
19647,ﺦ
19648,ﺦ
19649,ﺦ
19650,ﺦ
19651,ﺦ
19652,ﺦ
19653,ﺦ
19654,ﺦ
19655,ﺦ
19656,ﺦ
19657,ﺦ
19658,ﺦ
19659,ﺦ
19660,ﺦ
19661,ﺦ
19662,ﺦ
19663,ﺦ
19664,ﺦ
19665,ﺦ
19666,ﺦ
19667,ﺦ
19668,ﺦ
19669,ﺦ
19670,ﺦ
19671,ﺦ
19672,ﺦ
19673,ﺦ
19674,ﺦ
19675,ﺦ
19676,ﺦ
19677,ﺦ
19678,ﺦ
19679,ﺦ
19680,ﺦ
19681,ﺦ
19682,ﺦ
19683,ﺦ
19684,ﺦ
19685,ﺦ
19686,ﺦ
19687,ﺦ
19688,ﺦ
19689,ﺦ
19690,ﺦ
19691,ﺦ
19692,ﺦ
19693,ﺦ
19694,ﺦ
19695,ﺦ
19696,ﺦ
19697,ﺦ
19698,ﺦ
19699,ﺦ
19700,ﺦ
19701,ﺦ
19702,ﺦ
19703,ﺦ
19704,ﺦ
19705,ﺦ
19706,ﺦ
19707,ﺦ
19708,ﺦ
19709,ﺦ
19710,ﺦ
19711,ﺦ
19712,ﺧ
19713,ﺧ
19714,ﺧ
19715,ﺧ
19716,ﺧ
19717,ﺧ
19718,ﺧ
19719,ﺧ
19720,ﺧ
19721,ﺧ
19722,ﺧ
19723,ﺧ
19724,ﺧ
19725,ﺧ
19726,ﺧ
19727,ﺧ
19728,ﺧ
19729,ﺧ
19730,ﺧ
19731,ﺧ
19732,ﺧ
19733,ﺧ
19734,ﺧ
19735,ﺧ
19736,ﺧ
19737,ﺧ
19738,ﺧ
19739,ﺧ
19740,ﺧ
19741,ﺧ
19742,ﺧ
19743,ﺧ
19744,ﺧ
19745,ﺧ
19746,ﺧ
19747,ﺧ
19748,ﺧ
19749,ﺧ
19750,ﺧ
19751,ﺧ
19752,ﺧ
19753,ﺧ
19754,ﺧ
19755,ﺧ
19756,ﺧ
19757,ﺧ
19758,ﺧ
19759,ﺧ
19760,ﺧ
19761,ﺧ
19762,ﺧ
19763,ﺧ
19764,ﺧ
19765,ﺧ
19766,ﺧ
19767,ﺧ
19768,ﺧ
19769,ﺧ
19770,ﺧ
19771,ﺧ
19772,ﺧ
19773,ﺧ
19774,ﺧ
19775,ﺧ
19776,ﺧ
19777,ﺧ
19778,ﺧ
19779,ﺧ
19780,ﺧ
19781,ﺧ
19782,ﺧ
19783,ﺧ
19784,ﺧ
19785,ﺧ
19786,ﺧ
19787,ﺧ
19788,ﺧ
19789,ﺧ
19790,ﺧ
19791,ﺧ
19792,ﺧ
19793,ﺧ
19794,ﺧ
19795,ﺧ
19796,ﺧ
19797,ﺧ
19798,ﺧ
19799,ﺧ
19800,ﺧ
19801,ﺧ
19802,ﺧ
19803,ﺧ
19804,ﺧ
19805,ﺧ
19806,ﺧ
19807,ﺧ
19808,ﺧ
19809,ﺧ
19810,ﺧ
19811,ﺧ
19812,ﺧ
19813,ﺧ
19814,ﺧ
19815,ﺧ
19816,ﺧ
19817,ﺧ
19818,ﺧ
19819,ﺧ
19820,ﺧ
19821,ﺧ
19822,ﺧ
19823,ﺧ
19824,ﺪ
19825,ﺪ
19826,ﺪ
19827,ﺪ
19828,ﺪ
19829,ﺪ
19830,ﺪ
19831,ﺪ
19832,ﺪ
19833,ﺪ
19834,ﺪ
19835,ﺪ
19836,ﺪ
19837,ﺪ
19838,ﺪ
19839,ﺪ
19840,ﺪ
19841,ﺪ
19842,ﺪ
19843,ﺪ
19844,ﺪ
19845,ﺪ
19846,ﺪ
19847,ﺪ
19848,ﺪ
19849,ﺪ
19850,ﺪ
19851,ﺪ
19852,ﺪ
19853,ﺪ
19854,ﺪ
19855,ﺪ
19856,ﺪ
19857,ﺪ
19858,ﺪ
19859,ﺪ
19860,ﺪ
19861,ﺪ
19862,ﺪ
19863,ﺪ
19864,ﺪ
19865,ﺪ
19866,ﺪ
19867,ﺪ
19868,ﺪ
19869,ﺪ
19870,ﺪ
19871,ﺪ
19872,ﺪ
19873,ﺪ
19874,ﺪ
19875,ﺪ
19876,ﺪ
19877,ﺪ
19878,ﺪ
19879,ﺪ
19880,ﺪ
19881,ﺪ
19882,ﺪ
19883,ﺪ
19884,ﺪ
19885,ﺪ
19886,ﺪ
19887,ﺪ
19888,ﺪ
19889,ﺪ
19890,ﺪ
19891,ﺪ
19892,ﺪ
19893,ﺪ
19894,ﺪ
19895,ﺪ
19896,ﺪ
19897,ﺪ
19898,ﺪ
19899,ﺪ
19900,ﺪ
19901,ﺪ
19902,ﺪ
19903,ﺪ
19904,ﺪ
19905,ﺪ
19906,ﺪ
19907,ﺪ
19908,ﺪ
19909,ﺪ
19910,ﺪ
19911,ﺪ
19912,ﺪ
19913,ﺪ
19914,ﺪ
19915,ﺪ
19916,ﺪ
19917,ﺪ
19918,ﺪ
19919,ﺪ
19920,ﺪ
19921,ﺪ
19922,ﺪ
19923,ﺪ
19924,ﺪ
19925,ﺪ
19926,ﺪ
19927,ﺪ
19928,ﺪ
19929,ﺪ
19930,ﺪ
19931,ﺪ
19932,ﺪ
19933,ﺪ
19934,ﺪ
19935,ﺪ
19936,ﺬ
19937,ﺬ
19938,ﺬ
19939,ﺬ
19940,ﺬ
19941,ﺬ
19942,ﺬ
19943,ﺬ
19944,ﺬ
19945,ﺬ
19946,ﺬ
19947,ﺬ
19948,ﺬ
19949,ﺬ
19950,ﺬ
19951,ﺬ
19952,ﺬ
19953,ﺬ
19954,ﺬ
19955,ﺬ
19956,ﺬ
19957,ﺬ
19958,ﺬ
19959,ﺬ
19960,ﺬ
19961,ﺬ
19962,ﺬ
19963,ﺬ
19964,ﺬ
19965,ﺬ
19966,ﺬ
19967,ﺬ
19968,ﺬ
19969,ﺬ
19970,ﺬ
19971,ﺬ
19972,ﺬ
19973,ﺬ
19974,ﺬ
19975,ﺬ
19976,ﺬ
19977,ﺬ
19978,ﺬ
19979,ﺬ
19980,ﺬ
19981,ﺬ
19982,ﺬ
19983,ﺬ
19984,ﺬ
19985,ﺬ
19986,ﺬ
19987,ﺬ
19988,ﺬ
19989,ﺬ
19990,ﺬ
19991,ﺬ
19992,ﺬ
19993,ﺬ
19994,ﺬ
19995,ﺬ
19996,ﺬ
19997,ﺬ
19998,ﺬ
19999,ﺬ
20000,ﺬ
20001,ﺬ
20002,ﺬ
20003,ﺬ
20004,ﺬ
20005,ﺬ
20006,ﺬ
20007,ﺬ
20008,ﺬ
20009,ﺬ
20010,ﺬ
20011,ﺬ
20012,ﺬ
20013,ﺬ
20014,ﺬ
20015,ﺬ
20016,ﺬ
20017,ﺬ
20018,ﺬ
20019,ﺬ
20020,ﺬ
20021,ﺬ
20022,ﺬ
20023,ﺬ
20024,ﺬ
20025,ﺬ
20026,ﺬ
20027,ﺬ
20028,ﺬ
20029,ﺬ
20030,ﺬ
20031,ﺬ
20032,ﺬ
20033,ﺬ
20034,ﺬ
20035,ﺬ
20036,ﺬ
20037,ﺬ
20038,ﺬ
20039,ﺬ
20040,ﺬ
20041,ﺬ
20042,ﺬ
20043,ﺬ
20044,ﺬ
20045,ﺬ
20046,ﺬ
20047,ﺬ
20048,ﺮ
20049,ﺮ
20050,ﺮ
20051,ﺮ
20052,ﺮ
20053,ﺮ
20054,ﺮ
20055,ﺮ
20056,ﺮ
20057,ﺮ
20058,ﺮ
20059,ﺮ
20060,ﺮ
20061,ﺮ
20062,ﺮ
20063,ﺮ
20064,ﺮ
20065,ﺮ
20066,ﺮ
20067,ﺮ
20068,ﺮ
20069,ﺮ
20070,ﺮ
20071,ﺮ
20072,ﺮ
20073,ﺮ
20074,ﺮ
20075,ﺮ
20076,ﺮ
20077,ﺮ
20078,ﺮ
20079,ﺮ
20080,ﺮ
20081,ﺮ
20082,ﺮ
20083,ﺮ
20084,ﺮ
20085,ﺮ
20086,ﺮ
20087,ﺮ
20088,ﺮ
20089,ﺮ
20090,ﺮ
20091,ﺮ
20092,ﺮ
20093,ﺮ
20094,ﺮ
20095,ﺮ
20096,ﺮ
20097,ﺮ
20098,ﺮ
20099,ﺮ
20100,ﺮ
20101,ﺮ
20102,ﺮ
20103,ﺮ
20104,ﺮ
20105,ﺮ
20106,ﺮ
20107,ﺮ
20108,ﺮ
20109,ﺮ
20110,ﺮ
20111,ﺮ
20112,ﺮ
20113,ﺮ
20114,ﺮ
20115,ﺮ
20116,ﺮ
20117,ﺮ
20118,ﺮ
20119,ﺮ
20120,ﺮ
20121,ﺮ
20122,ﺮ
20123,ﺮ
20124,ﺮ
20125,ﺮ
20126,ﺮ
20127,ﺮ
20128,ﺮ
20129,ﺮ
20130,ﺮ
20131,ﺮ
20132,ﺮ
20133,ﺮ
20134,ﺮ
20135,ﺮ
20136,ﺮ
20137,ﺮ
20138,ﺮ
20139,ﺮ
20140,ﺮ
20141,ﺮ
20142,ﺮ
20143,ﺮ
20144,ﺮ
20145,ﺮ
20146,ﺮ
20147,ﺮ
20148,ﺮ
20149,ﺮ
20150,ﺮ
20151,ﺮ
20152,ﺮ
20153,ﺮ
20154,ﺮ
20155,ﺮ
20156,ﺮ
20157,ﺮ
20158,ﺮ
20159,ﺮ
20160,ﺰ
20161,ﺰ
20162,ﺰ
20163,ﺰ
20164,ﺰ
20165,ﺰ
20166,ﺰ
20167,ﺰ
20168,ﺰ
20169,ﺰ
20170,ﺰ
20171,ﺰ
20172,ﺰ
20173,ﺰ
20174,ﺰ
20175,ﺰ
20176,ﺰ
20177,ﺰ
20178,ﺰ
20179,ﺰ
20180,ﺰ
20181,ﺰ
20182,ﺰ
20183,ﺰ
20184,ﺰ
20185,ﺰ
20186,ﺰ
20187,ﺰ
20188,ﺰ
20189,ﺰ
20190,ﺰ
20191,ﺰ
20192,ﺰ
20193,ﺰ
20194,ﺰ
20195,ﺰ
20196,ﺰ
20197,ﺰ
20198,ﺰ
20199,ﺰ
20200,ﺰ
20201,ﺰ
20202,ﺰ
20203,ﺰ
20204,ﺰ
20205,ﺰ
20206,ﺰ
20207,ﺰ
20208,ﺰ
20209,ﺰ
20210,ﺰ
20211,ﺰ
20212,ﺰ
20213,ﺰ
20214,ﺰ
20215,ﺰ
20216,ﺰ
20217,ﺰ
20218,ﺰ
20219,ﺰ
20220,ﺰ
20221,ﺰ
20222,ﺰ
20223,ﺰ
20224,ﺰ
20225,ﺰ
20226,ﺰ
20227,ﺰ
20228,ﺰ
20229,ﺰ
20230,ﺰ
20231,ﺰ
20232,ﺰ
20233,ﺰ
20234,ﺰ
20235,ﺰ
20236,ﺰ
20237,ﺰ
20238,ﺰ
20239,ﺰ
20240,ﺰ
20241,ﺰ
20242,ﺰ
20243,ﺰ
20244,ﺰ
20245,ﺰ
20246,ﺰ
20247,ﺰ
20248,ﺰ
20249,ﺰ
20250,ﺰ
20251,ﺰ
20252,ﺰ
20253,ﺰ
20254,ﺰ
20255,ﺰ
20256,ﺰ
20257,ﺰ
20258,ﺰ
20259,ﺰ
20260,ﺰ
20261,ﺰ
20262,ﺰ
20263,ﺰ
20264,ﺰ
20265,ﺰ
20266,ﺰ
20267,ﺰ
20268,ﺰ
20269,ﺰ
20270,ﺰ
20271,ﺰ
20272,ﺲ
20273,ﺲ
20274,ﺲ
20275,ﺲ
20276,ﺲ
20277,ﺲ
20278,ﺲ
20279,ﺲ
20280,ﺲ
20281,ﺲ
20282,ﺲ
20283,ﺲ
20284,ﺲ
20285,ﺲ
20286,ﺲ
20287,ﺲ
20288,ﺲ
20289,ﺲ
20290,ﺲ
20291,ﺲ
20292,ﺲ
20293,ﺲ
20294,ﺲ
20295,ﺲ
20296,ﺲ
20297,ﺲ
20298,ﺲ
20299,ﺲ
20300,ﺲ
20301,ﺲ
20302,ﺲ
20303,ﺲ
20304,ﺲ
20305,ﺲ
20306,ﺲ
20307,ﺲ
20308,ﺲ
20309,ﺲ
20310,ﺲ
20311,ﺲ
20312,ﺲ
20313,ﺲ
20314,ﺲ
20315,ﺲ
20316,ﺲ
20317,ﺲ
20318,ﺲ
20319,ﺲ
20320,ﺲ
20321,ﺲ
20322,ﺲ
20323,ﺲ
20324,ﺲ
20325,ﺲ
20326,ﺲ
20327,ﺲ
20328,ﺲ
20329,ﺲ
20330,ﺲ
20331,ﺲ
20332,ﺲ
20333,ﺲ
20334,ﺲ
20335,ﺲ
20336,ﺲ
20337,ﺲ
20338,ﺲ
20339,ﺲ
20340,ﺲ
20341,ﺲ
20342,ﺲ
20343,ﺲ
20344,ﺲ
20345,ﺲ
20346,ﺲ
20347,ﺲ
20348,ﺲ
20349,ﺲ
20350,ﺲ
20351,ﺲ
20352,ﺲ
20353,ﺲ
20354,ﺲ
20355,ﺲ
20356,ﺲ
20357,ﺲ
20358,ﺲ
20359,ﺲ
20360,ﺲ
20361,ﺲ
20362,ﺲ
20363,ﺲ
20364,ﺲ
20365,ﺲ
20366,ﺲ
20367,ﺲ
20368,ﺲ
20369,ﺲ
20370,ﺲ
20371,ﺲ
20372,ﺲ
20373,ﺲ
20374,ﺲ
20375,ﺲ
20376,ﺲ
20377,ﺲ
20378,ﺲ
20379,ﺲ
20380,ﺲ
20381,ﺲ
20382,ﺲ
20383,ﺲ
20384,ﺳ
20385,ﺳ
20386,ﺳ
20387,ﺳ
20388,ﺳ
20389,ﺳ
20390,ﺳ
20391,ﺳ
20392,ﺳ
20393,ﺳ
20394,ﺳ
20395,ﺳ
20396,ﺳ
20397,ﺳ
20398,ﺳ
20399,ﺳ
20400,ﺳ
20401,ﺳ
20402,ﺳ
20403,ﺳ
20404,ﺳ
20405,ﺳ
20406,ﺳ
20407,ﺳ
20408,ﺳ
20409,ﺳ
20410,ﺳ
20411,ﺳ
20412,ﺳ
20413,ﺳ
20414,ﺳ
20415,ﺳ
20416,ﺳ
20417,ﺳ
20418,ﺳ
20419,ﺳ
20420,ﺳ
20421,ﺳ
20422,ﺳ
20423,ﺳ
20424,ﺳ
20425,ﺳ
20426,ﺳ
20427,ﺳ
20428,ﺳ
20429,ﺳ
20430,ﺳ
20431,ﺳ
20432,ﺳ
20433,ﺳ
20434,ﺳ
20435,ﺳ
20436,ﺳ
20437,ﺳ
20438,ﺳ
20439,ﺳ
20440,ﺳ
20441,ﺳ
20442,ﺳ
20443,ﺳ
20444,ﺳ
20445,ﺳ
20446,ﺳ
20447,ﺳ
20448,ﺳ
20449,ﺳ
20450,ﺳ
20451,ﺳ
20452,ﺳ
20453,ﺳ
20454,ﺳ
20455,ﺳ
20456,ﺳ
20457,ﺳ
20458,ﺳ
20459,ﺳ
20460,ﺳ
20461,ﺳ
20462,ﺳ
20463,ﺳ
20464,ﺳ
20465,ﺳ
20466,ﺳ
20467,ﺳ
20468,ﺳ
20469,ﺳ
20470,ﺳ
20471,ﺳ
20472,ﺳ
20473,ﺳ
20474,ﺳ
20475,ﺳ
20476,ﺳ
20477,ﺳ
20478,ﺳ
20479,ﺳ
20480,ﺳ
20481,ﺳ
20482,ﺳ
20483,ﺳ
20484,ﺳ
20485,ﺳ
20486,ﺳ
20487,ﺳ
20488,ﺳ
20489,ﺳ
20490,ﺳ
20491,ﺳ
20492,ﺳ
20493,ﺳ
20494,ﺳ
20495,ﺳ
20496,ﺶ
20497,ﺶ
20498,ﺶ
20499,ﺶ
20500,ﺶ
20501,ﺶ
20502,ﺶ
20503,ﺶ
20504,ﺶ
20505,ﺶ
20506,ﺶ
20507,ﺶ
20508,ﺶ
20509,ﺶ
20510,ﺶ
20511,ﺶ
20512,ﺶ
20513,ﺶ
20514,ﺶ
20515,ﺶ
20516,ﺶ
20517,ﺶ
20518,ﺶ
20519,ﺶ
20520,ﺶ
20521,ﺶ
20522,ﺶ
20523,ﺶ
20524,ﺶ
20525,ﺶ
20526,ﺶ
20527,ﺶ
20528,ﺶ
20529,ﺶ
20530,ﺶ
20531,ﺶ
20532,ﺶ
20533,ﺶ
20534,ﺶ
20535,ﺶ
20536,ﺶ
20537,ﺶ
20538,ﺶ
20539,ﺶ
20540,ﺶ
20541,ﺶ
20542,ﺶ
20543,ﺶ
20544,ﺶ
20545,ﺶ
20546,ﺶ
20547,ﺶ
20548,ﺶ
20549,ﺶ
20550,ﺶ
20551,ﺶ
20552,ﺶ
20553,ﺶ
20554,ﺶ
20555,ﺶ
20556,ﺶ
20557,ﺶ
20558,ﺶ
20559,ﺶ
20560,ﺶ
20561,ﺶ
20562,ﺶ
20563,ﺶ
20564,ﺶ
20565,ﺶ
20566,ﺶ
20567,ﺶ
20568,ﺶ
20569,ﺶ
20570,ﺶ
20571,ﺶ
20572,ﺶ
20573,ﺶ
20574,ﺶ
20575,ﺶ
20576,ﺶ
20577,ﺶ
20578,ﺶ
20579,ﺶ
20580,ﺶ
20581,ﺶ
20582,ﺶ
20583,ﺶ
20584,ﺶ
20585,ﺶ
20586,ﺶ
20587,ﺶ
20588,ﺶ
20589,ﺶ
20590,ﺶ
20591,ﺶ
20592,ﺶ
20593,ﺶ
20594,ﺶ
20595,ﺶ
20596,ﺶ
20597,ﺶ
20598,ﺶ
20599,ﺶ
20600,ﺶ
20601,ﺶ
20602,ﺶ
20603,ﺶ
20604,ﺶ
20605,ﺶ
20606,ﺶ
20607,ﺶ
20608,ﺷ
20609,ﺷ
20610,ﺷ
20611,ﺷ
20612,ﺷ
20613,ﺷ
20614,ﺷ
20615,ﺷ
20616,ﺷ
20617,ﺷ
20618,ﺷ
20619,ﺷ
20620,ﺷ
20621,ﺷ
20622,ﺷ
20623,ﺷ
20624,ﺷ
20625,ﺷ
20626,ﺷ
20627,ﺷ
20628,ﺷ
20629,ﺷ
20630,ﺷ
20631,ﺷ
20632,ﺷ
20633,ﺷ
20634,ﺷ
20635,ﺷ
20636,ﺷ
20637,ﺷ
20638,ﺷ
20639,ﺷ
20640,ﺷ
20641,ﺷ
20642,ﺷ
20643,ﺷ
20644,ﺷ
20645,ﺷ
20646,ﺷ
20647,ﺷ
20648,ﺷ
20649,ﺷ
20650,ﺷ
20651,ﺷ
20652,ﺷ
20653,ﺷ
20654,ﺷ
20655,ﺷ
20656,ﺷ
20657,ﺷ
20658,ﺷ
20659,ﺷ
20660,ﺷ
20661,ﺷ
20662,ﺷ
20663,ﺷ
20664,ﺷ
20665,ﺷ
20666,ﺷ
20667,ﺷ
20668,ﺷ
20669,ﺷ
20670,ﺷ
20671,ﺷ
20672,ﺷ
20673,ﺷ
20674,ﺷ
20675,ﺷ
20676,ﺷ
20677,ﺷ
20678,ﺷ
20679,ﺷ
20680,ﺷ
20681,ﺷ
20682,ﺷ
20683,ﺷ
20684,ﺷ
20685,ﺷ
20686,ﺷ
20687,ﺷ
20688,ﺷ
20689,ﺷ
20690,ﺷ
20691,ﺷ
20692,ﺷ
20693,ﺷ
20694,ﺷ
20695,ﺷ
20696,ﺷ
20697,ﺷ
20698,ﺷ
20699,ﺷ
20700,ﺷ
20701,ﺷ
20702,ﺷ
20703,ﺷ
20704,ﺷ
20705,ﺷ
20706,ﺷ
20707,ﺷ
20708,ﺷ
20709,ﺷ
20710,ﺷ
20711,ﺷ
20712,ﺷ
20713,ﺷ
20714,ﺷ
20715,ﺷ
20716,ﺷ
20717,ﺷ
20718,ﺷ
20719,ﺷ
20720,ﺺ
20721,ﺺ
20722,ﺺ
20723,ﺺ
20724,ﺺ
20725,ﺺ
20726,ﺺ
20727,ﺺ
20728,ﺺ
20729,ﺺ
20730,ﺺ
20731,ﺺ
20732,ﺺ
20733,ﺺ
20734,ﺺ
20735,ﺺ
20736,ﺺ
20737,ﺺ
20738,ﺺ
20739,ﺺ
20740,ﺺ
20741,ﺺ
20742,ﺺ
20743,ﺺ
20744,ﺺ
20745,ﺺ
20746,ﺺ
20747,ﺺ
20748,ﺺ
20749,ﺺ
20750,ﺺ
20751,ﺺ
20752,ﺺ
20753,ﺺ
20754,ﺺ
20755,ﺺ
20756,ﺺ
20757,ﺺ
20758,ﺺ
20759,ﺺ
20760,ﺺ
20761,ﺺ
20762,ﺺ
20763,ﺺ
20764,ﺺ
20765,ﺺ
20766,ﺺ
20767,ﺺ
20768,ﺺ
20769,ﺺ
20770,ﺺ
20771,ﺺ
20772,ﺺ
20773,ﺺ
20774,ﺺ
20775,ﺺ
20776,ﺺ
20777,ﺺ
20778,ﺺ
20779,ﺺ
20780,ﺺ
20781,ﺺ
20782,ﺺ
20783,ﺺ
20784,ﺺ
20785,ﺺ
20786,ﺺ
20787,ﺺ
20788,ﺺ
20789,ﺺ
20790,ﺺ
20791,ﺺ
20792,ﺺ
20793,ﺺ
20794,ﺺ
20795,ﺺ
20796,ﺺ
20797,ﺺ
20798,ﺺ
20799,ﺺ
20800,ﺺ
20801,ﺺ
20802,ﺺ
20803,ﺺ
20804,ﺺ
20805,ﺺ
20806,ﺺ
20807,ﺺ
20808,ﺺ
20809,ﺺ
20810,ﺺ
20811,ﺺ
20812,ﺺ
20813,ﺺ
20814,ﺺ
20815,ﺺ
20816,ﺺ
20817,ﺺ
20818,ﺺ
20819,ﺺ
20820,ﺺ
20821,ﺺ
20822,ﺺ
20823,ﺺ
20824,ﺺ
20825,ﺺ
20826,ﺺ
20827,ﺺ
20828,ﺺ
20829,ﺺ
20830,ﺺ
20831,ﺺ
20832,ﺻ
20833,ﺻ
20834,ﺻ
20835,ﺻ
20836,ﺻ
20837,ﺻ
20838,ﺻ
20839,ﺻ
20840,ﺻ
20841,ﺻ
20842,ﺻ
20843,ﺻ
20844,ﺻ
20845,ﺻ
20846,ﺻ
20847,ﺻ
20848,ﺻ
20849,ﺻ
20850,ﺻ
20851,ﺻ
20852,ﺻ
20853,ﺻ
20854,ﺻ
20855,ﺻ
20856,ﺻ
20857,ﺻ
20858,ﺻ
20859,ﺻ
20860,ﺻ
20861,ﺻ
20862,ﺻ
20863,ﺻ
20864,ﺻ
20865,ﺻ
20866,ﺻ
20867,ﺻ
20868,ﺻ
20869,ﺻ
20870,ﺻ
20871,ﺻ
20872,ﺻ
20873,ﺻ
20874,ﺻ
20875,ﺻ
20876,ﺻ
20877,ﺻ
20878,ﺻ
20879,ﺻ
20880,ﺻ
20881,ﺻ
20882,ﺻ
20883,ﺻ
20884,ﺻ
20885,ﺻ
20886,ﺻ
20887,ﺻ
20888,ﺻ
20889,ﺻ
20890,ﺻ
20891,ﺻ
20892,ﺻ
20893,ﺻ
20894,ﺻ
20895,ﺻ
20896,ﺻ
20897,ﺻ
20898,ﺻ
20899,ﺻ
20900,ﺻ
20901,ﺻ
20902,ﺻ
20903,ﺻ
20904,ﺻ
20905,ﺻ
20906,ﺻ
20907,ﺻ
20908,ﺻ
20909,ﺻ
20910,ﺻ
20911,ﺻ
20912,ﺻ
20913,ﺻ
20914,ﺻ
20915,ﺻ
20916,ﺻ
20917,ﺻ
20918,ﺻ
20919,ﺻ
20920,ﺻ
20921,ﺻ
20922,ﺻ
20923,ﺻ
20924,ﺻ
20925,ﺻ
20926,ﺻ
20927,ﺻ
20928,ﺻ
20929,ﺻ
20930,ﺻ
20931,ﺻ
20932,ﺻ
20933,ﺻ
20934,ﺻ
20935,ﺻ
20936,ﺻ
20937,ﺻ
20938,ﺻ
20939,ﺻ
20940,ﺻ
20941,ﺻ
20942,ﺻ
20943,ﺻ
20944,ﺾ
20945,ﺾ
20946,ﺾ
20947,ﺾ
20948,ﺾ
20949,ﺾ
20950,ﺾ
20951,ﺾ
20952,ﺾ
20953,ﺾ
20954,ﺾ
20955,ﺾ
20956,ﺾ
20957,ﺾ
20958,ﺾ
20959,ﺾ
20960,ﺾ
20961,ﺾ
20962,ﺾ
20963,ﺾ
20964,ﺾ
20965,ﺾ
20966,ﺾ
20967,ﺾ
20968,ﺾ
20969,ﺾ
20970,ﺾ
20971,ﺾ
20972,ﺾ
20973,ﺾ
20974,ﺾ
20975,ﺾ
20976,ﺾ
20977,ﺾ
20978,ﺾ
20979,ﺾ
20980,ﺾ
20981,ﺾ
20982,ﺾ
20983,ﺾ
20984,ﺾ
20985,ﺾ
20986,ﺾ
20987,ﺾ
20988,ﺾ
20989,ﺾ
20990,ﺾ
20991,ﺾ
20992,ﺾ
20993,ﺾ
20994,ﺾ
20995,ﺾ
20996,ﺾ
20997,ﺾ
20998,ﺾ
20999,ﺾ
21000,ﺾ
21001,ﺾ
21002,ﺾ
21003,ﺾ
21004,ﺾ
21005,ﺾ
21006,ﺾ
21007,ﺾ
21008,ﺾ
21009,ﺾ
21010,ﺾ
21011,ﺾ
21012,ﺾ
21013,ﺾ
21014,ﺾ
21015,ﺾ
21016,ﺾ
21017,ﺾ
21018,ﺾ
21019,ﺾ
21020,ﺾ
21021,ﺾ
21022,ﺾ
21023,ﺾ
21024,ﺾ
21025,ﺾ
21026,ﺾ
21027,ﺾ
21028,ﺾ
21029,ﺾ
21030,ﺾ
21031,ﺾ
21032,ﺾ
21033,ﺾ
21034,ﺾ
21035,ﺾ
21036,ﺾ
21037,ﺾ
21038,ﺾ
21039,ﺾ
21040,ﺾ
21041,ﺾ
21042,ﺾ
21043,ﺾ
21044,ﺾ
21045,ﺾ
21046,ﺾ
21047,ﺾ
21048,ﺾ
21049,ﺾ
21050,ﺾ
21051,ﺾ
21052,ﺾ
21053,ﺾ
21054,ﺾ
21055,ﺾ
21056,ﺿ
21057,ﺿ
21058,ﺿ
21059,ﺿ
21060,ﺿ
21061,ﺿ
21062,ﺿ
21063,ﺿ
21064,ﺿ
21065,ﺿ
21066,ﺿ
21067,ﺿ
21068,ﺿ
21069,ﺿ
21070,ﺿ
21071,ﺿ
21072,ﺿ
21073,ﺿ
21074,ﺿ
21075,ﺿ
21076,ﺿ
21077,ﺿ
21078,ﺿ
21079,ﺿ
21080,ﺿ
21081,ﺿ
21082,ﺿ
21083,ﺿ
21084,ﺿ
21085,ﺿ
21086,ﺿ
21087,ﺿ
21088,ﺿ
21089,ﺿ
21090,ﺿ
21091,ﺿ
21092,ﺿ
21093,ﺿ
21094,ﺿ
21095,ﺿ
21096,ﺿ
21097,ﺿ
21098,ﺿ
21099,ﺿ
21100,ﺿ
21101,ﺿ
21102,ﺿ
21103,ﺿ
21104,ﺿ
21105,ﺿ
21106,ﺿ
21107,ﺿ
21108,ﺿ
21109,ﺿ
21110,ﺿ
21111,ﺿ
21112,ﺿ
21113,ﺿ
21114,ﺿ
21115,ﺿ
21116,ﺿ
21117,ﺿ
21118,ﺿ
21119,ﺿ
21120,ﺿ
21121,ﺿ
21122,ﺿ
21123,ﺿ
21124,ﺿ
21125,ﺿ
21126,ﺿ
21127,ﺿ
21128,ﺿ
21129,ﺿ
21130,ﺿ
21131,ﺿ
21132,ﺿ
21133,ﺿ
21134,ﺿ
21135,ﺿ
21136,ﺿ
21137,ﺿ
21138,ﺿ
21139,ﺿ
21140,ﺿ
21141,ﺿ
21142,ﺿ
21143,ﺿ
21144,ﺿ
21145,ﺿ
21146,ﺿ
21147,ﺿ
21148,ﺿ
21149,ﺿ
21150,ﺿ
21151,ﺿ
21152,ﺿ
21153,ﺿ
21154,ﺿ
21155,ﺿ
21156,ﺿ
21157,ﺿ
21158,ﺿ
21159,ﺿ
21160,ﺿ
21161,ﺿ
21162,ﺿ
21163,ﺿ
21164,ﺿ
21165,ﺿ
21166,ﺿ
21167,ﺿ
21168,ﻂ
21169,ﻂ
21170,ﻂ
21171,ﻂ
21172,ﻂ
21173,ﻂ
21174,ﻂ
21175,ﻂ
21176,ﻂ
21177,ﻂ
21178,ﻂ
21179,ﻂ
21180,ﻂ
21181,ﻂ
21182,ﻂ
21183,ﻂ
21184,ﻂ
21185,ﻂ
21186,ﻂ
21187,ﻂ
21188,ﻂ
21189,ﻂ
21190,ﻂ
21191,ﻂ
21192,ﻂ
21193,ﻂ
21194,ﻂ
21195,ﻂ
21196,ﻂ
21197,ﻂ
21198,ﻂ
21199,ﻂ
21200,ﻂ
21201,ﻂ
21202,ﻂ
21203,ﻂ
21204,ﻂ
21205,ﻂ
21206,ﻂ
21207,ﻂ
21208,ﻂ
21209,ﻂ
21210,ﻂ
21211,ﻂ
21212,ﻂ
21213,ﻂ
21214,ﻂ
21215,ﻂ
21216,ﻂ
21217,ﻂ
21218,ﻂ
21219,ﻂ
21220,ﻂ
21221,ﻂ
21222,ﻂ
21223,ﻂ
21224,ﻂ
21225,ﻂ
21226,ﻂ
21227,ﻂ
21228,ﻂ
21229,ﻂ
21230,ﻂ
21231,ﻂ
21232,ﻂ
21233,ﻂ
21234,ﻂ
21235,ﻂ
21236,ﻂ
21237,ﻂ
21238,ﻂ
21239,ﻂ
21240,ﻂ
21241,ﻂ
21242,ﻂ
21243,ﻂ
21244,ﻂ
21245,ﻂ
21246,ﻂ
21247,ﻂ
21248,ﻂ
21249,ﻂ
21250,ﻂ
21251,ﻂ
21252,ﻂ
21253,ﻂ
21254,ﻂ
21255,ﻂ
21256,ﻂ
21257,ﻂ
21258,ﻂ
21259,ﻂ
21260,ﻂ
21261,ﻂ
21262,ﻂ
21263,ﻂ
21264,ﻂ
21265,ﻂ
21266,ﻂ
21267,ﻂ
21268,ﻂ
21269,ﻂ
21270,ﻂ
21271,ﻂ
21272,ﻂ
21273,ﻂ
21274,ﻂ
21275,ﻂ
21276,ﻂ
21277,ﻂ
21278,ﻂ
21279,ﻂ
21280,ﻆ
21281,ﻆ
21282,ﻆ
21283,ﻆ
21284,ﻆ
21285,ﻆ
21286,ﻆ
21287,ﻆ
21288,ﻆ
21289,ﻆ
21290,ﻆ
21291,ﻆ
21292,ﻆ
21293,ﻆ
21294,ﻆ
21295,ﻆ
21296,ﻆ
21297,ﻆ
21298,ﻆ
21299,ﻆ
21300,ﻆ
21301,ﻆ
21302,ﻆ
21303,ﻆ
21304,ﻆ
21305,ﻆ
21306,ﻆ
21307,ﻆ
21308,ﻆ
21309,ﻆ
21310,ﻆ
21311,ﻆ
21312,ﻆ
21313,ﻆ
21314,ﻆ
21315,ﻆ
21316,ﻆ
21317,ﻆ
21318,ﻆ
21319,ﻆ
21320,ﻆ
21321,ﻆ
21322,ﻆ
21323,ﻆ
21324,ﻆ
21325,ﻆ
21326,ﻆ
21327,ﻆ
21328,ﻆ
21329,ﻆ
21330,ﻆ
21331,ﻆ
21332,ﻆ
21333,ﻆ
21334,ﻆ
21335,ﻆ
21336,ﻆ
21337,ﻆ
21338,ﻆ
21339,ﻆ
21340,ﻆ
21341,ﻆ
21342,ﻆ
21343,ﻆ
21344,ﻆ
21345,ﻆ
21346,ﻆ
21347,ﻆ
21348,ﻆ
21349,ﻆ
21350,ﻆ
21351,ﻆ
21352,ﻆ
21353,ﻆ
21354,ﻆ
21355,ﻆ
21356,ﻆ
21357,ﻆ
21358,ﻆ
21359,ﻆ
21360,ﻆ
21361,ﻆ
21362,ﻆ
21363,ﻆ
21364,ﻆ
21365,ﻆ
21366,ﻆ
21367,ﻆ
21368,ﻆ
21369,ﻆ
21370,ﻆ
21371,ﻆ
21372,ﻆ
21373,ﻆ
21374,ﻆ
21375,ﻆ
21376,ﻆ
21377,ﻆ
21378,ﻆ
21379,ﻆ
21380,ﻆ
21381,ﻆ
21382,ﻆ
21383,ﻆ
21384,ﻆ
21385,ﻆ
21386,ﻆ
21387,ﻆ
21388,ﻆ
21389,ﻆ
21390,ﻆ
21391,ﻆ
21392,ﻉ
21393,ﻉ
21394,ﻉ
21395,ﻉ
21396,ﻉ
21397,ﻉ
21398,ﻉ
21399,ﻉ
21400,ﻉ
21401,ﻉ
21402,ﻉ
21403,ﻉ
21404,ﻉ
21405,ﻉ
21406,ﻉ
21407,ﻉ
21408,ﻉ
21409,ﻉ
21410,ﻉ
21411,ﻉ
21412,ﻉ
21413,ﻉ
21414,ﻉ
21415,ﻉ
21416,ﻉ
21417,ﻉ
21418,ﻉ
21419,ﻉ
21420,ﻉ
21421,ﻉ
21422,ﻉ
21423,ﻉ
21424,ﻉ
21425,ﻉ
21426,ﻉ
21427,ﻉ
21428,ﻉ
21429,ﻉ
21430,ﻉ
21431,ﻉ
21432,ﻉ
21433,ﻉ
21434,ﻉ
21435,ﻉ
21436,ﻉ
21437,ﻉ
21438,ﻉ
21439,ﻉ
21440,ﻉ
21441,ﻉ
21442,ﻉ
21443,ﻉ
21444,ﻉ
21445,ﻉ
21446,ﻉ
21447,ﻉ
21448,ﻉ
21449,ﻉ
21450,ﻉ
21451,ﻉ
21452,ﻉ
21453,ﻉ
21454,ﻉ
21455,ﻉ
21456,ﻉ
21457,ﻉ
21458,ﻉ
21459,ﻉ
21460,ﻉ
21461,ﻉ
21462,ﻉ
21463,ﻉ
21464,ﻉ
21465,ﻉ
21466,ﻉ
21467,ﻉ
21468,ﻉ
21469,ﻉ
21470,ﻉ
21471,ﻉ
21472,ﻉ
21473,ﻉ
21474,ﻉ
21475,ﻉ
21476,ﻉ
21477,ﻉ
21478,ﻉ
21479,ﻉ
21480,ﻉ
21481,ﻉ
21482,ﻉ
21483,ﻉ
21484,ﻉ
21485,ﻉ
21486,ﻉ
21487,ﻉ
21488,ﻉ
21489,ﻉ
21490,ﻉ
21491,ﻉ
21492,ﻉ
21493,ﻉ
21494,ﻉ
21495,ﻉ
21496,ﻉ
21497,ﻉ
21498,ﻉ
21499,ﻉ
21500,ﻉ
21501,ﻉ
21502,ﻉ
21503,ﻉ
21504,ﻊ
21505,ﻊ
21506,ﻊ
21507,ﻊ
21508,ﻊ
21509,ﻊ
21510,ﻊ
21511,ﻊ
21512,ﻊ
21513,ﻊ
21514,ﻊ
21515,ﻊ
21516,ﻊ
21517,ﻊ
21518,ﻊ
21519,ﻊ
21520,ﻊ
21521,ﻊ
21522,ﻊ
21523,ﻊ
21524,ﻊ
21525,ﻊ
21526,ﻊ
21527,ﻊ
21528,ﻊ
21529,ﻊ
21530,ﻊ
21531,ﻊ
21532,ﻊ
21533,ﻊ
21534,ﻊ
21535,ﻊ
21536,ﻊ
21537,ﻊ
21538,ﻊ
21539,ﻊ
21540,ﻊ
21541,ﻊ
21542,ﻊ
21543,ﻊ
21544,ﻊ
21545,ﻊ
21546,ﻊ
21547,ﻊ
21548,ﻊ
21549,ﻊ
21550,ﻊ
21551,ﻊ
21552,ﻊ
21553,ﻊ
21554,ﻊ
21555,ﻊ
21556,ﻊ
21557,ﻊ
21558,ﻊ
21559,ﻊ
21560,ﻊ
21561,ﻊ
21562,ﻊ
21563,ﻊ
21564,ﻊ
21565,ﻊ
21566,ﻊ
21567,ﻊ
21568,ﻊ
21569,ﻊ
21570,ﻊ
21571,ﻊ
21572,ﻊ
21573,ﻊ
21574,ﻊ
21575,ﻊ
21576,ﻊ
21577,ﻊ
21578,ﻊ
21579,ﻊ
21580,ﻊ
21581,ﻊ
21582,ﻊ
21583,ﻊ
21584,ﻊ
21585,ﻊ
21586,ﻊ
21587,ﻊ
21588,ﻊ
21589,ﻊ
21590,ﻊ
21591,ﻊ
21592,ﻊ
21593,ﻊ
21594,ﻊ
21595,ﻊ
21596,ﻊ
21597,ﻊ
21598,ﻊ
21599,ﻊ
21600,ﻊ
21601,ﻊ
21602,ﻊ
21603,ﻊ
21604,ﻊ
21605,ﻊ
21606,ﻊ
21607,ﻊ
21608,ﻊ
21609,ﻊ
21610,ﻊ
21611,ﻊ
21612,ﻊ
21613,ﻊ
21614,ﻊ
21615,ﻊ
21616,ﻋ
21617,ﻋ
21618,ﻋ
21619,ﻋ
21620,ﻋ
21621,ﻋ
21622,ﻋ
21623,ﻋ
21624,ﻋ
21625,ﻋ
21626,ﻋ
21627,ﻋ
21628,ﻋ
21629,ﻋ
21630,ﻋ
21631,ﻋ
21632,ﻋ
21633,ﻋ
21634,ﻋ
21635,ﻋ
21636,ﻋ
21637,ﻋ
21638,ﻋ
21639,ﻋ
21640,ﻋ
21641,ﻋ
21642,ﻋ
21643,ﻋ
21644,ﻋ
21645,ﻋ
21646,ﻋ
21647,ﻋ
21648,ﻋ
21649,ﻋ
21650,ﻋ
21651,ﻋ
21652,ﻋ
21653,ﻋ
21654,ﻋ
21655,ﻋ
21656,ﻋ
21657,ﻋ
21658,ﻋ
21659,ﻋ
21660,ﻋ
21661,ﻋ
21662,ﻋ
21663,ﻋ
21664,ﻋ
21665,ﻋ
21666,ﻋ
21667,ﻋ
21668,ﻋ
21669,ﻋ
21670,ﻋ
21671,ﻋ
21672,ﻋ
21673,ﻋ
21674,ﻋ
21675,ﻋ
21676,ﻋ
21677,ﻋ
21678,ﻋ
21679,ﻋ
21680,ﻋ
21681,ﻋ
21682,ﻋ
21683,ﻋ
21684,ﻋ
21685,ﻋ
21686,ﻋ
21687,ﻋ
21688,ﻋ
21689,ﻋ
21690,ﻋ
21691,ﻋ
21692,ﻋ
21693,ﻋ
21694,ﻋ
21695,ﻋ
21696,ﻋ
21697,ﻋ
21698,ﻋ
21699,ﻋ
21700,ﻋ
21701,ﻋ
21702,ﻋ
21703,ﻋ
21704,ﻋ
21705,ﻋ
21706,ﻋ
21707,ﻋ
21708,ﻋ
21709,ﻋ
21710,ﻋ
21711,ﻋ
21712,ﻋ
21713,ﻋ
21714,ﻋ
21715,ﻋ
21716,ﻋ
21717,ﻋ
21718,ﻋ
21719,ﻋ
21720,ﻋ
21721,ﻋ
21722,ﻋ
21723,ﻋ
21724,ﻋ
21725,ﻋ
21726,ﻋ
21727,ﻋ
21728,ﻌ
21729,ﻌ
21730,ﻌ
21731,ﻌ
21732,ﻌ
21733,ﻌ
21734,ﻌ
21735,ﻌ
21736,ﻌ
21737,ﻌ
21738,ﻌ
21739,ﻌ
21740,ﻌ
21741,ﻌ
21742,ﻌ
21743,ﻌ
21744,ﻌ
21745,ﻌ
21746,ﻌ
21747,ﻌ
21748,ﻌ
21749,ﻌ
21750,ﻌ
21751,ﻌ
21752,ﻌ
21753,ﻌ
21754,ﻌ
21755,ﻌ
21756,ﻌ
21757,ﻌ
21758,ﻌ
21759,ﻌ
21760,ﻌ
21761,ﻌ
21762,ﻌ
21763,ﻌ
21764,ﻌ
21765,ﻌ
21766,ﻌ
21767,ﻌ
21768,ﻌ
21769,ﻌ
21770,ﻌ
21771,ﻌ
21772,ﻌ
21773,ﻌ
21774,ﻌ
21775,ﻌ
21776,ﻌ
21777,ﻌ
21778,ﻌ
21779,ﻌ
21780,ﻌ
21781,ﻌ
21782,ﻌ
21783,ﻌ
21784,ﻌ
21785,ﻌ
21786,ﻌ
21787,ﻌ
21788,ﻌ
21789,ﻌ
21790,ﻌ
21791,ﻌ
21792,ﻌ
21793,ﻌ
21794,ﻌ
21795,ﻌ
21796,ﻌ
21797,ﻌ
21798,ﻌ
21799,ﻌ
21800,ﻌ
21801,ﻌ
21802,ﻌ
21803,ﻌ
21804,ﻌ
21805,ﻌ
21806,ﻌ
21807,ﻌ
21808,ﻌ
21809,ﻌ
21810,ﻌ
21811,ﻌ
21812,ﻌ
21813,ﻌ
21814,ﻌ
21815,ﻌ
21816,ﻌ
21817,ﻌ
21818,ﻌ
21819,ﻌ
21820,ﻌ
21821,ﻌ
21822,ﻌ
21823,ﻌ
21824,ﻌ
21825,ﻌ
21826,ﻌ
21827,ﻌ
21828,ﻌ
21829,ﻌ
21830,ﻌ
21831,ﻌ
21832,ﻌ
21833,ﻌ
21834,ﻌ
21835,ﻌ
21836,ﻌ
21837,ﻌ
21838,ﻌ
21839,ﻌ
21840,ﻍ
21841,ﻍ
21842,ﻍ
21843,ﻍ
21844,ﻍ
21845,ﻍ
21846,ﻍ
21847,ﻍ
21848,ﻍ
21849,ﻍ
21850,ﻍ
21851,ﻍ
21852,ﻍ
21853,ﻍ
21854,ﻍ
21855,ﻍ
21856,ﻍ
21857,ﻍ
21858,ﻍ
21859,ﻍ
21860,ﻍ
21861,ﻍ
21862,ﻍ
21863,ﻍ
21864,ﻍ
21865,ﻍ
21866,ﻍ
21867,ﻍ
21868,ﻍ
21869,ﻍ
21870,ﻍ
21871,ﻍ
21872,ﻍ
21873,ﻍ
21874,ﻍ
21875,ﻍ
21876,ﻍ
21877,ﻍ
21878,ﻍ
21879,ﻍ
21880,ﻍ
21881,ﻍ
21882,ﻍ
21883,ﻍ
21884,ﻍ
21885,ﻍ
21886,ﻍ
21887,ﻍ
21888,ﻍ
21889,ﻍ
21890,ﻍ
21891,ﻍ
21892,ﻍ
21893,ﻍ
21894,ﻍ
21895,ﻍ
21896,ﻍ
21897,ﻍ
21898,ﻍ
21899,ﻍ
21900,ﻍ
21901,ﻍ
21902,ﻍ
21903,ﻍ
21904,ﻍ
21905,ﻍ
21906,ﻍ
21907,ﻍ
21908,ﻍ
21909,ﻍ
21910,ﻍ
21911,ﻍ
21912,ﻍ
21913,ﻍ
21914,ﻍ
21915,ﻍ
21916,ﻍ
21917,ﻍ
21918,ﻍ
21919,ﻍ
21920,ﻍ
21921,ﻍ
21922,ﻍ
21923,ﻍ
21924,ﻍ
21925,ﻍ
21926,ﻍ
21927,ﻍ
21928,ﻍ
21929,ﻍ
21930,ﻍ
21931,ﻍ
21932,ﻍ
21933,ﻍ
21934,ﻍ
21935,ﻍ
21936,ﻍ
21937,ﻍ
21938,ﻍ
21939,ﻍ
21940,ﻍ
21941,ﻍ
21942,ﻍ
21943,ﻍ
21944,ﻍ
21945,ﻍ
21946,ﻍ
21947,ﻍ
21948,ﻍ
21949,ﻍ
21950,ﻍ
21951,ﻍ
21952,ﻎ
21953,ﻎ
21954,ﻎ
21955,ﻎ
21956,ﻎ
21957,ﻎ
21958,ﻎ
21959,ﻎ
21960,ﻎ
21961,ﻎ
21962,ﻎ
21963,ﻎ
21964,ﻎ
21965,ﻎ
21966,ﻎ
21967,ﻎ
21968,ﻎ
21969,ﻎ
21970,ﻎ
21971,ﻎ
21972,ﻎ
21973,ﻎ
21974,ﻎ
21975,ﻎ
21976,ﻎ
21977,ﻎ
21978,ﻎ
21979,ﻎ
21980,ﻎ
21981,ﻎ
21982,ﻎ
21983,ﻎ
21984,ﻎ
21985,ﻎ
21986,ﻎ
21987,ﻎ
21988,ﻎ
21989,ﻎ
21990,ﻎ
21991,ﻎ
21992,ﻎ
21993,ﻎ
21994,ﻎ
21995,ﻎ
21996,ﻎ
21997,ﻎ
21998,ﻎ
21999,ﻎ
22000,ﻎ
22001,ﻎ
22002,ﻎ
22003,ﻎ
22004,ﻎ
22005,ﻎ
22006,ﻎ
22007,ﻎ
22008,ﻎ
22009,ﻎ
22010,ﻎ
22011,ﻎ
22012,ﻎ
22013,ﻎ
22014,ﻎ
22015,ﻎ
22016,ﻎ
22017,ﻎ
22018,ﻎ
22019,ﻎ
22020,ﻎ
22021,ﻎ
22022,ﻎ
22023,ﻎ
22024,ﻎ
22025,ﻎ
22026,ﻎ
22027,ﻎ
22028,ﻎ
22029,ﻎ
22030,ﻎ
22031,ﻎ
22032,ﻎ
22033,ﻎ
22034,ﻎ
22035,ﻎ
22036,ﻎ
22037,ﻎ
22038,ﻎ
22039,ﻎ
22040,ﻎ
22041,ﻎ
22042,ﻎ
22043,ﻎ
22044,ﻎ
22045,ﻎ
22046,ﻎ
22047,ﻎ
22048,ﻎ
22049,ﻎ
22050,ﻎ
22051,ﻎ
22052,ﻎ
22053,ﻎ
22054,ﻎ
22055,ﻎ
22056,ﻎ
22057,ﻎ
22058,ﻎ
22059,ﻎ
22060,ﻎ
22061,ﻎ
22062,ﻎ
22063,ﻎ
22064,ﻏ
22065,ﻏ
22066,ﻏ
22067,ﻏ
22068,ﻏ
22069,ﻏ
22070,ﻏ
22071,ﻏ
22072,ﻏ
22073,ﻏ
22074,ﻏ
22075,ﻏ
22076,ﻏ
22077,ﻏ
22078,ﻏ
22079,ﻏ
22080,ﻏ
22081,ﻏ
22082,ﻏ
22083,ﻏ
22084,ﻏ
22085,ﻏ
22086,ﻏ
22087,ﻏ
22088,ﻏ
22089,ﻏ
22090,ﻏ
22091,ﻏ
22092,ﻏ
22093,ﻏ
22094,ﻏ
22095,ﻏ
22096,ﻏ
22097,ﻏ
22098,ﻏ
22099,ﻏ
22100,ﻏ
22101,ﻏ
22102,ﻏ
22103,ﻏ
22104,ﻏ
22105,ﻏ
22106,ﻏ
22107,ﻏ
22108,ﻏ
22109,ﻏ
22110,ﻏ
22111,ﻏ
22112,ﻏ
22113,ﻏ
22114,ﻏ
22115,ﻏ
22116,ﻏ
22117,ﻏ
22118,ﻏ
22119,ﻏ
22120,ﻏ
22121,ﻏ
22122,ﻏ
22123,ﻏ
22124,ﻏ
22125,ﻏ
22126,ﻏ
22127,ﻏ
22128,ﻏ
22129,ﻏ
22130,ﻏ
22131,ﻏ
22132,ﻏ
22133,ﻏ
22134,ﻏ
22135,ﻏ
22136,ﻏ
22137,ﻏ
22138,ﻏ
22139,ﻏ
22140,ﻏ
22141,ﻏ
22142,ﻏ
22143,ﻏ
22144,ﻏ
22145,ﻏ
22146,ﻏ
22147,ﻏ
22148,ﻏ
22149,ﻏ
22150,ﻏ
22151,ﻏ
22152,ﻏ
22153,ﻏ
22154,ﻏ
22155,ﻏ
22156,ﻏ
22157,ﻏ
22158,ﻏ
22159,ﻏ
22160,ﻏ
22161,ﻏ
22162,ﻏ
22163,ﻏ
22164,ﻏ
22165,ﻏ
22166,ﻏ
22167,ﻏ
22168,ﻏ
22169,ﻏ
22170,ﻏ
22171,ﻏ
22172,ﻏ
22173,ﻏ
22174,ﻏ
22175,ﻏ
22176,ﻐ
22177,ﻐ
22178,ﻐ
22179,ﻐ
22180,ﻐ
22181,ﻐ
22182,ﻐ
22183,ﻐ
22184,ﻐ
22185,ﻐ
22186,ﻐ
22187,ﻐ
22188,ﻐ
22189,ﻐ
22190,ﻐ
22191,ﻐ
22192,ﻐ
22193,ﻐ
22194,ﻐ
22195,ﻐ
22196,ﻐ
22197,ﻐ
22198,ﻐ
22199,ﻐ
22200,ﻐ
22201,ﻐ
22202,ﻐ
22203,ﻐ
22204,ﻐ
22205,ﻐ
22206,ﻐ
22207,ﻐ
22208,ﻐ
22209,ﻐ
22210,ﻐ
22211,ﻐ
22212,ﻐ
22213,ﻐ
22214,ﻐ
22215,ﻐ
22216,ﻐ
22217,ﻐ
22218,ﻐ
22219,ﻐ
22220,ﻐ
22221,ﻐ
22222,ﻐ
22223,ﻐ
22224,ﻐ
22225,ﻐ
22226,ﻐ
22227,ﻐ
22228,ﻐ
22229,ﻐ
22230,ﻐ
22231,ﻐ
22232,ﻐ
22233,ﻐ
22234,ﻐ
22235,ﻐ
22236,ﻐ
22237,ﻐ
22238,ﻐ
22239,ﻐ
22240,ﻐ
22241,ﻐ
22242,ﻐ
22243,ﻐ
22244,ﻐ
22245,ﻐ
22246,ﻐ
22247,ﻐ
22248,ﻐ
22249,ﻐ
22250,ﻐ
22251,ﻐ
22252,ﻐ
22253,ﻐ
22254,ﻐ
22255,ﻐ
22256,ﻐ
22257,ﻐ
22258,ﻐ
22259,ﻐ
22260,ﻐ
22261,ﻐ
22262,ﻐ
22263,ﻐ
22264,ﻐ
22265,ﻐ
22266,ﻐ
22267,ﻐ
22268,ﻐ
22269,ﻐ
22270,ﻐ
22271,ﻐ
22272,ﻐ
22273,ﻐ
22274,ﻐ
22275,ﻐ
22276,ﻐ
22277,ﻐ
22278,ﻐ
22279,ﻐ
22280,ﻐ
22281,ﻐ
22282,ﻐ
22283,ﻐ
22284,ﻐ
22285,ﻐ
22286,ﻐ
22287,ﻐ
22288,ﻒ
22289,ﻒ
22290,ﻒ
22291,ﻒ
22292,ﻒ
22293,ﻒ
22294,ﻒ
22295,ﻒ
22296,ﻒ
22297,ﻒ
22298,ﻒ
22299,ﻒ
22300,ﻒ
22301,ﻒ
22302,ﻒ
22303,ﻒ
22304,ﻒ
22305,ﻒ
22306,ﻒ
22307,ﻒ
22308,ﻒ
22309,ﻒ
22310,ﻒ
22311,ﻒ
22312,ﻒ
22313,ﻒ
22314,ﻒ
22315,ﻒ
22316,ﻒ
22317,ﻒ
22318,ﻒ
22319,ﻒ
22320,ﻒ
22321,ﻒ
22322,ﻒ
22323,ﻒ
22324,ﻒ
22325,ﻒ
22326,ﻒ
22327,ﻒ
22328,ﻒ
22329,ﻒ
22330,ﻒ
22331,ﻒ
22332,ﻒ
22333,ﻒ
22334,ﻒ
22335,ﻒ
22336,ﻒ
22337,ﻒ
22338,ﻒ
22339,ﻒ
22340,ﻒ
22341,ﻒ
22342,ﻒ
22343,ﻒ
22344,ﻒ
22345,ﻒ
22346,ﻒ
22347,ﻒ
22348,ﻒ
22349,ﻒ
22350,ﻒ
22351,ﻒ
22352,ﻒ
22353,ﻒ
22354,ﻒ
22355,ﻒ
22356,ﻒ
22357,ﻒ
22358,ﻒ
22359,ﻒ
22360,ﻒ
22361,ﻒ
22362,ﻒ
22363,ﻒ
22364,ﻒ
22365,ﻒ
22366,ﻒ
22367,ﻒ
22368,ﻒ
22369,ﻒ
22370,ﻒ
22371,ﻒ
22372,ﻒ
22373,ﻒ
22374,ﻒ
22375,ﻒ
22376,ﻒ
22377,ﻒ
22378,ﻒ
22379,ﻒ
22380,ﻒ
22381,ﻒ
22382,ﻒ
22383,ﻒ
22384,ﻒ
22385,ﻒ
22386,ﻒ
22387,ﻒ
22388,ﻒ
22389,ﻒ
22390,ﻒ
22391,ﻒ
22392,ﻒ
22393,ﻒ
22394,ﻒ
22395,ﻒ
22396,ﻒ
22397,ﻒ
22398,ﻒ
22399,ﻒ
22400,ﻓ
22401,ﻓ
22402,ﻓ
22403,ﻓ
22404,ﻓ
22405,ﻓ
22406,ﻓ
22407,ﻓ
22408,ﻓ
22409,ﻓ
22410,ﻓ
22411,ﻓ
22412,ﻓ
22413,ﻓ
22414,ﻓ
22415,ﻓ
22416,ﻓ
22417,ﻓ
22418,ﻓ
22419,ﻓ
22420,ﻓ
22421,ﻓ
22422,ﻓ
22423,ﻓ
22424,ﻓ
22425,ﻓ
22426,ﻓ
22427,ﻓ
22428,ﻓ
22429,ﻓ
22430,ﻓ
22431,ﻓ
22432,ﻓ
22433,ﻓ
22434,ﻓ
22435,ﻓ
22436,ﻓ
22437,ﻓ
22438,ﻓ
22439,ﻓ
22440,ﻓ
22441,ﻓ
22442,ﻓ
22443,ﻓ
22444,ﻓ
22445,ﻓ
22446,ﻓ
22447,ﻓ
22448,ﻓ
22449,ﻓ
22450,ﻓ
22451,ﻓ
22452,ﻓ
22453,ﻓ
22454,ﻓ
22455,ﻓ
22456,ﻓ
22457,ﻓ
22458,ﻓ
22459,ﻓ
22460,ﻓ
22461,ﻓ
22462,ﻓ
22463,ﻓ
22464,ﻓ
22465,ﻓ
22466,ﻓ
22467,ﻓ
22468,ﻓ
22469,ﻓ
22470,ﻓ
22471,ﻓ
22472,ﻓ
22473,ﻓ
22474,ﻓ
22475,ﻓ
22476,ﻓ
22477,ﻓ
22478,ﻓ
22479,ﻓ
22480,ﻓ
22481,ﻓ
22482,ﻓ
22483,ﻓ
22484,ﻓ
22485,ﻓ
22486,ﻓ
22487,ﻓ
22488,ﻓ
22489,ﻓ
22490,ﻓ
22491,ﻓ
22492,ﻓ
22493,ﻓ
22494,ﻓ
22495,ﻓ
22496,ﻓ
22497,ﻓ
22498,ﻓ
22499,ﻓ
22500,ﻓ
22501,ﻓ
22502,ﻓ
22503,ﻓ
22504,ﻓ
22505,ﻓ
22506,ﻓ
22507,ﻓ
22508,ﻓ
22509,ﻓ
22510,ﻓ
22511,ﻓ
22512,ﻖ
22513,ﻖ
22514,ﻖ
22515,ﻖ
22516,ﻖ
22517,ﻖ
22518,ﻖ
22519,ﻖ
22520,ﻖ
22521,ﻖ
22522,ﻖ
22523,ﻖ
22524,ﻖ
22525,ﻖ
22526,ﻖ
22527,ﻖ
22528,ﻖ
22529,ﻖ
22530,ﻖ
22531,ﻖ
22532,ﻖ
22533,ﻖ
22534,ﻖ
22535,ﻖ
22536,ﻖ
22537,ﻖ
22538,ﻖ
22539,ﻖ
22540,ﻖ
22541,ﻖ
22542,ﻖ
22543,ﻖ
22544,ﻖ
22545,ﻖ
22546,ﻖ
22547,ﻖ
22548,ﻖ
22549,ﻖ
22550,ﻖ
22551,ﻖ
22552,ﻖ
22553,ﻖ
22554,ﻖ
22555,ﻖ
22556,ﻖ
22557,ﻖ
22558,ﻖ
22559,ﻖ
22560,ﻖ
22561,ﻖ
22562,ﻖ
22563,ﻖ
22564,ﻖ
22565,ﻖ
22566,ﻖ
22567,ﻖ
22568,ﻖ
22569,ﻖ
22570,ﻖ
22571,ﻖ
22572,ﻖ
22573,ﻖ
22574,ﻖ
22575,ﻖ
22576,ﻖ
22577,ﻖ
22578,ﻖ
22579,ﻖ
22580,ﻖ
22581,ﻖ
22582,ﻖ
22583,ﻖ
22584,ﻖ
22585,ﻖ
22586,ﻖ
22587,ﻖ
22588,ﻖ
22589,ﻖ
22590,ﻖ
22591,ﻖ
22592,ﻖ
22593,ﻖ
22594,ﻖ
22595,ﻖ
22596,ﻖ
22597,ﻖ
22598,ﻖ
22599,ﻖ
22600,ﻖ
22601,ﻖ
22602,ﻖ
22603,ﻖ
22604,ﻖ
22605,ﻖ
22606,ﻖ
22607,ﻖ
22608,ﻖ
22609,ﻖ
22610,ﻖ
22611,ﻖ
22612,ﻖ
22613,ﻖ
22614,ﻖ
22615,ﻖ
22616,ﻖ
22617,ﻖ
22618,ﻖ
22619,ﻖ
22620,ﻖ
22621,ﻖ
22622,ﻖ
22623,ﻖ
22624,ﻗ
22625,ﻗ
22626,ﻗ
22627,ﻗ
22628,ﻗ
22629,ﻗ
22630,ﻗ
22631,ﻗ
22632,ﻗ
22633,ﻗ
22634,ﻗ
22635,ﻗ
22636,ﻗ
22637,ﻗ
22638,ﻗ
22639,ﻗ
22640,ﻗ
22641,ﻗ
22642,ﻗ
22643,ﻗ
22644,ﻗ
22645,ﻗ
22646,ﻗ
22647,ﻗ
22648,ﻗ
22649,ﻗ
22650,ﻗ
22651,ﻗ
22652,ﻗ
22653,ﻗ
22654,ﻗ
22655,ﻗ
22656,ﻗ
22657,ﻗ
22658,ﻗ
22659,ﻗ
22660,ﻗ
22661,ﻗ
22662,ﻗ
22663,ﻗ
22664,ﻗ
22665,ﻗ
22666,ﻗ
22667,ﻗ
22668,ﻗ
22669,ﻗ
22670,ﻗ
22671,ﻗ
22672,ﻗ
22673,ﻗ
22674,ﻗ
22675,ﻗ
22676,ﻗ
22677,ﻗ
22678,ﻗ
22679,ﻗ
22680,ﻗ
22681,ﻗ
22682,ﻗ
22683,ﻗ
22684,ﻗ
22685,ﻗ
22686,ﻗ
22687,ﻗ
22688,ﻗ
22689,ﻗ
22690,ﻗ
22691,ﻗ
22692,ﻗ
22693,ﻗ
22694,ﻗ
22695,ﻗ
22696,ﻗ
22697,ﻗ
22698,ﻗ
22699,ﻗ
22700,ﻗ
22701,ﻗ
22702,ﻗ
22703,ﻗ
22704,ﻗ
22705,ﻗ
22706,ﻗ
22707,ﻗ
22708,ﻗ
22709,ﻗ
22710,ﻗ
22711,ﻗ
22712,ﻗ
22713,ﻗ
22714,ﻗ
22715,ﻗ
22716,ﻗ
22717,ﻗ
22718,ﻗ
22719,ﻗ
22720,ﻗ
22721,ﻗ
22722,ﻗ
22723,ﻗ
22724,ﻗ
22725,ﻗ
22726,ﻗ
22727,ﻗ
22728,ﻗ
22729,ﻗ
22730,ﻗ
22731,ﻗ
22732,ﻗ
22733,ﻗ
22734,ﻗ
22735,ﻗ
22736,ﻘ
22737,ﻘ
22738,ﻘ
22739,ﻘ
22740,ﻘ
22741,ﻘ
22742,ﻘ
22743,ﻘ
22744,ﻘ
22745,ﻘ
22746,ﻘ
22747,ﻘ
22748,ﻘ
22749,ﻘ
22750,ﻘ
22751,ﻘ
22752,ﻘ
22753,ﻘ
22754,ﻘ
22755,ﻘ
22756,ﻘ
22757,ﻘ
22758,ﻘ
22759,ﻘ
22760,ﻘ
22761,ﻘ
22762,ﻘ
22763,ﻘ
22764,ﻘ
22765,ﻘ
22766,ﻘ
22767,ﻘ
22768,ﻘ
22769,ﻘ
22770,ﻘ
22771,ﻘ
22772,ﻘ
22773,ﻘ
22774,ﻘ
22775,ﻘ
22776,ﻘ
22777,ﻘ
22778,ﻘ
22779,ﻘ
22780,ﻘ
22781,ﻘ
22782,ﻘ
22783,ﻘ
22784,ﻘ
22785,ﻘ
22786,ﻘ
22787,ﻘ
22788,ﻘ
22789,ﻘ
22790,ﻘ
22791,ﻘ
22792,ﻘ
22793,ﻘ
22794,ﻘ
22795,ﻘ
22796,ﻘ
22797,ﻘ
22798,ﻘ
22799,ﻘ
22800,ﻘ
22801,ﻘ
22802,ﻘ
22803,ﻘ
22804,ﻘ
22805,ﻘ
22806,ﻘ
22807,ﻘ
22808,ﻘ
22809,ﻘ
22810,ﻘ
22811,ﻘ
22812,ﻘ
22813,ﻘ
22814,ﻘ
22815,ﻘ
22816,ﻘ
22817,ﻘ
22818,ﻘ
22819,ﻘ
22820,ﻘ
22821,ﻘ
22822,ﻘ
22823,ﻘ
22824,ﻘ
22825,ﻘ
22826,ﻘ
22827,ﻘ
22828,ﻘ
22829,ﻘ
22830,ﻘ
22831,ﻘ
22832,ﻘ
22833,ﻘ
22834,ﻘ
22835,ﻘ
22836,ﻘ
22837,ﻘ
22838,ﻘ
22839,ﻘ
22840,ﻘ
22841,ﻘ
22842,ﻘ
22843,ﻘ
22844,ﻘ
22845,ﻘ
22846,ﻘ
22847,ﻘ
22848,ﻚ
22849,ﻚ
22850,ﻚ
22851,ﻚ
22852,ﻚ
22853,ﻚ
22854,ﻚ
22855,ﻚ
22856,ﻚ
22857,ﻚ
22858,ﻚ
22859,ﻚ
22860,ﻚ
22861,ﻚ
22862,ﻚ
22863,ﻚ
22864,ﻚ
22865,ﻚ
22866,ﻚ
22867,ﻚ
22868,ﻚ
22869,ﻚ
22870,ﻚ
22871,ﻚ
22872,ﻚ
22873,ﻚ
22874,ﻚ
22875,ﻚ
22876,ﻚ
22877,ﻚ
22878,ﻚ
22879,ﻚ
22880,ﻚ
22881,ﻚ
22882,ﻚ
22883,ﻚ
22884,ﻚ
22885,ﻚ
22886,ﻚ
22887,ﻚ
22888,ﻚ
22889,ﻚ
22890,ﻚ
22891,ﻚ
22892,ﻚ
22893,ﻚ
22894,ﻚ
22895,ﻚ
22896,ﻚ
22897,ﻚ
22898,ﻚ
22899,ﻚ
22900,ﻚ
22901,ﻚ
22902,ﻚ
22903,ﻚ
22904,ﻚ
22905,ﻚ
22906,ﻚ
22907,ﻚ
22908,ﻚ
22909,ﻚ
22910,ﻚ
22911,ﻚ
22912,ﻚ
22913,ﻚ
22914,ﻚ
22915,ﻚ
22916,ﻚ
22917,ﻚ
22918,ﻚ
22919,ﻚ
22920,ﻚ
22921,ﻚ
22922,ﻚ
22923,ﻚ
22924,ﻚ
22925,ﻚ
22926,ﻚ
22927,ﻚ
22928,ﻚ
22929,ﻚ
22930,ﻚ
22931,ﻚ
22932,ﻚ
22933,ﻚ
22934,ﻚ
22935,ﻚ
22936,ﻚ
22937,ﻚ
22938,ﻚ
22939,ﻚ
22940,ﻚ
22941,ﻚ
22942,ﻚ
22943,ﻚ
22944,ﻚ
22945,ﻚ
22946,ﻚ
22947,ﻚ
22948,ﻚ
22949,ﻚ
22950,ﻚ
22951,ﻚ
22952,ﻚ
22953,ﻚ
22954,ﻚ
22955,ﻚ
22956,ﻚ
22957,ﻚ
22958,ﻚ
22959,ﻚ
22960,ﻛ
22961,ﻛ
22962,ﻛ
22963,ﻛ
22964,ﻛ
22965,ﻛ
22966,ﻛ
22967,ﻛ
22968,ﻛ
22969,ﻛ
22970,ﻛ
22971,ﻛ
22972,ﻛ
22973,ﻛ
22974,ﻛ
22975,ﻛ
22976,ﻛ
22977,ﻛ
22978,ﻛ
22979,ﻛ
22980,ﻛ
22981,ﻛ
22982,ﻛ
22983,ﻛ
22984,ﻛ
22985,ﻛ
22986,ﻛ
22987,ﻛ
22988,ﻛ
22989,ﻛ
22990,ﻛ
22991,ﻛ
22992,ﻛ
22993,ﻛ
22994,ﻛ
22995,ﻛ
22996,ﻛ
22997,ﻛ
22998,ﻛ
22999,ﻛ
23000,ﻛ
23001,ﻛ
23002,ﻛ
23003,ﻛ
23004,ﻛ
23005,ﻛ
23006,ﻛ
23007,ﻛ
23008,ﻛ
23009,ﻛ
23010,ﻛ
23011,ﻛ
23012,ﻛ
23013,ﻛ
23014,ﻛ
23015,ﻛ
23016,ﻛ
23017,ﻛ
23018,ﻛ
23019,ﻛ
23020,ﻛ
23021,ﻛ
23022,ﻛ
23023,ﻛ
23024,ﻛ
23025,ﻛ
23026,ﻛ
23027,ﻛ
23028,ﻛ
23029,ﻛ
23030,ﻛ
23031,ﻛ
23032,ﻛ
23033,ﻛ
23034,ﻛ
23035,ﻛ
23036,ﻛ
23037,ﻛ
23038,ﻛ
23039,ﻛ
23040,ﻛ
23041,ﻛ
23042,ﻛ
23043,ﻛ
23044,ﻛ
23045,ﻛ
23046,ﻛ
23047,ﻛ
23048,ﻛ
23049,ﻛ
23050,ﻛ
23051,ﻛ
23052,ﻛ
23053,ﻛ
23054,ﻛ
23055,ﻛ
23056,ﻛ
23057,ﻛ
23058,ﻛ
23059,ﻛ
23060,ﻛ
23061,ﻛ
23062,ﻛ
23063,ﻛ
23064,ﻛ
23065,ﻛ
23066,ﻛ
23067,ﻛ
23068,ﻛ
23069,ﻛ
23070,ﻛ
23071,ﻛ
23072,ﻞ
23073,ﻞ
23074,ﻞ
23075,ﻞ
23076,ﻞ
23077,ﻞ
23078,ﻞ
23079,ﻞ
23080,ﻞ
23081,ﻞ
23082,ﻞ
23083,ﻞ
23084,ﻞ
23085,ﻞ
23086,ﻞ
23087,ﻞ
23088,ﻞ
23089,ﻞ
23090,ﻞ
23091,ﻞ
23092,ﻞ
23093,ﻞ
23094,ﻞ
23095,ﻞ
23096,ﻞ
23097,ﻞ
23098,ﻞ
23099,ﻞ
23100,ﻞ
23101,ﻞ
23102,ﻞ
23103,ﻞ
23104,ﻞ
23105,ﻞ
23106,ﻞ
23107,ﻞ
23108,ﻞ
23109,ﻞ
23110,ﻞ
23111,ﻞ
23112,ﻞ
23113,ﻞ
23114,ﻞ
23115,ﻞ
23116,ﻞ
23117,ﻞ
23118,ﻞ
23119,ﻞ
23120,ﻞ
23121,ﻞ
23122,ﻞ
23123,ﻞ
23124,ﻞ
23125,ﻞ
23126,ﻞ
23127,ﻞ
23128,ﻞ
23129,ﻞ
23130,ﻞ
23131,ﻞ
23132,ﻞ
23133,ﻞ
23134,ﻞ
23135,ﻞ
23136,ﻞ
23137,ﻞ
23138,ﻞ
23139,ﻞ
23140,ﻞ
23141,ﻞ
23142,ﻞ
23143,ﻞ
23144,ﻞ
23145,ﻞ
23146,ﻞ
23147,ﻞ
23148,ﻞ
23149,ﻞ
23150,ﻞ
23151,ﻞ
23152,ﻞ
23153,ﻞ
23154,ﻞ
23155,ﻞ
23156,ﻞ
23157,ﻞ
23158,ﻞ
23159,ﻞ
23160,ﻞ
23161,ﻞ
23162,ﻞ
23163,ﻞ
23164,ﻞ
23165,ﻞ
23166,ﻞ
23167,ﻞ
23168,ﻞ
23169,ﻞ
23170,ﻞ
23171,ﻞ
23172,ﻞ
23173,ﻞ
23174,ﻞ
23175,ﻞ
23176,ﻞ
23177,ﻞ
23178,ﻞ
23179,ﻞ
23180,ﻞ
23181,ﻞ
23182,ﻞ
23183,ﻞ
23184,ﻟ
23185,ﻟ
23186,ﻟ
23187,ﻟ
23188,ﻟ
23189,ﻟ
23190,ﻟ
23191,ﻟ
23192,ﻟ
23193,ﻟ
23194,ﻟ
23195,ﻟ
23196,ﻟ
23197,ﻟ
23198,ﻟ
23199,ﻟ
23200,ﻟ
23201,ﻟ
23202,ﻟ
23203,ﻟ
23204,ﻟ
23205,ﻟ
23206,ﻟ
23207,ﻟ
23208,ﻟ
23209,ﻟ
23210,ﻟ
23211,ﻟ
23212,ﻟ
23213,ﻟ
23214,ﻟ
23215,ﻟ
23216,ﻟ
23217,ﻟ
23218,ﻟ
23219,ﻟ
23220,ﻟ
23221,ﻟ
23222,ﻟ
23223,ﻟ
23224,ﻟ
23225,ﻟ
23226,ﻟ
23227,ﻟ
23228,ﻟ
23229,ﻟ
23230,ﻟ
23231,ﻟ
23232,ﻟ
23233,ﻟ
23234,ﻟ
23235,ﻟ
23236,ﻟ
23237,ﻟ
23238,ﻟ
23239,ﻟ
23240,ﻟ
23241,ﻟ
23242,ﻟ
23243,ﻟ
23244,ﻟ
23245,ﻟ
23246,ﻟ
23247,ﻟ
23248,ﻟ
23249,ﻟ
23250,ﻟ
23251,ﻟ
23252,ﻟ
23253,ﻟ
23254,ﻟ
23255,ﻟ
23256,ﻟ
23257,ﻟ
23258,ﻟ
23259,ﻟ
23260,ﻟ
23261,ﻟ
23262,ﻟ
23263,ﻟ
23264,ﻟ
23265,ﻟ
23266,ﻟ
23267,ﻟ
23268,ﻟ
23269,ﻟ
23270,ﻟ
23271,ﻟ
23272,ﻟ
23273,ﻟ
23274,ﻟ
23275,ﻟ
23276,ﻟ
23277,ﻟ
23278,ﻟ
23279,ﻟ
23280,ﻟ
23281,ﻟ
23282,ﻟ
23283,ﻟ
23284,ﻟ
23285,ﻟ
23286,ﻟ
23287,ﻟ
23288,ﻟ
23289,ﻟ
23290,ﻟ
23291,ﻟ
23292,ﻟ
23293,ﻟ
23294,ﻟ
23295,ﻟ
23296,ﻠ
23297,ﻠ
23298,ﻠ
23299,ﻠ
23300,ﻠ
23301,ﻠ
23302,ﻠ
23303,ﻠ
23304,ﻠ
23305,ﻠ
23306,ﻠ
23307,ﻠ
23308,ﻠ
23309,ﻠ
23310,ﻠ
23311,ﻠ
23312,ﻠ
23313,ﻠ
23314,ﻠ
23315,ﻠ
23316,ﻠ
23317,ﻠ
23318,ﻠ
23319,ﻠ
23320,ﻠ
23321,ﻠ
23322,ﻠ
23323,ﻠ
23324,ﻠ
23325,ﻠ
23326,ﻠ
23327,ﻠ
23328,ﻠ
23329,ﻠ
23330,ﻠ
23331,ﻠ
23332,ﻠ
23333,ﻠ
23334,ﻠ
23335,ﻠ
23336,ﻠ
23337,ﻠ
23338,ﻠ
23339,ﻠ
23340,ﻠ
23341,ﻠ
23342,ﻠ
23343,ﻠ
23344,ﻠ
23345,ﻠ
23346,ﻠ
23347,ﻠ
23348,ﻠ
23349,ﻠ
23350,ﻠ
23351,ﻠ
23352,ﻠ
23353,ﻠ
23354,ﻠ
23355,ﻠ
23356,ﻠ
23357,ﻠ
23358,ﻠ
23359,ﻠ
23360,ﻠ
23361,ﻠ
23362,ﻠ
23363,ﻠ
23364,ﻠ
23365,ﻠ
23366,ﻠ
23367,ﻠ
23368,ﻠ
23369,ﻠ
23370,ﻠ
23371,ﻠ
23372,ﻠ
23373,ﻠ
23374,ﻠ
23375,ﻠ
23376,ﻠ
23377,ﻠ
23378,ﻠ
23379,ﻠ
23380,ﻠ
23381,ﻠ
23382,ﻠ
23383,ﻠ
23384,ﻠ
23385,ﻠ
23386,ﻠ
23387,ﻠ
23388,ﻠ
23389,ﻠ
23390,ﻠ
23391,ﻠ
23392,ﻠ
23393,ﻠ
23394,ﻠ
23395,ﻠ
23396,ﻠ
23397,ﻠ
23398,ﻠ
23399,ﻠ
23400,ﻠ
23401,ﻠ
23402,ﻠ
23403,ﻠ
23404,ﻠ
23405,ﻠ
23406,ﻠ
23407,ﻠ
23408,ﻢ
23409,ﻢ
23410,ﻢ
23411,ﻢ
23412,ﻢ
23413,ﻢ
23414,ﻢ
23415,ﻢ
23416,ﻢ
23417,ﻢ
23418,ﻢ
23419,ﻢ
23420,ﻢ
23421,ﻢ
23422,ﻢ
23423,ﻢ
23424,ﻢ
23425,ﻢ
23426,ﻢ
23427,ﻢ
23428,ﻢ
23429,ﻢ
23430,ﻢ
23431,ﻢ
23432,ﻢ
23433,ﻢ
23434,ﻢ
23435,ﻢ
23436,ﻢ
23437,ﻢ
23438,ﻢ
23439,ﻢ
23440,ﻢ
23441,ﻢ
23442,ﻢ
23443,ﻢ
23444,ﻢ
23445,ﻢ
23446,ﻢ
23447,ﻢ
23448,ﻢ
23449,ﻢ
23450,ﻢ
23451,ﻢ
23452,ﻢ
23453,ﻢ
23454,ﻢ
23455,ﻢ
23456,ﻢ
23457,ﻢ
23458,ﻢ
23459,ﻢ
23460,ﻢ
23461,ﻢ
23462,ﻢ
23463,ﻢ
23464,ﻢ
23465,ﻢ
23466,ﻢ
23467,ﻢ
23468,ﻢ
23469,ﻢ
23470,ﻢ
23471,ﻢ
23472,ﻢ
23473,ﻢ
23474,ﻢ
23475,ﻢ
23476,ﻢ
23477,ﻢ
23478,ﻢ
23479,ﻢ
23480,ﻢ
23481,ﻢ
23482,ﻢ
23483,ﻢ
23484,ﻢ
23485,ﻢ
23486,ﻢ
23487,ﻢ
23488,ﻢ
23489,ﻢ
23490,ﻢ
23491,ﻢ
23492,ﻢ
23493,ﻢ
23494,ﻢ
23495,ﻢ
23496,ﻢ
23497,ﻢ
23498,ﻢ
23499,ﻢ
23500,ﻢ
23501,ﻢ
23502,ﻢ
23503,ﻢ
23504,ﻢ
23505,ﻢ
23506,ﻢ
23507,ﻢ
23508,ﻢ
23509,ﻢ
23510,ﻢ
23511,ﻢ
23512,ﻢ
23513,ﻢ
23514,ﻢ
23515,ﻢ
23516,ﻢ
23517,ﻢ
23518,ﻢ
23519,ﻢ
23520,ﻣ
23521,ﻣ
23522,ﻣ
23523,ﻣ
23524,ﻣ
23525,ﻣ
23526,ﻣ
23527,ﻣ
23528,ﻣ
23529,ﻣ
23530,ﻣ
23531,ﻣ
23532,ﻣ
23533,ﻣ
23534,ﻣ
23535,ﻣ
23536,ﻣ
23537,ﻣ
23538,ﻣ
23539,ﻣ
23540,ﻣ
23541,ﻣ
23542,ﻣ
23543,ﻣ
23544,ﻣ
23545,ﻣ
23546,ﻣ
23547,ﻣ
23548,ﻣ
23549,ﻣ
23550,ﻣ
23551,ﻣ
23552,ﻣ
23553,ﻣ
23554,ﻣ
23555,ﻣ
23556,ﻣ
23557,ﻣ
23558,ﻣ
23559,ﻣ
23560,ﻣ
23561,ﻣ
23562,ﻣ
23563,ﻣ
23564,ﻣ
23565,ﻣ
23566,ﻣ
23567,ﻣ
23568,ﻣ
23569,ﻣ
23570,ﻣ
23571,ﻣ
23572,ﻣ
23573,ﻣ
23574,ﻣ
23575,ﻣ
23576,ﻣ
23577,ﻣ
23578,ﻣ
23579,ﻣ
23580,ﻣ
23581,ﻣ
23582,ﻣ
23583,ﻣ
23584,ﻣ
23585,ﻣ
23586,ﻣ
23587,ﻣ
23588,ﻣ
23589,ﻣ
23590,ﻣ
23591,ﻣ
23592,ﻣ
23593,ﻣ
23594,ﻣ
23595,ﻣ
23596,ﻣ
23597,ﻣ
23598,ﻣ
23599,ﻣ
23600,ﻣ
23601,ﻣ
23602,ﻣ
23603,ﻣ
23604,ﻣ
23605,ﻣ
23606,ﻣ
23607,ﻣ
23608,ﻣ
23609,ﻣ
23610,ﻣ
23611,ﻣ
23612,ﻣ
23613,ﻣ
23614,ﻣ
23615,ﻣ
23616,ﻣ
23617,ﻣ
23618,ﻣ
23619,ﻣ
23620,ﻣ
23621,ﻣ
23622,ﻣ
23623,ﻣ
23624,ﻣ
23625,ﻣ
23626,ﻣ
23627,ﻣ
23628,ﻣ
23629,ﻣ
23630,ﻣ
23631,ﻣ
23632,ﻦ
23633,ﻦ
23634,ﻦ
23635,ﻦ
23636,ﻦ
23637,ﻦ
23638,ﻦ
23639,ﻦ
23640,ﻦ
23641,ﻦ
23642,ﻦ
23643,ﻦ
23644,ﻦ
23645,ﻦ
23646,ﻦ
23647,ﻦ
23648,ﻦ
23649,ﻦ
23650,ﻦ
23651,ﻦ
23652,ﻦ
23653,ﻦ
23654,ﻦ
23655,ﻦ
23656,ﻦ
23657,ﻦ
23658,ﻦ
23659,ﻦ
23660,ﻦ
23661,ﻦ
23662,ﻦ
23663,ﻦ
23664,ﻦ
23665,ﻦ
23666,ﻦ
23667,ﻦ
23668,ﻦ
23669,ﻦ
23670,ﻦ
23671,ﻦ
23672,ﻦ
23673,ﻦ
23674,ﻦ
23675,ﻦ
23676,ﻦ
23677,ﻦ
23678,ﻦ
23679,ﻦ
23680,ﻦ
23681,ﻦ
23682,ﻦ
23683,ﻦ
23684,ﻦ
23685,ﻦ
23686,ﻦ
23687,ﻦ
23688,ﻦ
23689,ﻦ
23690,ﻦ
23691,ﻦ
23692,ﻦ
23693,ﻦ
23694,ﻦ
23695,ﻦ
23696,ﻦ
23697,ﻦ
23698,ﻦ
23699,ﻦ
23700,ﻦ
23701,ﻦ
23702,ﻦ
23703,ﻦ
23704,ﻦ
23705,ﻦ
23706,ﻦ
23707,ﻦ
23708,ﻦ
23709,ﻦ
23710,ﻦ
23711,ﻦ
23712,ﻦ
23713,ﻦ
23714,ﻦ
23715,ﻦ
23716,ﻦ
23717,ﻦ
23718,ﻦ
23719,ﻦ
23720,ﻦ
23721,ﻦ
23722,ﻦ
23723,ﻦ
23724,ﻦ
23725,ﻦ
23726,ﻦ
23727,ﻦ
23728,ﻦ
23729,ﻦ
23730,ﻦ
23731,ﻦ
23732,ﻦ
23733,ﻦ
23734,ﻦ
23735,ﻦ
23736,ﻦ
23737,ﻦ
23738,ﻦ
23739,ﻦ
23740,ﻦ
23741,ﻦ
23742,ﻦ
23743,ﻦ
23744,ﻧ
23745,ﻧ
23746,ﻧ
23747,ﻧ
23748,ﻧ
23749,ﻧ
23750,ﻧ
23751,ﻧ
23752,ﻧ
23753,ﻧ
23754,ﻧ
23755,ﻧ
23756,ﻧ
23757,ﻧ
23758,ﻧ
23759,ﻧ
23760,ﻧ
23761,ﻧ
23762,ﻧ
23763,ﻧ
23764,ﻧ
23765,ﻧ
23766,ﻧ
23767,ﻧ
23768,ﻧ
23769,ﻧ
23770,ﻧ
23771,ﻧ
23772,ﻧ
23773,ﻧ
23774,ﻧ
23775,ﻧ
23776,ﻧ
23777,ﻧ
23778,ﻧ
23779,ﻧ
23780,ﻧ
23781,ﻧ
23782,ﻧ
23783,ﻧ
23784,ﻧ
23785,ﻧ
23786,ﻧ
23787,ﻧ
23788,ﻧ
23789,ﻧ
23790,ﻧ
23791,ﻧ
23792,ﻧ
23793,ﻧ
23794,ﻧ
23795,ﻧ
23796,ﻧ
23797,ﻧ
23798,ﻧ
23799,ﻧ
23800,ﻧ
23801,ﻧ
23802,ﻧ
23803,ﻧ
23804,ﻧ
23805,ﻧ
23806,ﻧ
23807,ﻧ
23808,ﻧ
23809,ﻧ
23810,ﻧ
23811,ﻧ
23812,ﻧ
23813,ﻧ
23814,ﻧ
23815,ﻧ
23816,ﻧ
23817,ﻧ
23818,ﻧ
23819,ﻧ
23820,ﻧ
23821,ﻧ
23822,ﻧ
23823,ﻧ
23824,ﻧ
23825,ﻧ
23826,ﻧ
23827,ﻧ
23828,ﻧ
23829,ﻧ
23830,ﻧ
23831,ﻧ
23832,ﻧ
23833,ﻧ
23834,ﻧ
23835,ﻧ
23836,ﻧ
23837,ﻧ
23838,ﻧ
23839,ﻧ
23840,ﻧ
23841,ﻧ
23842,ﻧ
23843,ﻧ
23844,ﻧ
23845,ﻧ
23846,ﻧ
23847,ﻧ
23848,ﻧ
23849,ﻧ
23850,ﻧ
23851,ﻧ
23852,ﻧ
23853,ﻧ
23854,ﻧ
23855,ﻧ
23856,ﻩ
23857,ﻩ
23858,ﻩ
23859,ﻩ
23860,ﻩ
23861,ﻩ
23862,ﻩ
23863,ﻩ
23864,ﻩ
23865,ﻩ
23866,ﻩ
23867,ﻩ
23868,ﻩ
23869,ﻩ
23870,ﻩ
23871,ﻩ
23872,ﻩ
23873,ﻩ
23874,ﻩ
23875,ﻩ
23876,ﻩ
23877,ﻩ
23878,ﻩ
23879,ﻩ
23880,ﻩ
23881,ﻩ
23882,ﻩ
23883,ﻩ
23884,ﻩ
23885,ﻩ
23886,ﻩ
23887,ﻩ
23888,ﻩ
23889,ﻩ
23890,ﻩ
23891,ﻩ
23892,ﻩ
23893,ﻩ
23894,ﻩ
23895,ﻩ
23896,ﻩ
23897,ﻩ
23898,ﻩ
23899,ﻩ
23900,ﻩ
23901,ﻩ
23902,ﻩ
23903,ﻩ
23904,ﻩ
23905,ﻩ
23906,ﻩ
23907,ﻩ
23908,ﻩ
23909,ﻩ
23910,ﻩ
23911,ﻩ
23912,ﻩ
23913,ﻩ
23914,ﻩ
23915,ﻩ
23916,ﻩ
23917,ﻩ
23918,ﻩ
23919,ﻩ
23920,ﻩ
23921,ﻩ
23922,ﻩ
23923,ﻩ
23924,ﻩ
23925,ﻩ
23926,ﻩ
23927,ﻩ
23928,ﻩ
23929,ﻩ
23930,ﻩ
23931,ﻩ
23932,ﻩ
23933,ﻩ
23934,ﻩ
23935,ﻩ
23936,ﻩ
23937,ﻩ
23938,ﻩ
23939,ﻩ
23940,ﻩ
23941,ﻩ
23942,ﻩ
23943,ﻩ
23944,ﻩ
23945,ﻩ
23946,ﻩ
23947,ﻩ
23948,ﻩ
23949,ﻩ
23950,ﻩ
23951,ﻩ
23952,ﻩ
23953,ﻩ
23954,ﻩ
23955,ﻩ
23956,ﻩ
23957,ﻩ
23958,ﻩ
23959,ﻩ
23960,ﻩ
23961,ﻩ
23962,ﻩ
23963,ﻩ
23964,ﻩ
23965,ﻩ
23966,ﻩ
23967,ﻩ
23968,ﻪ
23969,ﻪ
23970,ﻪ
23971,ﻪ
23972,ﻪ
23973,ﻪ
23974,ﻪ
23975,ﻪ
23976,ﻪ
23977,ﻪ
23978,ﻪ
23979,ﻪ
23980,ﻪ
23981,ﻪ
23982,ﻪ
23983,ﻪ
23984,ﻪ
23985,ﻪ
23986,ﻪ
23987,ﻪ
23988,ﻪ
23989,ﻪ
23990,ﻪ
23991,ﻪ
23992,ﻪ
23993,ﻪ
23994,ﻪ
23995,ﻪ
23996,ﻪ
23997,ﻪ
23998,ﻪ
23999,ﻪ
24000,ﻪ
24001,ﻪ
24002,ﻪ
24003,ﻪ
24004,ﻪ
24005,ﻪ
24006,ﻪ
24007,ﻪ
24008,ﻪ
24009,ﻪ
24010,ﻪ
24011,ﻪ
24012,ﻪ
24013,ﻪ
24014,ﻪ
24015,ﻪ
24016,ﻪ
24017,ﻪ
24018,ﻪ
24019,ﻪ
24020,ﻪ
24021,ﻪ
24022,ﻪ
24023,ﻪ
24024,ﻪ
24025,ﻪ
24026,ﻪ
24027,ﻪ
24028,ﻪ
24029,ﻪ
24030,ﻪ
24031,ﻪ
24032,ﻪ
24033,ﻪ
24034,ﻪ
24035,ﻪ
24036,ﻪ
24037,ﻪ
24038,ﻪ
24039,ﻪ
24040,ﻪ
24041,ﻪ
24042,ﻪ
24043,ﻪ
24044,ﻪ
24045,ﻪ
24046,ﻪ
24047,ﻪ
24048,ﻪ
24049,ﻪ
24050,ﻪ
24051,ﻪ
24052,ﻪ
24053,ﻪ
24054,ﻪ
24055,ﻪ
24056,ﻪ
24057,ﻪ
24058,ﻪ
24059,ﻪ
24060,ﻪ
24061,ﻪ
24062,ﻪ
24063,ﻪ
24064,ﻪ
24065,ﻪ
24066,ﻪ
24067,ﻪ
24068,ﻪ
24069,ﻪ
24070,ﻪ
24071,ﻪ
24072,ﻪ
24073,ﻪ
24074,ﻪ
24075,ﻪ
24076,ﻪ
24077,ﻪ
24078,ﻪ
24079,ﻪ
24080,ﻫ
24081,ﻫ
24082,ﻫ
24083,ﻫ
24084,ﻫ
24085,ﻫ
24086,ﻫ
24087,ﻫ
24088,ﻫ
24089,ﻫ
24090,ﻫ
24091,ﻫ
24092,ﻫ
24093,ﻫ
24094,ﻫ
24095,ﻫ
24096,ﻫ
24097,ﻫ
24098,ﻫ
24099,ﻫ
24100,ﻫ
24101,ﻫ
24102,ﻫ
24103,ﻫ
24104,ﻫ
24105,ﻫ
24106,ﻫ
24107,ﻫ
24108,ﻫ
24109,ﻫ
24110,ﻫ
24111,ﻫ
24112,ﻫ
24113,ﻫ
24114,ﻫ
24115,ﻫ
24116,ﻫ
24117,ﻫ
24118,ﻫ
24119,ﻫ
24120,ﻫ
24121,ﻫ
24122,ﻫ
24123,ﻫ
24124,ﻫ
24125,ﻫ
24126,ﻫ
24127,ﻫ
24128,ﻫ
24129,ﻫ
24130,ﻫ
24131,ﻫ
24132,ﻫ
24133,ﻫ
24134,ﻫ
24135,ﻫ
24136,ﻫ
24137,ﻫ
24138,ﻫ
24139,ﻫ
24140,ﻫ
24141,ﻫ
24142,ﻫ
24143,ﻫ
24144,ﻫ
24145,ﻫ
24146,ﻫ
24147,ﻫ
24148,ﻫ
24149,ﻫ
24150,ﻫ
24151,ﻫ
24152,ﻫ
24153,ﻫ
24154,ﻫ
24155,ﻫ
24156,ﻫ
24157,ﻫ
24158,ﻫ
24159,ﻫ
24160,ﻫ
24161,ﻫ
24162,ﻫ
24163,ﻫ
24164,ﻫ
24165,ﻫ
24166,ﻫ
24167,ﻫ
24168,ﻫ
24169,ﻫ
24170,ﻫ
24171,ﻫ
24172,ﻫ
24173,ﻫ
24174,ﻫ
24175,ﻫ
24176,ﻫ
24177,ﻫ
24178,ﻫ
24179,ﻫ
24180,ﻫ
24181,ﻫ
24182,ﻫ
24183,ﻫ
24184,ﻫ
24185,ﻫ
24186,ﻫ
24187,ﻫ
24188,ﻫ
24189,ﻫ
24190,ﻫ
24191,ﻫ
24192,ﻬ
24193,ﻬ
24194,ﻬ
24195,ﻬ
24196,ﻬ
24197,ﻬ
24198,ﻬ
24199,ﻬ
24200,ﻬ
24201,ﻬ
24202,ﻬ
24203,ﻬ
24204,ﻬ
24205,ﻬ
24206,ﻬ
24207,ﻬ
24208,ﻬ
24209,ﻬ
24210,ﻬ
24211,ﻬ
24212,ﻬ
24213,ﻬ
24214,ﻬ
24215,ﻬ
24216,ﻬ
24217,ﻬ
24218,ﻬ
24219,ﻬ
24220,ﻬ
24221,ﻬ
24222,ﻬ
24223,ﻬ
24224,ﻬ
24225,ﻬ
24226,ﻬ
24227,ﻬ
24228,ﻬ
24229,ﻬ
24230,ﻬ
24231,ﻬ
24232,ﻬ
24233,ﻬ
24234,ﻬ
24235,ﻬ
24236,ﻬ
24237,ﻬ
24238,ﻬ
24239,ﻬ
24240,ﻬ
24241,ﻬ
24242,ﻬ
24243,ﻬ
24244,ﻬ
24245,ﻬ
24246,ﻬ
24247,ﻬ
24248,ﻬ
24249,ﻬ
24250,ﻬ
24251,ﻬ
24252,ﻬ
24253,ﻬ
24254,ﻬ
24255,ﻬ
24256,ﻬ
24257,ﻬ
24258,ﻬ
24259,ﻬ
24260,ﻬ
24261,ﻬ
24262,ﻬ
24263,ﻬ
24264,ﻬ
24265,ﻬ
24266,ﻬ
24267,ﻬ
24268,ﻬ
24269,ﻬ
24270,ﻬ
24271,ﻬ
24272,ﻬ
24273,ﻬ
24274,ﻬ
24275,ﻬ
24276,ﻬ
24277,ﻬ
24278,ﻬ
24279,ﻬ
24280,ﻬ
24281,ﻬ
24282,ﻬ
24283,ﻬ
24284,ﻬ
24285,ﻬ
24286,ﻬ
24287,ﻬ
24288,ﻬ
24289,ﻬ
24290,ﻬ
24291,ﻬ
24292,ﻬ
24293,ﻬ
24294,ﻬ
24295,ﻬ
24296,ﻬ
24297,ﻬ
24298,ﻬ
24299,ﻬ
24300,ﻬ
24301,ﻬ
24302,ﻬ
24303,ﻬ
24304,ﻮ
24305,ﻮ
24306,ﻮ
24307,ﻮ
24308,ﻮ
24309,ﻮ
24310,ﻮ
24311,ﻮ
24312,ﻮ
24313,ﻮ
24314,ﻮ
24315,ﻮ
24316,ﻮ
24317,ﻮ
24318,ﻮ
24319,ﻮ
24320,ﻮ
24321,ﻮ
24322,ﻮ
24323,ﻮ
24324,ﻮ
24325,ﻮ
24326,ﻮ
24327,ﻮ
24328,ﻮ
24329,ﻮ
24330,ﻮ
24331,ﻮ
24332,ﻮ
24333,ﻮ
24334,ﻮ
24335,ﻮ
24336,ﻮ
24337,ﻮ
24338,ﻮ
24339,ﻮ
24340,ﻮ
24341,ﻮ
24342,ﻮ
24343,ﻮ
24344,ﻮ
24345,ﻮ
24346,ﻮ
24347,ﻮ
24348,ﻮ
24349,ﻮ
24350,ﻮ
24351,ﻮ
24352,ﻮ
24353,ﻮ
24354,ﻮ
24355,ﻮ
24356,ﻮ
24357,ﻮ
24358,ﻮ
24359,ﻮ
24360,ﻮ
24361,ﻮ
24362,ﻮ
24363,ﻮ
24364,ﻮ
24365,ﻮ
24366,ﻮ
24367,ﻮ
24368,ﻮ
24369,ﻮ
24370,ﻮ
24371,ﻮ
24372,ﻮ
24373,ﻮ
24374,ﻮ
24375,ﻮ
24376,ﻮ
24377,ﻮ
24378,ﻮ
24379,ﻮ
24380,ﻮ
24381,ﻮ
24382,ﻮ
24383,ﻮ
24384,ﻮ
24385,ﻮ
24386,ﻮ
24387,ﻮ
24388,ﻮ
24389,ﻮ
24390,ﻮ
24391,ﻮ
24392,ﻮ
24393,ﻮ
24394,ﻮ
24395,ﻮ
24396,ﻮ
24397,ﻮ
24398,ﻮ
24399,ﻮ
24400,ﻮ
24401,ﻮ
24402,ﻮ
24403,ﻮ
24404,ﻮ
24405,ﻮ
24406,ﻮ
24407,ﻮ
24408,ﻮ
24409,ﻮ
24410,ﻮ
24411,ﻮ
24412,ﻮ
24413,ﻮ
24414,ﻮ
24415,ﻮ
24416,ﯼ
24417,ﯼ
24418,ﯼ
24419,ﯼ
24420,ﯼ
24421,ﯼ
24422,ﯼ
24423,ﯼ
24424,ﯼ
24425,ﯼ
24426,ﯼ
24427,ﯼ
24428,ﯼ
24429,ﯼ
24430,ﯼ
24431,ﯼ
24432,ﯼ
24433,ﯼ
24434,ﯼ
24435,ﯼ
24436,ﯼ
24437,ﯼ
24438,ﯼ
24439,ﯼ
24440,ﯼ
24441,ﯼ
24442,ﯼ
24443,ﯼ
24444,ﯼ
24445,ﯼ
24446,ﯼ
24447,ﯼ
24448,ﯼ
24449,ﯼ
24450,ﯼ
24451,ﯼ
24452,ﯼ
24453,ﯼ
24454,ﯼ
24455,ﯼ
24456,ﯼ
24457,ﯼ
24458,ﯼ
24459,ﯼ
24460,ﯼ
24461,ﯼ
24462,ﯼ
24463,ﯼ
24464,ﯼ
24465,ﯼ
24466,ﯼ
24467,ﯼ
24468,ﯼ
24469,ﯼ
24470,ﯼ
24471,ﯼ
24472,ﯼ
24473,ﯼ
24474,ﯼ
24475,ﯼ
24476,ﯼ
24477,ﯼ
24478,ﯼ
24479,ﯼ
24480,ﯼ
24481,ﯼ
24482,ﯼ
24483,ﯼ
24484,ﯼ
24485,ﯼ
24486,ﯼ
24487,ﯼ
24488,ﯼ
24489,ﯼ
24490,ﯼ
24491,ﯼ
24492,ﯼ
24493,ﯼ
24494,ﯼ
24495,ﯼ
24496,ﯼ
24497,ﯼ
24498,ﯼ
24499,ﯼ
24500,ﯼ
24501,ﯼ
24502,ﯼ
24503,ﯼ
24504,ﯼ
24505,ﯼ
24506,ﯼ
24507,ﯼ
24508,ﯼ
24509,ﯼ
24510,ﯼ
24511,ﯼ
24512,ﯼ
24513,ﯼ
24514,ﯼ
24515,ﯼ
24516,ﯼ
24517,ﯼ
24518,ﯼ
24519,ﯼ
24520,ﯼ
24521,ﯼ
24522,ﯼ
24523,ﯼ
24524,ﯼ
24525,ﯼ
24526,ﯼ
24527,ﯼ
24528,ﯾ
24529,ﯾ
24530,ﯾ
24531,ﯾ
24532,ﯾ
24533,ﯾ
24534,ﯾ
24535,ﯾ
24536,ﯾ
24537,ﯾ
24538,ﯾ
24539,ﯾ
24540,ﯾ
24541,ﯾ
24542,ﯾ
24543,ﯾ
24544,ﯾ
24545,ﯾ
24546,ﯾ
24547,ﯾ
24548,ﯾ
24549,ﯾ
24550,ﯾ
24551,ﯾ
24552,ﯾ
24553,ﯾ
24554,ﯾ
24555,ﯾ
24556,ﯾ
24557,ﯾ
24558,ﯾ
24559,ﯾ
24560,ﯾ
24561,ﯾ
24562,ﯾ
24563,ﯾ
24564,ﯾ
24565,ﯾ
24566,ﯾ
24567,ﯾ
24568,ﯾ
24569,ﯾ
24570,ﯾ
24571,ﯾ
24572,ﯾ
24573,ﯾ
24574,ﯾ
24575,ﯾ
24576,ﯾ
24577,ﯾ
24578,ﯾ
24579,ﯾ
24580,ﯾ
24581,ﯾ
24582,ﯾ
24583,ﯾ
24584,ﯾ
24585,ﯾ
24586,ﯾ
24587,ﯾ
24588,ﯾ
24589,ﯾ
24590,ﯾ
24591,ﯾ
24592,ﯾ
24593,ﯾ
24594,ﯾ
24595,ﯾ
24596,ﯾ
24597,ﯾ
24598,ﯾ
24599,ﯾ
24600,ﯾ
24601,ﯾ
24602,ﯾ
24603,ﯾ
24604,ﯾ
24605,ﯾ
24606,ﯾ
24607,ﯾ
24608,ﯾ
24609,ﯾ
24610,ﯾ
24611,ﯾ
24612,ﯾ
24613,ﯾ
24614,ﯾ
24615,ﯾ
24616,ﯾ
24617,ﯾ
24618,ﯾ
24619,ﯾ
24620,ﯾ
24621,ﯾ
24622,ﯾ
24623,ﯾ
24624,ﯾ
24625,ﯾ
24626,ﯾ
24627,ﯾ
24628,ﯾ
24629,ﯾ
24630,ﯾ
24631,ﯾ
24632,ﯾ
24633,ﯾ
24634,ﯾ
24635,ﯾ
24636,ﯾ
24637,ﯾ
24638,ﯾ
24639,ﯾ
24640,ﭗ
24641,ﭗ
24642,ﭗ
24643,ﭗ
24644,ﭗ
24645,ﭗ
24646,ﭗ
24647,ﭗ
24648,ﭗ
24649,ﭗ
24650,ﭗ
24651,ﭗ
24652,ﭗ
24653,ﭗ
24654,ﭗ
24655,ﭗ
24656,ﭗ
24657,ﭗ
24658,ﭗ
24659,ﭗ
24660,ﭗ
24661,ﭗ
24662,ﭗ
24663,ﭗ
24664,ﭗ
24665,ﭗ
24666,ﭗ
24667,ﭗ
24668,ﭗ
24669,ﭗ
24670,ﭗ
24671,ﭗ
24672,ﭗ
24673,ﭗ
24674,ﭗ
24675,ﭗ
24676,ﭗ
24677,ﭗ
24678,ﭗ
24679,ﭗ
24680,ﭗ
24681,ﭗ
24682,ﭗ
24683,ﭗ
24684,ﭗ
24685,ﭗ
24686,ﭗ
24687,ﭗ
24688,ﭗ
24689,ﭗ
24690,ﭗ
24691,ﭗ
24692,ﭗ
24693,ﭗ
24694,ﭗ
24695,ﭗ
24696,ﭗ
24697,ﭗ
24698,ﭗ
24699,ﭗ
24700,ﭗ
24701,ﭗ
24702,ﭗ
24703,ﭗ
24704,ﭗ
24705,ﭗ
24706,ﭗ
24707,ﭗ
24708,ﭗ
24709,ﭗ
24710,ﭗ
24711,ﭗ
24712,ﭗ
24713,ﭗ
24714,ﭗ
24715,ﭗ
24716,ﭗ
24717,ﭗ
24718,ﭗ
24719,ﭗ
24720,ﭗ
24721,ﭗ
24722,ﭗ
24723,ﭗ
24724,ﭗ
24725,ﭗ
24726,ﭗ
24727,ﭗ
24728,ﭗ
24729,ﭗ
24730,ﭗ
24731,ﭗ
24732,ﭗ
24733,ﭗ
24734,ﭗ
24735,ﭗ
24736,ﭗ
24737,ﭗ
24738,ﭗ
24739,ﭗ
24740,ﭗ
24741,ﭗ
24742,ﭗ
24743,ﭗ
24744,ﭗ
24745,ﭗ
24746,ﭗ
24747,ﭗ
24748,ﭗ
24749,ﭗ
24750,ﭗ
24751,ﭗ
24752,ﭘ
24753,ﭘ
24754,ﭘ
24755,ﭘ
24756,ﭘ
24757,ﭘ
24758,ﭘ
24759,ﭘ
24760,ﭘ
24761,ﭘ
24762,ﭘ
24763,ﭘ
24764,ﭘ
24765,ﭘ
24766,ﭘ
24767,ﭘ
24768,ﭘ
24769,ﭘ
24770,ﭘ
24771,ﭘ
24772,ﭘ
24773,ﭘ
24774,ﭘ
24775,ﭘ
24776,ﭘ
24777,ﭘ
24778,ﭘ
24779,ﭘ
24780,ﭘ
24781,ﭘ
24782,ﭘ
24783,ﭘ
24784,ﭘ
24785,ﭘ
24786,ﭘ
24787,ﭘ
24788,ﭘ
24789,ﭘ
24790,ﭘ
24791,ﭘ
24792,ﭘ
24793,ﭘ
24794,ﭘ
24795,ﭘ
24796,ﭘ
24797,ﭘ
24798,ﭘ
24799,ﭘ
24800,ﭘ
24801,ﭘ
24802,ﭘ
24803,ﭘ
24804,ﭘ
24805,ﭘ
24806,ﭘ
24807,ﭘ
24808,ﭘ
24809,ﭘ
24810,ﭘ
24811,ﭘ
24812,ﭘ
24813,ﭘ
24814,ﭘ
24815,ﭘ
24816,ﭘ
24817,ﭘ
24818,ﭘ
24819,ﭘ
24820,ﭘ
24821,ﭘ
24822,ﭘ
24823,ﭘ
24824,ﭘ
24825,ﭘ
24826,ﭘ
24827,ﭘ
24828,ﭘ
24829,ﭘ
24830,ﭘ
24831,ﭘ
24832,ﭘ
24833,ﭘ
24834,ﭘ
24835,ﭘ
24836,ﭘ
24837,ﭘ
24838,ﭘ
24839,ﭘ
24840,ﭘ
24841,ﭘ
24842,ﭘ
24843,ﭘ
24844,ﭘ
24845,ﭘ
24846,ﭘ
24847,ﭘ
24848,ﭘ
24849,ﭘ
24850,ﭘ
24851,ﭘ
24852,ﭘ
24853,ﭘ
24854,ﭘ
24855,ﭘ
24856,ﭘ
24857,ﭘ
24858,ﭘ
24859,ﭘ
24860,ﭘ
24861,ﭘ
24862,ﭘ
24863,ﭘ
24864,ﭻ
24865,ﭻ
24866,ﭻ
24867,ﭻ
24868,ﭻ
24869,ﭻ
24870,ﭻ
24871,ﭻ
24872,ﭻ
24873,ﭻ
24874,ﭻ
24875,ﭻ
24876,ﭻ
24877,ﭻ
24878,ﭻ
24879,ﭻ
24880,ﭻ
24881,ﭻ
24882,ﭻ
24883,ﭻ
24884,ﭻ
24885,ﭻ
24886,ﭻ
24887,ﭻ
24888,ﭻ
24889,ﭻ
24890,ﭻ
24891,ﭻ
24892,ﭻ
24893,ﭻ
24894,ﭻ
24895,ﭻ
24896,ﭻ
24897,ﭻ
24898,ﭻ
24899,ﭻ
24900,ﭻ
24901,ﭻ
24902,ﭻ
24903,ﭻ
24904,ﭻ
24905,ﭻ
24906,ﭻ
24907,ﭻ
24908,ﭻ
24909,ﭻ
24910,ﭻ
24911,ﭻ
24912,ﭻ
24913,ﭻ
24914,ﭻ
24915,ﭻ
24916,ﭻ
24917,ﭻ
24918,ﭻ
24919,ﭻ
24920,ﭻ
24921,ﭻ
24922,ﭻ
24923,ﭻ
24924,ﭻ
24925,ﭻ
24926,ﭻ
24927,ﭻ
24928,ﭻ
24929,ﭻ
24930,ﭻ
24931,ﭻ
24932,ﭻ
24933,ﭻ
24934,ﭻ
24935,ﭻ
24936,ﭻ
24937,ﭻ
24938,ﭻ
24939,ﭻ
24940,ﭻ
24941,ﭻ
24942,ﭻ
24943,ﭻ
24944,ﭻ
24945,ﭻ
24946,ﭻ
24947,ﭻ
24948,ﭻ
24949,ﭻ
24950,ﭻ
24951,ﭻ
24952,ﭻ
24953,ﭻ
24954,ﭻ
24955,ﭻ
24956,ﭻ
24957,ﭻ
24958,ﭻ
24959,ﭻ
24960,ﭻ
24961,ﭻ
24962,ﭻ
24963,ﭻ
24964,ﭻ
24965,ﭻ
24966,ﭻ
24967,ﭻ
24968,ﭻ
24969,ﭻ
24970,ﭻ
24971,ﭻ
24972,ﭻ
24973,ﭻ
24974,ﭻ
24975,ﭻ
24976,ﭼ
24977,ﭼ
24978,ﭼ
24979,ﭼ
24980,ﭼ
24981,ﭼ
24982,ﭼ
24983,ﭼ
24984,ﭼ
24985,ﭼ
24986,ﭼ
24987,ﭼ
24988,ﭼ
24989,ﭼ
24990,ﭼ
24991,ﭼ
24992,ﭼ
24993,ﭼ
24994,ﭼ
24995,ﭼ
24996,ﭼ
24997,ﭼ
24998,ﭼ
24999,ﭼ
25000,ﭼ
25001,ﭼ
25002,ﭼ
25003,ﭼ
25004,ﭼ
25005,ﭼ
25006,ﭼ
25007,ﭼ
25008,ﭼ
25009,ﭼ
25010,ﭼ
25011,ﭼ
25012,ﭼ
25013,ﭼ
25014,ﭼ
25015,ﭼ
25016,ﭼ
25017,ﭼ
25018,ﭼ
25019,ﭼ
25020,ﭼ
25021,ﭼ
25022,ﭼ
25023,ﭼ
25024,ﭼ
25025,ﭼ
25026,ﭼ
25027,ﭼ
25028,ﭼ
25029,ﭼ
25030,ﭼ
25031,ﭼ
25032,ﭼ
25033,ﭼ
25034,ﭼ
25035,ﭼ
25036,ﭼ
25037,ﭼ
25038,ﭼ
25039,ﭼ
25040,ﭼ
25041,ﭼ
25042,ﭼ
25043,ﭼ
25044,ﭼ
25045,ﭼ
25046,ﭼ
25047,ﭼ
25048,ﭼ
25049,ﭼ
25050,ﭼ
25051,ﭼ
25052,ﭼ
25053,ﭼ
25054,ﭼ
25055,ﭼ
25056,ﭼ
25057,ﭼ
25058,ﭼ
25059,ﭼ
25060,ﭼ
25061,ﭼ
25062,ﭼ
25063,ﭼ
25064,ﭼ
25065,ﭼ
25066,ﭼ
25067,ﭼ
25068,ﭼ
25069,ﭼ
25070,ﭼ
25071,ﭼ
25072,ﭼ
25073,ﭼ
25074,ﭼ
25075,ﭼ
25076,ﭼ
25077,ﭼ
25078,ﭼ
25079,ﭼ
25080,ﭼ
25081,ﭼ
25082,ﭼ
25083,ﭼ
25084,ﭼ
25085,ﭼ
25086,ﭼ
25087,ﭼ
25088,ﮋ
25089,ﮋ
25090,ﮋ
25091,ﮋ
25092,ﮋ
25093,ﮋ
25094,ﮋ
25095,ﮋ
25096,ﮋ
25097,ﮋ
25098,ﮋ
25099,ﮋ
25100,ﮋ
25101,ﮋ
25102,ﮋ
25103,ﮋ
25104,ﮋ
25105,ﮋ
25106,ﮋ
25107,ﮋ
25108,ﮋ
25109,ﮋ
25110,ﮋ
25111,ﮋ
25112,ﮋ
25113,ﮋ
25114,ﮋ
25115,ﮋ
25116,ﮋ
25117,ﮋ
25118,ﮋ
25119,ﮋ
25120,ﮋ
25121,ﮋ
25122,ﮋ
25123,ﮋ
25124,ﮋ
25125,ﮋ
25126,ﮋ
25127,ﮋ
25128,ﮋ
25129,ﮋ
25130,ﮋ
25131,ﮋ
25132,ﮋ
25133,ﮋ
25134,ﮋ
25135,ﮋ
25136,ﮋ
25137,ﮋ
25138,ﮋ
25139,ﮋ
25140,ﮋ
25141,ﮋ
25142,ﮋ
25143,ﮋ
25144,ﮋ
25145,ﮋ
25146,ﮋ
25147,ﮋ
25148,ﮋ
25149,ﮋ
25150,ﮋ
25151,ﮋ
25152,ﮋ
25153,ﮋ
25154,ﮋ
25155,ﮋ
25156,ﮋ
25157,ﮋ
25158,ﮋ
25159,ﮋ
25160,ﮋ
25161,ﮋ
25162,ﮋ
25163,ﮋ
25164,ﮋ
25165,ﮋ
25166,ﮋ
25167,ﮋ
25168,ﮋ
25169,ﮋ
25170,ﮋ
25171,ﮋ
25172,ﮋ
25173,ﮋ
25174,ﮋ
25175,ﮋ
25176,ﮋ
25177,ﮋ
25178,ﮋ
25179,ﮋ
25180,ﮋ
25181,ﮋ
25182,ﮋ
25183,ﮋ
25184,ﮋ
25185,ﮋ
25186,ﮋ
25187,ﮋ
25188,ﮋ
25189,ﮋ
25190,ﮋ
25191,ﮋ
25192,ﮋ
25193,ﮋ
25194,ﮋ
25195,ﮋ
25196,ﮋ
25197,ﮋ
25198,ﮋ
25199,ﮋ
25200,ﮓ
25201,ﮓ
25202,ﮓ
25203,ﮓ
25204,ﮓ
25205,ﮓ
25206,ﮓ
25207,ﮓ
25208,ﮓ
25209,ﮓ
25210,ﮓ
25211,ﮓ
25212,ﮓ
25213,ﮓ
25214,ﮓ
25215,ﮓ
25216,ﮓ
25217,ﮓ
25218,ﮓ
25219,ﮓ
25220,ﮓ
25221,ﮓ
25222,ﮓ
25223,ﮓ
25224,ﮓ
25225,ﮓ
25226,ﮓ
25227,ﮓ
25228,ﮓ
25229,ﮓ
25230,ﮓ
25231,ﮓ
25232,ﮓ
25233,ﮓ
25234,ﮓ
25235,ﮓ
25236,ﮓ
25237,ﮓ
25238,ﮓ
25239,ﮓ
25240,ﮓ
25241,ﮓ
25242,ﮓ
25243,ﮓ
25244,ﮓ
25245,ﮓ
25246,ﮓ
25247,ﮓ
25248,ﮓ
25249,ﮓ
25250,ﮓ
25251,ﮓ
25252,ﮓ
25253,ﮓ
25254,ﮓ
25255,ﮓ
25256,ﮓ
25257,ﮓ
25258,ﮓ
25259,ﮓ
25260,ﮓ
25261,ﮓ
25262,ﮓ
25263,ﮓ
25264,ﮓ
25265,ﮓ
25266,ﮓ
25267,ﮓ
25268,ﮓ
25269,ﮓ
25270,ﮓ
25271,ﮓ
25272,ﮓ
25273,ﮓ
25274,ﮓ
25275,ﮓ
25276,ﮓ
25277,ﮓ
25278,ﮓ
25279,ﮓ
25280,ﮓ
25281,ﮓ
25282,ﮓ
25283,ﮓ
25284,ﮓ
25285,ﮓ
25286,ﮓ
25287,ﮓ
25288,ﮓ
25289,ﮓ
25290,ﮓ
25291,ﮓ
25292,ﮓ
25293,ﮓ
25294,ﮓ
25295,ﮓ
25296,ﮓ
25297,ﮓ
25298,ﮓ
25299,ﮓ
25300,ﮓ
25301,ﮓ
25302,ﮓ
25303,ﮓ
25304,ﮓ
25305,ﮓ
25306,ﮓ
25307,ﮓ
25308,ﮓ
25309,ﮓ
25310,ﮓ
25311,ﮓ
25312,ﮔ
25313,ﮔ
25314,ﮔ
25315,ﮔ
25316,ﮔ
25317,ﮔ
25318,ﮔ
25319,ﮔ
25320,ﮔ
25321,ﮔ
25322,ﮔ
25323,ﮔ
25324,ﮔ
25325,ﮔ
25326,ﮔ
25327,ﮔ
25328,ﮔ
25329,ﮔ
25330,ﮔ
25331,ﮔ
25332,ﮔ
25333,ﮔ
25334,ﮔ
25335,ﮔ
25336,ﮔ
25337,ﮔ
25338,ﮔ
25339,ﮔ
25340,ﮔ
25341,ﮔ
25342,ﮔ
25343,ﮔ
25344,ﮔ
25345,ﮔ
25346,ﮔ
25347,ﮔ
25348,ﮔ
25349,ﮔ
25350,ﮔ
25351,ﮔ
25352,ﮔ
25353,ﮔ
25354,ﮔ
25355,ﮔ
25356,ﮔ
25357,ﮔ
25358,ﮔ
25359,ﮔ
25360,ﮔ
25361,ﮔ
25362,ﮔ
25363,ﮔ
25364,ﮔ
25365,ﮔ
25366,ﮔ
25367,ﮔ
25368,ﮔ
25369,ﮔ
25370,ﮔ
25371,ﮔ
25372,ﮔ
25373,ﮔ
25374,ﮔ
25375,ﮔ
25376,ﮔ
25377,ﮔ
25378,ﮔ
25379,ﮔ
25380,ﮔ
25381,ﮔ
25382,ﮔ
25383,ﮔ
25384,ﮔ
25385,ﮔ
25386,ﮔ
25387,ﮔ
25388,ﮔ
25389,ﮔ
25390,ﮔ
25391,ﮔ
25392,ﮔ
25393,ﮔ
25394,ﮔ
25395,ﮔ
25396,ﮔ
25397,ﮔ
25398,ﮔ
25399,ﮔ
25400,ﮔ
25401,ﮔ
25402,ﮔ
25403,ﮔ
25404,ﮔ
25405,ﮔ
25406,ﮔ
25407,ﮔ
25408,ﮔ
25409,ﮔ
25410,ﮔ
25411,ﮔ
25412,ﮔ
25413,ﮔ
25414,ﮔ
25415,ﮔ
25416,ﮔ
25417,ﮔ
25418,ﮔ
25419,ﮔ
25420,ﮔ
25421,ﮔ
25422,ﮔ
25423,ﮔ
25424,ﺋ
25425,ﺋ
25426,ﺋ
25427,ﺋ
25428,ﺋ
25429,ﺋ
25430,ﺋ
25431,ﺋ
25432,ﺋ
25433,ﺋ
25434,ﺋ
25435,ﺋ
25436,ﺋ
25437,ﺋ
25438,ﺋ
25439,ﺋ
25440,ﺋ
25441,ﺋ
25442,ﺋ
25443,ﺋ
25444,ﺋ
25445,ﺋ
25446,ﺋ
25447,ﺋ
25448,ﺋ
25449,ﺋ
25450,ﺋ
25451,ﺋ
25452,ﺋ
25453,ﺋ
25454,ﺋ
25455,ﺋ
25456,ﺋ
25457,ﺋ
25458,ﺋ
25459,ﺋ
25460,ﺋ
25461,ﺋ
25462,ﺋ
25463,ﺋ
25464,ﺋ
25465,ﺋ
25466,ﺋ
25467,ﺋ
25468,ﺋ
25469,ﺋ
25470,ﺋ
25471,ﺋ
25472,ﺋ
25473,ﺋ
25474,ﺋ
25475,ﺋ
25476,ﺋ
25477,ﺋ
25478,ﺋ
25479,ﺋ
25480,ﺋ
25481,ﺋ
25482,ﺋ
25483,ﺋ
25484,ﺋ
25485,ﺋ
25486,ﺋ
25487,ﺋ
25488,ﺋ
25489,ﺋ
25490,ﺋ
25491,ﺋ
25492,ﺋ
25493,ﺋ
25494,ﺋ
25495,ﺋ
25496,ﺋ
25497,ﺋ
25498,ﺋ
25499,ﺋ
25500,ﺋ
25501,ﺋ
25502,ﺋ
25503,ﺋ
25504,ﺋ
25505,ﺋ
25506,ﺋ
25507,ﺋ
25508,ﺋ
25509,ﺋ
25510,ﺋ
25511,ﺋ
25512,ﺋ
25513,ﺋ
25514,ﺋ
25515,ﺋ
25516,ﺋ
25517,ﺋ
25518,ﺋ
25519,ﺋ
25520,ﺋ
25521,ﺋ
25522,ﺋ
25523,ﺋ
25524,ﺋ
25525,ﺋ
25526,ﺋ
25527,ﺋ
25528,ﺋ
25529,ﺋ
25530,ﺋ
25531,ﺋ
25532,ﺋ
25533,ﺋ
25534,ﺋ
25535,ﺋ
25536,ﺁ
25537,ﺁ
25538,ﺁ
25539,ﺁ
25540,ﺁ
25541,ﺁ
25542,ﺁ
25543,ﺁ
25544,ﺁ
25545,ﺁ
25546,ﺁ
25547,ﺁ
25548,ﺁ
25549,ﺁ
25550,ﺁ
25551,ﺁ
25552,ﺁ
25553,ﺁ
25554,ﺁ
25555,ﺁ
25556,ﺁ
25557,ﺁ
25558,ﺁ
25559,ﺁ
25560,ﺁ
25561,ﺁ
25562,ﺁ
25563,ﺁ
25564,ﺁ
25565,ﺁ
25566,ﺁ
25567,ﺁ
25568,ﺁ
25569,ﺁ
25570,ﺁ
25571,ﺁ
25572,ﺁ
25573,ﺁ
25574,ﺁ
25575,ﺁ
25576,ﺁ
25577,ﺁ
25578,ﺁ
25579,ﺁ
25580,ﺁ
25581,ﺁ
25582,ﺁ
25583,ﺁ
25584,ﺁ
25585,ﺁ
25586,ﺁ
25587,ﺁ
25588,ﺁ
25589,ﺁ
25590,ﺁ
25591,ﺁ
25592,ﺁ
25593,ﺁ
25594,ﺁ
25595,ﺁ
25596,ﺁ
25597,ﺁ
25598,ﺁ
25599,ﺁ
25600,ﺁ
25601,ﺁ
25602,ﺁ
25603,ﺁ
25604,ﺁ
25605,ﺁ
25606,ﺁ
25607,ﺁ
25608,ﺁ
25609,ﺁ
25610,ﺁ
25611,ﺁ
25612,ﺁ
25613,ﺁ
25614,ﺁ
25615,ﺁ
25616,ﺁ
25617,ﺁ
25618,ﺁ
25619,ﺁ
25620,ﺁ
25621,ﺁ
25622,ﺁ
25623,ﺁ
25624,ﺁ
25625,ﺁ
25626,ﺁ
25627,ﺁ
25628,ﺁ
25629,ﺁ
25630,ﺁ
25631,ﺁ
25632,ﺁ
25633,ﺁ
25634,ﺁ
25635,ﺁ
25636,ﺁ
25637,ﺁ
25638,ﺁ
25639,ﺁ
25640,ﺁ
25641,ﺁ
25642,ﺁ
25643,ﺁ
25644,ﺁ
25645,ﺁ
25646,ﺁ
25647,ﺁ
25648,،
25649,،
25650,،
25651,،
25652,،
25653,،
25654,،
25655,،
25656,،
25657,،
25658,،
25659,،
25660,،
25661,،
25662,،
25663,،
25664,،
25665,،
25666,،
25667,،
25668,،
25669,،
25670,،
25671,،
25672,،
25673,،
25674,،
25675,،
25676,،
25677,،
25678,،
25679,،
25680,،
25681,،
25682,،
25683,،
25684,،
25685,،
25686,،
25687,،
25688,،
25689,،
25690,،
25691,،
25692,،
25693,،
25694,،
25695,،
25696,،
25697,،
25698,،
25699,،
25700,،
25701,،
25702,،
25703,،
25704,،
25705,،
25706,،
25707,،
25708,،
25709,،
25710,،
25711,،
25712,،
25713,،
25714,،
25715,،
25716,،
25717,،
25718,،
25719,،
25720,،
25721,،
25722,،
25723,،
25724,،
25725,،
25726,،
25727,،
25728,،
25729,،
25730,،
25731,،
25732,،
25733,،
25734,،
25735,،
25736,،
25737,،
25738,،
25739,،
25740,،
25741,،
25742,،
25743,،
25744,،
25745,،
25746,،
25747,،
25748,،
25749,،
25750,،
25751,،
25752,،
25753,،
25754,،
25755,،
25756,،
25757,،
25758,،
25759,،
25760,؛
25761,؛
25762,؛
25763,؛
25764,؛
25765,؛
25766,؛
25767,؛
25768,؛
25769,؛
25770,؛
25771,؛
25772,؛
25773,؛
25774,؛
25775,؛
25776,؛
25777,؛
25778,؛
25779,؛
25780,؛
25781,؛
25782,؛
25783,؛
25784,؛
25785,؛
25786,؛
25787,؛
25788,؛
25789,؛
25790,؛
25791,؛
25792,؛
25793,؛
25794,؛
25795,؛
25796,؛
25797,؛
25798,؛
25799,؛
25800,؛
25801,؛
25802,؛
25803,؛
25804,؛
25805,؛
25806,؛
25807,؛
25808,؛
25809,؛
25810,؛
25811,؛
25812,؛
25813,؛
25814,؛
25815,؛
25816,؛
25817,؛
25818,؛
25819,؛
25820,؛
25821,؛
25822,؛
25823,؛
25824,؛
25825,؛
25826,؛
25827,؛
25828,؛
25829,؛
25830,؛
25831,؛
25832,؛
25833,؛
25834,؛
25835,؛
25836,؛
25837,؛
25838,؛
25839,؛
25840,؛
25841,؛
25842,؛
25843,؛
25844,؛
25845,؛
25846,؛
25847,؛
25848,؛
25849,؛
25850,؛
25851,؛
25852,؛
25853,؛
25854,؛
25855,؛
25856,؛
25857,؛
25858,؛
25859,؛
25860,؛
25861,؛
25862,؛
25863,؛
25864,؛
25865,؛
25866,؛
25867,؛
25868,؛
25869,؛
25870,؛
25871,؛
25872,0
25873,0
25874,0
25875,0
25876,0
25877,0
25878,0
25879,0
25880,0
25881,0
25882,0
25883,0
25884,0
25885,0
25886,0
25887,0
25888,0
25889,0
25890,0
25891,0
25892,0
25893,0
25894,0
25895,0
25896,0
25897,0
25898,0
25899,0
25900,0
25901,0
25902,0
25903,0
25904,0
25905,0
25906,0
25907,0
25908,0
25909,0
25910,0
25911,0
25912,0
25913,0
25914,0
25915,0
25916,0
25917,0
25918,0
25919,0
25920,0
25921,0
25922,0
25923,0
25924,0
25925,0
25926,0
25927,0
25928,0
25929,0
25930,0
25931,0
25932,0
25933,0
25934,0
25935,0
25936,0
25937,0
25938,0
25939,0
25940,0
25941,0
25942,0
25943,0
25944,0
25945,0
25946,0
25947,0
25948,0
25949,0
25950,0
25951,0
25952,0
25953,0
25954,0
25955,0
25956,0
25957,0
25958,0
25959,0
25960,0
25961,0
25962,0
25963,0
25964,0
25965,0
25966,0
25967,0
25968,0
25969,0
25970,0
25971,0
25972,0
25973,0
25974,0
25975,0
25976,0
25977,0
25978,0
25979,0
25980,0
25981,0
25982,0
25983,0
25984,1
25985,1
25986,1
25987,1
25988,1
25989,1
25990,1
25991,1
25992,1
25993,1
25994,1
25995,1
25996,1
25997,1
25998,1
25999,1
26000,1
26001,1
26002,1
26003,1
26004,1
26005,1
26006,1
26007,1
26008,1
26009,1
26010,1
26011,1
26012,1
26013,1
26014,1
26015,1
26016,1
26017,1
26018,1
26019,1
26020,1
26021,1
26022,1
26023,1
26024,1
26025,1
26026,1
26027,1
26028,1
26029,1
26030,1
26031,1
26032,1
26033,1
26034,1
26035,1
26036,1
26037,1
26038,1
26039,1
26040,1
26041,1
26042,1
26043,1
26044,1
26045,1
26046,1
26047,1
26048,1
26049,1
26050,1
26051,1
26052,1
26053,1
26054,1
26055,1
26056,1
26057,1
26058,1
26059,1
26060,1
26061,1
26062,1
26063,1
26064,1
26065,1
26066,1
26067,1
26068,1
26069,1
26070,1
26071,1
26072,1
26073,1
26074,1
26075,1
26076,1
26077,1
26078,1
26079,1
26080,1
26081,1
26082,1
26083,1
26084,1
26085,1
26086,1
26087,1
26088,1
26089,1
26090,1
26091,1
26092,1
26093,1
26094,1
26095,1
26096,2
26097,2
26098,2
26099,2
26100,2
26101,2
26102,2
26103,2
26104,2
26105,2
26106,2
26107,2
26108,2
26109,2
26110,2
26111,2
26112,2
26113,2
26114,2
26115,2
26116,2
26117,2
26118,2
26119,2
26120,2
26121,2
26122,2
26123,2
26124,2
26125,2
26126,2
26127,2
26128,2
26129,2
26130,2
26131,2
26132,2
26133,2
26134,2
26135,2
26136,2
26137,2
26138,2
26139,2
26140,2
26141,2
26142,2
26143,2
26144,2
26145,2
26146,2
26147,2
26148,2
26149,2
26150,2
26151,2
26152,2
26153,2
26154,2
26155,2
26156,2
26157,2
26158,2
26159,2
26160,2
26161,2
26162,2
26163,2
26164,2
26165,2
26166,2
26167,2
26168,2
26169,2
26170,2
26171,2
26172,2
26173,2
26174,2
26175,2
26176,2
26177,2
26178,2
26179,2
26180,2
26181,2
26182,2
26183,2
26184,2
26185,2
26186,2
26187,2
26188,2
26189,2
26190,2
26191,2
26192,2
26193,2
26194,2
26195,2
26196,2
26197,2
26198,2
26199,2
26200,2
26201,2
26202,2
26203,2
26204,2
26205,2
26206,2
26207,2
26208,3
26209,3
26210,3
26211,3
26212,3
26213,3
26214,3
26215,3
26216,3
26217,3
26218,3
26219,3
26220,3
26221,3
26222,3
26223,3
26224,3
26225,3
26226,3
26227,3
26228,3
26229,3
26230,3
26231,3
26232,3
26233,3
26234,3
26235,3
26236,3
26237,3
26238,3
26239,3
26240,3
26241,3
26242,3
26243,3
26244,3
26245,3
26246,3
26247,3
26248,3
26249,3
26250,3
26251,3
26252,3
26253,3
26254,3
26255,3
26256,3
26257,3
26258,3
26259,3
26260,3
26261,3
26262,3
26263,3
26264,3
26265,3
26266,3
26267,3
26268,3
26269,3
26270,3
26271,3
26272,3
26273,3
26274,3
26275,3
26276,3
26277,3
26278,3
26279,3
26280,3
26281,3
26282,3
26283,3
26284,3
26285,3
26286,3
26287,3
26288,3
26289,3
26290,3
26291,3
26292,3
26293,3
26294,3
26295,3
26296,3
26297,3
26298,3
26299,3
26300,3
26301,3
26302,3
26303,3
26304,3
26305,3
26306,3
26307,3
26308,3
26309,3
26310,3
26311,3
26312,3
26313,3
26314,3
26315,3
26316,3
26317,3
26318,3
26319,3
26320,4
26321,4
26322,4
26323,4
26324,4
26325,4
26326,4
26327,4
26328,4
26329,4
26330,4
26331,4
26332,4
26333,4
26334,4
26335,4
26336,4
26337,4
26338,4
26339,4
26340,4
26341,4
26342,4
26343,4
26344,4
26345,4
26346,4
26347,4
26348,4
26349,4
26350,4
26351,4
26352,4
26353,4
26354,4
26355,4
26356,4
26357,4
26358,4
26359,4
26360,4
26361,4
26362,4
26363,4
26364,4
26365,4
26366,4
26367,4
26368,4
26369,4
26370,4
26371,4
26372,4
26373,4
26374,4
26375,4
26376,4
26377,4
26378,4
26379,4
26380,4
26381,4
26382,4
26383,4
26384,4
26385,4
26386,4
26387,4
26388,4
26389,4
26390,4
26391,4
26392,4
26393,4
26394,4
26395,4
26396,4
26397,4
26398,4
26399,4
26400,4
26401,4
26402,4
26403,4
26404,4
26405,4
26406,4
26407,4
26408,4
26409,4
26410,4
26411,4
26412,4
26413,4
26414,4
26415,4
26416,4
26417,4
26418,4
26419,4
26420,4
26421,4
26422,4
26423,4
26424,4
26425,4
26426,4
26427,4
26428,4
26429,4
26430,4
26431,4
26432,5
26433,5
26434,5
26435,5
26436,5
26437,5
26438,5
26439,5
26440,5
26441,5
26442,5
26443,5
26444,5
26445,5
26446,5
26447,5
26448,5
26449,5
26450,5
26451,5
26452,5
26453,5
26454,5
26455,5
26456,5
26457,5
26458,5
26459,5
26460,5
26461,5
26462,5
26463,5
26464,5
26465,5
26466,5
26467,5
26468,5
26469,5
26470,5
26471,5
26472,5
26473,5
26474,5
26475,5
26476,5
26477,5
26478,5
26479,5
26480,5
26481,5
26482,5
26483,5
26484,5
26485,5
26486,5
26487,5
26488,5
26489,5
26490,5
26491,5
26492,5
26493,5
26494,5
26495,5
26496,5
26497,5
26498,5
26499,5
26500,5
26501,5
26502,5
26503,5
26504,5
26505,5
26506,5
26507,5
26508,5
26509,5
26510,5
26511,5
26512,5
26513,5
26514,5
26515,5
26516,5
26517,5
26518,5
26519,5
26520,5
26521,5
26522,5
26523,5
26524,5
26525,5
26526,5
26527,5
26528,5
26529,5
26530,5
26531,5
26532,5
26533,5
26534,5
26535,5
26536,5
26537,5
26538,5
26539,5
26540,5
26541,5
26542,5
26543,5
26544,6
26545,6
26546,6
26547,6
26548,6
26549,6
26550,6
26551,6
26552,6
26553,6
26554,6
26555,6
26556,6
26557,6
26558,6
26559,6
26560,6
26561,6
26562,6
26563,6
26564,6
26565,6
26566,6
26567,6
26568,6
26569,6
26570,6
26571,6
26572,6
26573,6
26574,6
26575,6
26576,6
26577,6
26578,6
26579,6
26580,6
26581,6
26582,6
26583,6
26584,6
26585,6
26586,6
26587,6
26588,6
26589,6
26590,6
26591,6
26592,6
26593,6
26594,6
26595,6
26596,6
26597,6
26598,6
26599,6
26600,6
26601,6
26602,6
26603,6
26604,6
26605,6
26606,6
26607,6
26608,6
26609,6
26610,6
26611,6
26612,6
26613,6
26614,6
26615,6
26616,6
26617,6
26618,6
26619,6
26620,6
26621,6
26622,6
26623,6
26624,6
26625,6
26626,6
26627,6
26628,6
26629,6
26630,6
26631,6
26632,6
26633,6
26634,6
26635,6
26636,6
26637,6
26638,6
26639,6
26640,6
26641,6
26642,6
26643,6
26644,6
26645,6
26646,6
26647,6
26648,6
26649,6
26650,6
26651,6
26652,6
26653,6
26654,6
26655,6
26656,7
26657,7
26658,7
26659,7
26660,7
26661,7
26662,7
26663,7
26664,7
26665,7
26666,7
26667,7
26668,7
26669,7
26670,7
26671,7
26672,7
26673,7
26674,7
26675,7
26676,7
26677,7
26678,7
26679,7
26680,7
26681,7
26682,7
26683,7
26684,7
26685,7
26686,7
26687,7
26688,7
26689,7
26690,7
26691,7
26692,7
26693,7
26694,7
26695,7
26696,7
26697,7
26698,7
26699,7
26700,7
26701,7
26702,7
26703,7
26704,7
26705,7
26706,7
26707,7
26708,7
26709,7
26710,7
26711,7
26712,7
26713,7
26714,7
26715,7
26716,7
26717,7
26718,7
26719,7
26720,7
26721,7
26722,7
26723,7
26724,7
26725,7
26726,7
26727,7
26728,7
26729,7
26730,7
26731,7
26732,7
26733,7
26734,7
26735,7
26736,7
26737,7
26738,7
26739,7
26740,7
26741,7
26742,7
26743,7
26744,7
26745,7
26746,7
26747,7
26748,7
26749,7
26750,7
26751,7
26752,7
26753,7
26754,7
26755,7
26756,7
26757,7
26758,7
26759,7
26760,7
26761,7
26762,7
26763,7
26764,7
26765,7
26766,7
26767,7
26768,8
26769,8
26770,8
26771,8
26772,8
26773,8
26774,8
26775,8
26776,8
26777,8
26778,8
26779,8
26780,8
26781,8
26782,8
26783,8
26784,8
26785,8
26786,8
26787,8
26788,8
26789,8
26790,8
26791,8
26792,8
26793,8
26794,8
26795,8
26796,8
26797,8
26798,8
26799,8
26800,8
26801,8
26802,8
26803,8
26804,8
26805,8
26806,8
26807,8
26808,8
26809,8
26810,8
26811,8
26812,8
26813,8
26814,8
26815,8
26816,8
26817,8
26818,8
26819,8
26820,8
26821,8
26822,8
26823,8
26824,8
26825,8
26826,8
26827,8
26828,8
26829,8
26830,8
26831,8
26832,8
26833,8
26834,8
26835,8
26836,8
26837,8
26838,8
26839,8
26840,8
26841,8
26842,8
26843,8
26844,8
26845,8
26846,8
26847,8
26848,8
26849,8
26850,8
26851,8
26852,8
26853,8
26854,8
26855,8
26856,8
26857,8
26858,8
26859,8
26860,8
26861,8
26862,8
26863,8
26864,8
26865,8
26866,8
26867,8
26868,8
26869,8
26870,8
26871,8
26872,8
26873,8
26874,8
26875,8
26876,8
26877,8
26878,8
26879,8
26880,9
26881,9
26882,9
26883,9
26884,9
26885,9
26886,9
26887,9
26888,9
26889,9
26890,9
26891,9
26892,9
26893,9
26894,9
26895,9
26896,9
26897,9
26898,9
26899,9
26900,9
26901,9
26902,9
26903,9
26904,9
26905,9
26906,9
26907,9
26908,9
26909,9
26910,9
26911,9
26912,9
26913,9
26914,9
26915,9
26916,9
26917,9
26918,9
26919,9
26920,9
26921,9
26922,9
26923,9
26924,9
26925,9
26926,9
26927,9
26928,9
26929,9
26930,9
26931,9
26932,9
26933,9
26934,9
26935,9
26936,9
26937,9
26938,9
26939,9
26940,9
26941,9
26942,9
26943,9
26944,9
26945,9
26946,9
26947,9
26948,9
26949,9
26950,9
26951,9
26952,9
26953,9
26954,9
26955,9
26956,9
26957,9
26958,9
26959,9
26960,9
26961,9
26962,9
26963,9
26964,9
26965,9
26966,9
26967,9
26968,9
26969,9
26970,9
26971,9
26972,9
26973,9
26974,9
26975,9
26976,9
26977,9
26978,9
26979,9
26980,9
26981,9
26982,9
26983,9
26984,9
26985,9
26986,9
26987,9
26988,9
26989,9
26990,9
26991,9
26992,ﺎ
26993,ﺎ
26994,ﺎ
26995,ﺎ
26996,ﺎ
26997,ﺎ
26998,ﺎ
26999,ﺎ
27000,ﺎ
27001,ﺎ
27002,ﺎ
27003,ﺎ
27004,ﺎ
27005,ﺎ
27006,ﺎ
27007,ﺎ
27008,ﺎ
27009,ﺎ
27010,ﺎ
27011,ﺎ
27012,ﺎ
27013,ﺎ
27014,ﺎ
27015,ﺎ
27016,ﺎ
27017,ﺎ
27018,ﺎ
27019,ﺎ
27020,ﺎ
27021,ﺎ
27022,ﺎ
27023,ﺎ
27024,ﺎ
27025,ﺎ
27026,ﺎ
27027,ﺎ
27028,ﺎ
27029,ﺎ
27030,ﺎ
27031,ﺎ
27032,ﺎ
27033,ﺎ
27034,ﺎ
27035,ﺎ
27036,ﺎ
27037,ﺎ
27038,ﺎ
27039,ﺎ
27040,ﺎ
27041,ﺎ
27042,ﺎ
27043,ﺎ
27044,ﺎ
27045,ﺎ
27046,ﺎ
27047,ﺎ
27048,ﺎ
27049,ﺎ
27050,ﺎ
27051,ﺎ
27052,ﺎ
27053,ﺎ
27054,ﺎ
27055,ﺎ
27056,ﺎ
27057,ﺎ
27058,ﺎ
27059,ﺎ
27060,ﺎ
27061,ﺎ
27062,ﺎ
27063,ﺎ
27064,ﺎ
27065,ﺎ
27066,ﺎ
27067,ﺎ
27068,ﺎ
27069,ﺎ
27070,ﺎ
27071,ﺎ
27072,ﺎ
27073,ﺎ
27074,ﺎ
27075,ﺎ
27076,ﺎ
27077,ﺎ
27078,ﺎ
27079,ﺎ
27080,ﺎ
27081,ﺎ
27082,ﺎ
27083,ﺎ
27084,ﺎ
27085,ﺎ
27086,ﺎ
27087,ﺎ
27088,ﺎ
27089,ﺎ
27090,ﺎ
27091,ﺎ
27092,ﺎ
27093,ﺎ
27094,ﺎ
27095,ﺎ
27096,ﺎ
27097,ﺎ
27098,ﺎ
27099,ﺎ
27100,ﺎ
27101,ﺎ
27102,ﺎ
27103,ﺎ
27104,ﺐ
27105,ﺐ
27106,ﺐ
27107,ﺐ
27108,ﺐ
27109,ﺐ
27110,ﺐ
27111,ﺐ
27112,ﺐ
27113,ﺐ
27114,ﺐ
27115,ﺐ
27116,ﺐ
27117,ﺐ
27118,ﺐ
27119,ﺐ
27120,ﺐ
27121,ﺐ
27122,ﺐ
27123,ﺐ
27124,ﺐ
27125,ﺐ
27126,ﺐ
27127,ﺐ
27128,ﺐ
27129,ﺐ
27130,ﺐ
27131,ﺐ
27132,ﺐ
27133,ﺐ
27134,ﺐ
27135,ﺐ
27136,ﺐ
27137,ﺐ
27138,ﺐ
27139,ﺐ
27140,ﺐ
27141,ﺐ
27142,ﺐ
27143,ﺐ
27144,ﺐ
27145,ﺐ
27146,ﺐ
27147,ﺐ
27148,ﺐ
27149,ﺐ
27150,ﺐ
27151,ﺐ
27152,ﺐ
27153,ﺐ
27154,ﺐ
27155,ﺐ
27156,ﺐ
27157,ﺐ
27158,ﺐ
27159,ﺐ
27160,ﺐ
27161,ﺐ
27162,ﺐ
27163,ﺐ
27164,ﺐ
27165,ﺐ
27166,ﺐ
27167,ﺐ
27168,ﺐ
27169,ﺐ
27170,ﺐ
27171,ﺐ
27172,ﺐ
27173,ﺐ
27174,ﺐ
27175,ﺐ
27176,ﺐ
27177,ﺐ
27178,ﺐ
27179,ﺐ
27180,ﺐ
27181,ﺐ
27182,ﺐ
27183,ﺐ
27184,ﺐ
27185,ﺐ
27186,ﺐ
27187,ﺐ
27188,ﺐ
27189,ﺐ
27190,ﺐ
27191,ﺐ
27192,ﺐ
27193,ﺐ
27194,ﺐ
27195,ﺐ
27196,ﺐ
27197,ﺐ
27198,ﺐ
27199,ﺐ
27200,ﺐ
27201,ﺐ
27202,ﺐ
27203,ﺐ
27204,ﺐ
27205,ﺐ
27206,ﺐ
27207,ﺐ
27208,ﺐ
27209,ﺐ
27210,ﺐ
27211,ﺐ
27212,ﺐ
27213,ﺐ
27214,ﺐ
27215,ﺐ
27216,ﺑ
27217,ﺑ
27218,ﺑ
27219,ﺑ
27220,ﺑ
27221,ﺑ
27222,ﺑ
27223,ﺑ
27224,ﺑ
27225,ﺑ
27226,ﺑ
27227,ﺑ
27228,ﺑ
27229,ﺑ
27230,ﺑ
27231,ﺑ
27232,ﺑ
27233,ﺑ
27234,ﺑ
27235,ﺑ
27236,ﺑ
27237,ﺑ
27238,ﺑ
27239,ﺑ
27240,ﺑ
27241,ﺑ
27242,ﺑ
27243,ﺑ
27244,ﺑ
27245,ﺑ
27246,ﺑ
27247,ﺑ
27248,ﺑ
27249,ﺑ
27250,ﺑ
27251,ﺑ
27252,ﺑ
27253,ﺑ
27254,ﺑ
27255,ﺑ
27256,ﺑ
27257,ﺑ
27258,ﺑ
27259,ﺑ
27260,ﺑ
27261,ﺑ
27262,ﺑ
27263,ﺑ
27264,ﺑ
27265,ﺑ
27266,ﺑ
27267,ﺑ
27268,ﺑ
27269,ﺑ
27270,ﺑ
27271,ﺑ
27272,ﺑ
27273,ﺑ
27274,ﺑ
27275,ﺑ
27276,ﺑ
27277,ﺑ
27278,ﺑ
27279,ﺑ
27280,ﺑ
27281,ﺑ
27282,ﺑ
27283,ﺑ
27284,ﺑ
27285,ﺑ
27286,ﺑ
27287,ﺑ
27288,ﺑ
27289,ﺑ
27290,ﺑ
27291,ﺑ
27292,ﺑ
27293,ﺑ
27294,ﺑ
27295,ﺑ
27296,ﺑ
27297,ﺑ
27298,ﺑ
27299,ﺑ
27300,ﺑ
27301,ﺑ
27302,ﺑ
27303,ﺑ
27304,ﺑ
27305,ﺑ
27306,ﺑ
27307,ﺑ
27308,ﺑ
27309,ﺑ
27310,ﺑ
27311,ﺑ
27312,ﺑ
27313,ﺑ
27314,ﺑ
27315,ﺑ
27316,ﺑ
27317,ﺑ
27318,ﺑ
27319,ﺑ
27320,ﺑ
27321,ﺑ
27322,ﺑ
27323,ﺑ
27324,ﺑ
27325,ﺑ
27326,ﺑ
27327,ﺑ
27328,ﺖ
27329,ﺖ
27330,ﺖ
27331,ﺖ
27332,ﺖ
27333,ﺖ
27334,ﺖ
27335,ﺖ
27336,ﺖ
27337,ﺖ
27338,ﺖ
27339,ﺖ
27340,ﺖ
27341,ﺖ
27342,ﺖ
27343,ﺖ
27344,ﺖ
27345,ﺖ
27346,ﺖ
27347,ﺖ
27348,ﺖ
27349,ﺖ
27350,ﺖ
27351,ﺖ
27352,ﺖ
27353,ﺖ
27354,ﺖ
27355,ﺖ
27356,ﺖ
27357,ﺖ
27358,ﺖ
27359,ﺖ
27360,ﺖ
27361,ﺖ
27362,ﺖ
27363,ﺖ
27364,ﺖ
27365,ﺖ
27366,ﺖ
27367,ﺖ
27368,ﺖ
27369,ﺖ
27370,ﺖ
27371,ﺖ
27372,ﺖ
27373,ﺖ
27374,ﺖ
27375,ﺖ
27376,ﺖ
27377,ﺖ
27378,ﺖ
27379,ﺖ
27380,ﺖ
27381,ﺖ
27382,ﺖ
27383,ﺖ
27384,ﺖ
27385,ﺖ
27386,ﺖ
27387,ﺖ
27388,ﺖ
27389,ﺖ
27390,ﺖ
27391,ﺖ
27392,ﺖ
27393,ﺖ
27394,ﺖ
27395,ﺖ
27396,ﺖ
27397,ﺖ
27398,ﺖ
27399,ﺖ
27400,ﺖ
27401,ﺖ
27402,ﺖ
27403,ﺖ
27404,ﺖ
27405,ﺖ
27406,ﺖ
27407,ﺖ
27408,ﺖ
27409,ﺖ
27410,ﺖ
27411,ﺖ
27412,ﺖ
27413,ﺖ
27414,ﺖ
27415,ﺖ
27416,ﺖ
27417,ﺖ
27418,ﺖ
27419,ﺖ
27420,ﺖ
27421,ﺖ
27422,ﺖ
27423,ﺖ
27424,ﺖ
27425,ﺖ
27426,ﺖ
27427,ﺖ
27428,ﺖ
27429,ﺖ
27430,ﺖ
27431,ﺖ
27432,ﺖ
27433,ﺖ
27434,ﺖ
27435,ﺖ
27436,ﺖ
27437,ﺖ
27438,ﺖ
27439,ﺖ
27440,ﺗ
27441,ﺗ
27442,ﺗ
27443,ﺗ
27444,ﺗ
27445,ﺗ
27446,ﺗ
27447,ﺗ
27448,ﺗ
27449,ﺗ
27450,ﺗ
27451,ﺗ
27452,ﺗ
27453,ﺗ
27454,ﺗ
27455,ﺗ
27456,ﺗ
27457,ﺗ
27458,ﺗ
27459,ﺗ
27460,ﺗ
27461,ﺗ
27462,ﺗ
27463,ﺗ
27464,ﺗ
27465,ﺗ
27466,ﺗ
27467,ﺗ
27468,ﺗ
27469,ﺗ
27470,ﺗ
27471,ﺗ
27472,ﺗ
27473,ﺗ
27474,ﺗ
27475,ﺗ
27476,ﺗ
27477,ﺗ
27478,ﺗ
27479,ﺗ
27480,ﺗ
27481,ﺗ
27482,ﺗ
27483,ﺗ
27484,ﺗ
27485,ﺗ
27486,ﺗ
27487,ﺗ
27488,ﺗ
27489,ﺗ
27490,ﺗ
27491,ﺗ
27492,ﺗ
27493,ﺗ
27494,ﺗ
27495,ﺗ
27496,ﺗ
27497,ﺗ
27498,ﺗ
27499,ﺗ
27500,ﺗ
27501,ﺗ
27502,ﺗ
27503,ﺗ
27504,ﺗ
27505,ﺗ
27506,ﺗ
27507,ﺗ
27508,ﺗ
27509,ﺗ
27510,ﺗ
27511,ﺗ
27512,ﺗ
27513,ﺗ
27514,ﺗ
27515,ﺗ
27516,ﺗ
27517,ﺗ
27518,ﺗ
27519,ﺗ
27520,ﺗ
27521,ﺗ
27522,ﺗ
27523,ﺗ
27524,ﺗ
27525,ﺗ
27526,ﺗ
27527,ﺗ
27528,ﺗ
27529,ﺗ
27530,ﺗ
27531,ﺗ
27532,ﺗ
27533,ﺗ
27534,ﺗ
27535,ﺗ
27536,ﺗ
27537,ﺗ
27538,ﺗ
27539,ﺗ
27540,ﺗ
27541,ﺗ
27542,ﺗ
27543,ﺗ
27544,ﺗ
27545,ﺗ
27546,ﺗ
27547,ﺗ
27548,ﺗ
27549,ﺗ
27550,ﺗ
27551,ﺗ
27552,ﺚ
27553,ﺚ
27554,ﺚ
27555,ﺚ
27556,ﺚ
27557,ﺚ
27558,ﺚ
27559,ﺚ
27560,ﺚ
27561,ﺚ
27562,ﺚ
27563,ﺚ
27564,ﺚ
27565,ﺚ
27566,ﺚ
27567,ﺚ
27568,ﺚ
27569,ﺚ
27570,ﺚ
27571,ﺚ
27572,ﺚ
27573,ﺚ
27574,ﺚ
27575,ﺚ
27576,ﺚ
27577,ﺚ
27578,ﺚ
27579,ﺚ
27580,ﺚ
27581,ﺚ
27582,ﺚ
27583,ﺚ
27584,ﺚ
27585,ﺚ
27586,ﺚ
27587,ﺚ
27588,ﺚ
27589,ﺚ
27590,ﺚ
27591,ﺚ
27592,ﺚ
27593,ﺚ
27594,ﺚ
27595,ﺚ
27596,ﺚ
27597,ﺚ
27598,ﺚ
27599,ﺚ
27600,ﺚ
27601,ﺚ
27602,ﺚ
27603,ﺚ
27604,ﺚ
27605,ﺚ
27606,ﺚ
27607,ﺚ
27608,ﺚ
27609,ﺚ
27610,ﺚ
27611,ﺚ
27612,ﺚ
27613,ﺚ
27614,ﺚ
27615,ﺚ
27616,ﺚ
27617,ﺚ
27618,ﺚ
27619,ﺚ
27620,ﺚ
27621,ﺚ
27622,ﺚ
27623,ﺚ
27624,ﺚ
27625,ﺚ
27626,ﺚ
27627,ﺚ
27628,ﺚ
27629,ﺚ
27630,ﺚ
27631,ﺚ
27632,ﺚ
27633,ﺚ
27634,ﺚ
27635,ﺚ
27636,ﺚ
27637,ﺚ
27638,ﺚ
27639,ﺚ
27640,ﺚ
27641,ﺚ
27642,ﺚ
27643,ﺚ
27644,ﺚ
27645,ﺚ
27646,ﺚ
27647,ﺚ
27648,ﺚ
27649,ﺚ
27650,ﺚ
27651,ﺚ
27652,ﺚ
27653,ﺚ
27654,ﺚ
27655,ﺚ
27656,ﺚ
27657,ﺚ
27658,ﺚ
27659,ﺚ
27660,ﺚ
27661,ﺚ
27662,ﺚ
27663,ﺚ
27664,ﺛ
27665,ﺛ
27666,ﺛ
27667,ﺛ
27668,ﺛ
27669,ﺛ
27670,ﺛ
27671,ﺛ
27672,ﺛ
27673,ﺛ
27674,ﺛ
27675,ﺛ
27676,ﺛ
27677,ﺛ
27678,ﺛ
27679,ﺛ
27680,ﺛ
27681,ﺛ
27682,ﺛ
27683,ﺛ
27684,ﺛ
27685,ﺛ
27686,ﺛ
27687,ﺛ
27688,ﺛ
27689,ﺛ
27690,ﺛ
27691,ﺛ
27692,ﺛ
27693,ﺛ
27694,ﺛ
27695,ﺛ
27696,ﺛ
27697,ﺛ
27698,ﺛ
27699,ﺛ
27700,ﺛ
27701,ﺛ
27702,ﺛ
27703,ﺛ
27704,ﺛ
27705,ﺛ
27706,ﺛ
27707,ﺛ
27708,ﺛ
27709,ﺛ
27710,ﺛ
27711,ﺛ
27712,ﺛ
27713,ﺛ
27714,ﺛ
27715,ﺛ
27716,ﺛ
27717,ﺛ
27718,ﺛ
27719,ﺛ
27720,ﺛ
27721,ﺛ
27722,ﺛ
27723,ﺛ
27724,ﺛ
27725,ﺛ
27726,ﺛ
27727,ﺛ
27728,ﺛ
27729,ﺛ
27730,ﺛ
27731,ﺛ
27732,ﺛ
27733,ﺛ
27734,ﺛ
27735,ﺛ
27736,ﺛ
27737,ﺛ
27738,ﺛ
27739,ﺛ
27740,ﺛ
27741,ﺛ
27742,ﺛ
27743,ﺛ
27744,ﺛ
27745,ﺛ
27746,ﺛ
27747,ﺛ
27748,ﺛ
27749,ﺛ
27750,ﺛ
27751,ﺛ
27752,ﺛ
27753,ﺛ
27754,ﺛ
27755,ﺛ
27756,ﺛ
27757,ﺛ
27758,ﺛ
27759,ﺛ
27760,ﺛ
27761,ﺛ
27762,ﺛ
27763,ﺛ
27764,ﺛ
27765,ﺛ
27766,ﺛ
27767,ﺛ
27768,ﺛ
27769,ﺛ
27770,ﺛ
27771,ﺛ
27772,ﺛ
27773,ﺛ
27774,ﺛ
27775,ﺛ
27776,ﺞ
27777,ﺞ
27778,ﺞ
27779,ﺞ
27780,ﺞ
27781,ﺞ
27782,ﺞ
27783,ﺞ
27784,ﺞ
27785,ﺞ
27786,ﺞ
27787,ﺞ
27788,ﺞ
27789,ﺞ
27790,ﺞ
27791,ﺞ
27792,ﺞ
27793,ﺞ
27794,ﺞ
27795,ﺞ
27796,ﺞ
27797,ﺞ
27798,ﺞ
27799,ﺞ
27800,ﺞ
27801,ﺞ
27802,ﺞ
27803,ﺞ
27804,ﺞ
27805,ﺞ
27806,ﺞ
27807,ﺞ
27808,ﺞ
27809,ﺞ
27810,ﺞ
27811,ﺞ
27812,ﺞ
27813,ﺞ
27814,ﺞ
27815,ﺞ
27816,ﺞ
27817,ﺞ
27818,ﺞ
27819,ﺞ
27820,ﺞ
27821,ﺞ
27822,ﺞ
27823,ﺞ
27824,ﺞ
27825,ﺞ
27826,ﺞ
27827,ﺞ
27828,ﺞ
27829,ﺞ
27830,ﺞ
27831,ﺞ
27832,ﺞ
27833,ﺞ
27834,ﺞ
27835,ﺞ
27836,ﺞ
27837,ﺞ
27838,ﺞ
27839,ﺞ
27840,ﺞ
27841,ﺞ
27842,ﺞ
27843,ﺞ
27844,ﺞ
27845,ﺞ
27846,ﺞ
27847,ﺞ
27848,ﺞ
27849,ﺞ
27850,ﺞ
27851,ﺞ
27852,ﺞ
27853,ﺞ
27854,ﺞ
27855,ﺞ
27856,ﺞ
27857,ﺞ
27858,ﺞ
27859,ﺞ
27860,ﺞ
27861,ﺞ
27862,ﺞ
27863,ﺞ
27864,ﺞ
27865,ﺞ
27866,ﺞ
27867,ﺞ
27868,ﺞ
27869,ﺞ
27870,ﺞ
27871,ﺞ
27872,ﺞ
27873,ﺞ
27874,ﺞ
27875,ﺞ
27876,ﺞ
27877,ﺞ
27878,ﺞ
27879,ﺞ
27880,ﺞ
27881,ﺞ
27882,ﺞ
27883,ﺞ
27884,ﺞ
27885,ﺞ
27886,ﺞ
27887,ﺞ
27888,ﺟ
27889,ﺟ
27890,ﺟ
27891,ﺟ
27892,ﺟ
27893,ﺟ
27894,ﺟ
27895,ﺟ
27896,ﺟ
27897,ﺟ
27898,ﺟ
27899,ﺟ
27900,ﺟ
27901,ﺟ
27902,ﺟ
27903,ﺟ
27904,ﺟ
27905,ﺟ
27906,ﺟ
27907,ﺟ
27908,ﺟ
27909,ﺟ
27910,ﺟ
27911,ﺟ
27912,ﺟ
27913,ﺟ
27914,ﺟ
27915,ﺟ
27916,ﺟ
27917,ﺟ
27918,ﺟ
27919,ﺟ
27920,ﺟ
27921,ﺟ
27922,ﺟ
27923,ﺟ
27924,ﺟ
27925,ﺟ
27926,ﺟ
27927,ﺟ
27928,ﺟ
27929,ﺟ
27930,ﺟ
27931,ﺟ
27932,ﺟ
27933,ﺟ
27934,ﺟ
27935,ﺟ
27936,ﺟ
27937,ﺟ
27938,ﺟ
27939,ﺟ
27940,ﺟ
27941,ﺟ
27942,ﺟ
27943,ﺟ
27944,ﺟ
27945,ﺟ
27946,ﺟ
27947,ﺟ
27948,ﺟ
27949,ﺟ
27950,ﺟ
27951,ﺟ
27952,ﺟ
27953,ﺟ
27954,ﺟ
27955,ﺟ
27956,ﺟ
27957,ﺟ
27958,ﺟ
27959,ﺟ
27960,ﺟ
27961,ﺟ
27962,ﺟ
27963,ﺟ
27964,ﺟ
27965,ﺟ
27966,ﺟ
27967,ﺟ
27968,ﺟ
27969,ﺟ
27970,ﺟ
27971,ﺟ
27972,ﺟ
27973,ﺟ
27974,ﺟ
27975,ﺟ
27976,ﺟ
27977,ﺟ
27978,ﺟ
27979,ﺟ
27980,ﺟ
27981,ﺟ
27982,ﺟ
27983,ﺟ
27984,ﺟ
27985,ﺟ
27986,ﺟ
27987,ﺟ
27988,ﺟ
27989,ﺟ
27990,ﺟ
27991,ﺟ
27992,ﺟ
27993,ﺟ
27994,ﺟ
27995,ﺟ
27996,ﺟ
27997,ﺟ
27998,ﺟ
27999,ﺟ
28000,ﺢ
28001,ﺢ
28002,ﺢ
28003,ﺢ
28004,ﺢ
28005,ﺢ
28006,ﺢ
28007,ﺢ
28008,ﺢ
28009,ﺢ
28010,ﺢ
28011,ﺢ
28012,ﺢ
28013,ﺢ
28014,ﺢ
28015,ﺢ
28016,ﺢ
28017,ﺢ
28018,ﺢ
28019,ﺢ
28020,ﺢ
28021,ﺢ
28022,ﺢ
28023,ﺢ
28024,ﺢ
28025,ﺢ
28026,ﺢ
28027,ﺢ
28028,ﺢ
28029,ﺢ
28030,ﺢ
28031,ﺢ
28032,ﺢ
28033,ﺢ
28034,ﺢ
28035,ﺢ
28036,ﺢ
28037,ﺢ
28038,ﺢ
28039,ﺢ
28040,ﺢ
28041,ﺢ
28042,ﺢ
28043,ﺢ
28044,ﺢ
28045,ﺢ
28046,ﺢ
28047,ﺢ
28048,ﺢ
28049,ﺢ
28050,ﺢ
28051,ﺢ
28052,ﺢ
28053,ﺢ
28054,ﺢ
28055,ﺢ
28056,ﺢ
28057,ﺢ
28058,ﺢ
28059,ﺢ
28060,ﺢ
28061,ﺢ
28062,ﺢ
28063,ﺢ
28064,ﺢ
28065,ﺢ
28066,ﺢ
28067,ﺢ
28068,ﺢ
28069,ﺢ
28070,ﺢ
28071,ﺢ
28072,ﺢ
28073,ﺢ
28074,ﺢ
28075,ﺢ
28076,ﺢ
28077,ﺢ
28078,ﺢ
28079,ﺢ
28080,ﺢ
28081,ﺢ
28082,ﺢ
28083,ﺢ
28084,ﺢ
28085,ﺢ
28086,ﺢ
28087,ﺢ
28088,ﺢ
28089,ﺢ
28090,ﺢ
28091,ﺢ
28092,ﺢ
28093,ﺢ
28094,ﺢ
28095,ﺢ
28096,ﺢ
28097,ﺢ
28098,ﺢ
28099,ﺢ
28100,ﺢ
28101,ﺢ
28102,ﺢ
28103,ﺢ
28104,ﺢ
28105,ﺢ
28106,ﺢ
28107,ﺢ
28108,ﺢ
28109,ﺢ
28110,ﺢ
28111,ﺢ
28112,ﺣ
28113,ﺣ
28114,ﺣ
28115,ﺣ
28116,ﺣ
28117,ﺣ
28118,ﺣ
28119,ﺣ
28120,ﺣ
28121,ﺣ
28122,ﺣ
28123,ﺣ
28124,ﺣ
28125,ﺣ
28126,ﺣ
28127,ﺣ
28128,ﺣ
28129,ﺣ
28130,ﺣ
28131,ﺣ
28132,ﺣ
28133,ﺣ
28134,ﺣ
28135,ﺣ
28136,ﺣ
28137,ﺣ
28138,ﺣ
28139,ﺣ
28140,ﺣ
28141,ﺣ
28142,ﺣ
28143,ﺣ
28144,ﺣ
28145,ﺣ
28146,ﺣ
28147,ﺣ
28148,ﺣ
28149,ﺣ
28150,ﺣ
28151,ﺣ
28152,ﺣ
28153,ﺣ
28154,ﺣ
28155,ﺣ
28156,ﺣ
28157,ﺣ
28158,ﺣ
28159,ﺣ
28160,ﺣ
28161,ﺣ
28162,ﺣ
28163,ﺣ
28164,ﺣ
28165,ﺣ
28166,ﺣ
28167,ﺣ
28168,ﺣ
28169,ﺣ
28170,ﺣ
28171,ﺣ
28172,ﺣ
28173,ﺣ
28174,ﺣ
28175,ﺣ
28176,ﺣ
28177,ﺣ
28178,ﺣ
28179,ﺣ
28180,ﺣ
28181,ﺣ
28182,ﺣ
28183,ﺣ
28184,ﺣ
28185,ﺣ
28186,ﺣ
28187,ﺣ
28188,ﺣ
28189,ﺣ
28190,ﺣ
28191,ﺣ
28192,ﺣ
28193,ﺣ
28194,ﺣ
28195,ﺣ
28196,ﺣ
28197,ﺣ
28198,ﺣ
28199,ﺣ
28200,ﺣ
28201,ﺣ
28202,ﺣ
28203,ﺣ
28204,ﺣ
28205,ﺣ
28206,ﺣ
28207,ﺣ
28208,ﺣ
28209,ﺣ
28210,ﺣ
28211,ﺣ
28212,ﺣ
28213,ﺣ
28214,ﺣ
28215,ﺣ
28216,ﺣ
28217,ﺣ
28218,ﺣ
28219,ﺣ
28220,ﺣ
28221,ﺣ
28222,ﺣ
28223,ﺣ
28224,ﺦ
28225,ﺦ
28226,ﺦ
28227,ﺦ
28228,ﺦ
28229,ﺦ
28230,ﺦ
28231,ﺦ
28232,ﺦ
28233,ﺦ
28234,ﺦ
28235,ﺦ
28236,ﺦ
28237,ﺦ
28238,ﺦ
28239,ﺦ
28240,ﺦ
28241,ﺦ
28242,ﺦ
28243,ﺦ
28244,ﺦ
28245,ﺦ
28246,ﺦ
28247,ﺦ
28248,ﺦ
28249,ﺦ
28250,ﺦ
28251,ﺦ
28252,ﺦ
28253,ﺦ
28254,ﺦ
28255,ﺦ
28256,ﺦ
28257,ﺦ
28258,ﺦ
28259,ﺦ
28260,ﺦ
28261,ﺦ
28262,ﺦ
28263,ﺦ
28264,ﺦ
28265,ﺦ
28266,ﺦ
28267,ﺦ
28268,ﺦ
28269,ﺦ
28270,ﺦ
28271,ﺦ
28272,ﺦ
28273,ﺦ
28274,ﺦ
28275,ﺦ
28276,ﺦ
28277,ﺦ
28278,ﺦ
28279,ﺦ
28280,ﺦ
28281,ﺦ
28282,ﺦ
28283,ﺦ
28284,ﺦ
28285,ﺦ
28286,ﺦ
28287,ﺦ
28288,ﺦ
28289,ﺦ
28290,ﺦ
28291,ﺦ
28292,ﺦ
28293,ﺦ
28294,ﺦ
28295,ﺦ
28296,ﺦ
28297,ﺦ
28298,ﺦ
28299,ﺦ
28300,ﺦ
28301,ﺦ
28302,ﺦ
28303,ﺦ
28304,ﺦ
28305,ﺦ
28306,ﺦ
28307,ﺦ
28308,ﺦ
28309,ﺦ
28310,ﺦ
28311,ﺦ
28312,ﺦ
28313,ﺦ
28314,ﺦ
28315,ﺦ
28316,ﺦ
28317,ﺦ
28318,ﺦ
28319,ﺦ
28320,ﺦ
28321,ﺦ
28322,ﺦ
28323,ﺦ
28324,ﺦ
28325,ﺦ
28326,ﺦ
28327,ﺦ
28328,ﺦ
28329,ﺦ
28330,ﺦ
28331,ﺦ
28332,ﺦ
28333,ﺦ
28334,ﺦ
28335,ﺦ
28336,ﺧ
28337,ﺧ
28338,ﺧ
28339,ﺧ
28340,ﺧ
28341,ﺧ
28342,ﺧ
28343,ﺧ
28344,ﺧ
28345,ﺧ
28346,ﺧ
28347,ﺧ
28348,ﺧ
28349,ﺧ
28350,ﺧ
28351,ﺧ
28352,ﺧ
28353,ﺧ
28354,ﺧ
28355,ﺧ
28356,ﺧ
28357,ﺧ
28358,ﺧ
28359,ﺧ
28360,ﺧ
28361,ﺧ
28362,ﺧ
28363,ﺧ
28364,ﺧ
28365,ﺧ
28366,ﺧ
28367,ﺧ
28368,ﺧ
28369,ﺧ
28370,ﺧ
28371,ﺧ
28372,ﺧ
28373,ﺧ
28374,ﺧ
28375,ﺧ
28376,ﺧ
28377,ﺧ
28378,ﺧ
28379,ﺧ
28380,ﺧ
28381,ﺧ
28382,ﺧ
28383,ﺧ
28384,ﺧ
28385,ﺧ
28386,ﺧ
28387,ﺧ
28388,ﺧ
28389,ﺧ
28390,ﺧ
28391,ﺧ
28392,ﺧ
28393,ﺧ
28394,ﺧ
28395,ﺧ
28396,ﺧ
28397,ﺧ
28398,ﺧ
28399,ﺧ
28400,ﺧ
28401,ﺧ
28402,ﺧ
28403,ﺧ
28404,ﺧ
28405,ﺧ
28406,ﺧ
28407,ﺧ
28408,ﺧ
28409,ﺧ
28410,ﺧ
28411,ﺧ
28412,ﺧ
28413,ﺧ
28414,ﺧ
28415,ﺧ
28416,ﺧ
28417,ﺧ
28418,ﺧ
28419,ﺧ
28420,ﺧ
28421,ﺧ
28422,ﺧ
28423,ﺧ
28424,ﺧ
28425,ﺧ
28426,ﺧ
28427,ﺧ
28428,ﺧ
28429,ﺧ
28430,ﺧ
28431,ﺧ
28432,ﺧ
28433,ﺧ
28434,ﺧ
28435,ﺧ
28436,ﺧ
28437,ﺧ
28438,ﺧ
28439,ﺧ
28440,ﺧ
28441,ﺧ
28442,ﺧ
28443,ﺧ
28444,ﺧ
28445,ﺧ
28446,ﺧ
28447,ﺧ
28448,ﺪ
28449,ﺪ
28450,ﺪ
28451,ﺪ
28452,ﺪ
28453,ﺪ
28454,ﺪ
28455,ﺪ
28456,ﺪ
28457,ﺪ
28458,ﺪ
28459,ﺪ
28460,ﺪ
28461,ﺪ
28462,ﺪ
28463,ﺪ
28464,ﺪ
28465,ﺪ
28466,ﺪ
28467,ﺪ
28468,ﺪ
28469,ﺪ
28470,ﺪ
28471,ﺪ
28472,ﺪ
28473,ﺪ
28474,ﺪ
28475,ﺪ
28476,ﺪ
28477,ﺪ
28478,ﺪ
28479,ﺪ
28480,ﺪ
28481,ﺪ
28482,ﺪ
28483,ﺪ
28484,ﺪ
28485,ﺪ
28486,ﺪ
28487,ﺪ
28488,ﺪ
28489,ﺪ
28490,ﺪ
28491,ﺪ
28492,ﺪ
28493,ﺪ
28494,ﺪ
28495,ﺪ
28496,ﺪ
28497,ﺪ
28498,ﺪ
28499,ﺪ
28500,ﺪ
28501,ﺪ
28502,ﺪ
28503,ﺪ
28504,ﺪ
28505,ﺪ
28506,ﺪ
28507,ﺪ
28508,ﺪ
28509,ﺪ
28510,ﺪ
28511,ﺪ
28512,ﺪ
28513,ﺪ
28514,ﺪ
28515,ﺪ
28516,ﺪ
28517,ﺪ
28518,ﺪ
28519,ﺪ
28520,ﺪ
28521,ﺪ
28522,ﺪ
28523,ﺪ
28524,ﺪ
28525,ﺪ
28526,ﺪ
28527,ﺪ
28528,ﺪ
28529,ﺪ
28530,ﺪ
28531,ﺪ
28532,ﺪ
28533,ﺪ
28534,ﺪ
28535,ﺪ
28536,ﺪ
28537,ﺪ
28538,ﺪ
28539,ﺪ
28540,ﺪ
28541,ﺪ
28542,ﺪ
28543,ﺪ
28544,ﺪ
28545,ﺪ
28546,ﺪ
28547,ﺪ
28548,ﺪ
28549,ﺪ
28550,ﺪ
28551,ﺪ
28552,ﺪ
28553,ﺪ
28554,ﺪ
28555,ﺪ
28556,ﺪ
28557,ﺪ
28558,ﺪ
28559,ﺪ
28560,ﺬ
28561,ﺬ
28562,ﺬ
28563,ﺬ
28564,ﺬ
28565,ﺬ
28566,ﺬ
28567,ﺬ
28568,ﺬ
28569,ﺬ
28570,ﺬ
28571,ﺬ
28572,ﺬ
28573,ﺬ
28574,ﺬ
28575,ﺬ
28576,ﺬ
28577,ﺬ
28578,ﺬ
28579,ﺬ
28580,ﺬ
28581,ﺬ
28582,ﺬ
28583,ﺬ
28584,ﺬ
28585,ﺬ
28586,ﺬ
28587,ﺬ
28588,ﺬ
28589,ﺬ
28590,ﺬ
28591,ﺬ
28592,ﺬ
28593,ﺬ
28594,ﺬ
28595,ﺬ
28596,ﺬ
28597,ﺬ
28598,ﺬ
28599,ﺬ
28600,ﺬ
28601,ﺬ
28602,ﺬ
28603,ﺬ
28604,ﺬ
28605,ﺬ
28606,ﺬ
28607,ﺬ
28608,ﺬ
28609,ﺬ
28610,ﺬ
28611,ﺬ
28612,ﺬ
28613,ﺬ
28614,ﺬ
28615,ﺬ
28616,ﺬ
28617,ﺬ
28618,ﺬ
28619,ﺬ
28620,ﺬ
28621,ﺬ
28622,ﺬ
28623,ﺬ
28624,ﺬ
28625,ﺬ
28626,ﺬ
28627,ﺬ
28628,ﺬ
28629,ﺬ
28630,ﺬ
28631,ﺬ
28632,ﺬ
28633,ﺬ
28634,ﺬ
28635,ﺬ
28636,ﺬ
28637,ﺬ
28638,ﺬ
28639,ﺬ
28640,ﺬ
28641,ﺬ
28642,ﺬ
28643,ﺬ
28644,ﺬ
28645,ﺬ
28646,ﺬ
28647,ﺬ
28648,ﺬ
28649,ﺬ
28650,ﺬ
28651,ﺬ
28652,ﺬ
28653,ﺬ
28654,ﺬ
28655,ﺬ
28656,ﺬ
28657,ﺬ
28658,ﺬ
28659,ﺬ
28660,ﺬ
28661,ﺬ
28662,ﺬ
28663,ﺬ
28664,ﺬ
28665,ﺬ
28666,ﺬ
28667,ﺬ
28668,ﺬ
28669,ﺬ
28670,ﺬ
28671,ﺬ
28672,ﺮ
28673,ﺮ
28674,ﺮ
28675,ﺮ
28676,ﺮ
28677,ﺮ
28678,ﺮ
28679,ﺮ
28680,ﺮ
28681,ﺮ
28682,ﺮ
28683,ﺮ
28684,ﺮ
28685,ﺮ
28686,ﺮ
28687,ﺮ
28688,ﺮ
28689,ﺮ
28690,ﺮ
28691,ﺮ
28692,ﺮ
28693,ﺮ
28694,ﺮ
28695,ﺮ
28696,ﺮ
28697,ﺮ
28698,ﺮ
28699,ﺮ
28700,ﺮ
28701,ﺮ
28702,ﺮ
28703,ﺮ
28704,ﺮ
28705,ﺮ
28706,ﺮ
28707,ﺮ
28708,ﺮ
28709,ﺮ
28710,ﺮ
28711,ﺮ
28712,ﺮ
28713,ﺮ
28714,ﺮ
28715,ﺮ
28716,ﺮ
28717,ﺮ
28718,ﺮ
28719,ﺮ
28720,ﺮ
28721,ﺮ
28722,ﺮ
28723,ﺮ
28724,ﺮ
28725,ﺮ
28726,ﺮ
28727,ﺮ
28728,ﺮ
28729,ﺮ
28730,ﺮ
28731,ﺮ
28732,ﺮ
28733,ﺮ
28734,ﺮ
28735,ﺮ
28736,ﺮ
28737,ﺮ
28738,ﺮ
28739,ﺮ
28740,ﺮ
28741,ﺮ
28742,ﺮ
28743,ﺮ
28744,ﺮ
28745,ﺮ
28746,ﺮ
28747,ﺮ
28748,ﺮ
28749,ﺮ
28750,ﺮ
28751,ﺮ
28752,ﺮ
28753,ﺮ
28754,ﺮ
28755,ﺮ
28756,ﺮ
28757,ﺮ
28758,ﺮ
28759,ﺮ
28760,ﺮ
28761,ﺮ
28762,ﺮ
28763,ﺮ
28764,ﺮ
28765,ﺮ
28766,ﺮ
28767,ﺮ
28768,ﺮ
28769,ﺮ
28770,ﺮ
28771,ﺮ
28772,ﺮ
28773,ﺮ
28774,ﺮ
28775,ﺮ
28776,ﺮ
28777,ﺮ
28778,ﺮ
28779,ﺮ
28780,ﺮ
28781,ﺮ
28782,ﺮ
28783,ﺮ
28784,ﺰ
28785,ﺰ
28786,ﺰ
28787,ﺰ
28788,ﺰ
28789,ﺰ
28790,ﺰ
28791,ﺰ
28792,ﺰ
28793,ﺰ
28794,ﺰ
28795,ﺰ
28796,ﺰ
28797,ﺰ
28798,ﺰ
28799,ﺰ
28800,ﺰ
28801,ﺰ
28802,ﺰ
28803,ﺰ
28804,ﺰ
28805,ﺰ
28806,ﺰ
28807,ﺰ
28808,ﺰ
28809,ﺰ
28810,ﺰ
28811,ﺰ
28812,ﺰ
28813,ﺰ
28814,ﺰ
28815,ﺰ
28816,ﺰ
28817,ﺰ
28818,ﺰ
28819,ﺰ
28820,ﺰ
28821,ﺰ
28822,ﺰ
28823,ﺰ
28824,ﺰ
28825,ﺰ
28826,ﺰ
28827,ﺰ
28828,ﺰ
28829,ﺰ
28830,ﺰ
28831,ﺰ
28832,ﺰ
28833,ﺰ
28834,ﺰ
28835,ﺰ
28836,ﺰ
28837,ﺰ
28838,ﺰ
28839,ﺰ
28840,ﺰ
28841,ﺰ
28842,ﺰ
28843,ﺰ
28844,ﺰ
28845,ﺰ
28846,ﺰ
28847,ﺰ
28848,ﺰ
28849,ﺰ
28850,ﺰ
28851,ﺰ
28852,ﺰ
28853,ﺰ
28854,ﺰ
28855,ﺰ
28856,ﺰ
28857,ﺰ
28858,ﺰ
28859,ﺰ
28860,ﺰ
28861,ﺰ
28862,ﺰ
28863,ﺰ
28864,ﺰ
28865,ﺰ
28866,ﺰ
28867,ﺰ
28868,ﺰ
28869,ﺰ
28870,ﺰ
28871,ﺰ
28872,ﺰ
28873,ﺰ
28874,ﺰ
28875,ﺰ
28876,ﺰ
28877,ﺰ
28878,ﺰ
28879,ﺰ
28880,ﺰ
28881,ﺰ
28882,ﺰ
28883,ﺰ
28884,ﺰ
28885,ﺰ
28886,ﺰ
28887,ﺰ
28888,ﺰ
28889,ﺰ
28890,ﺰ
28891,ﺰ
28892,ﺰ
28893,ﺰ
28894,ﺰ
28895,ﺰ
28896,ﺲ
28897,ﺲ
28898,ﺲ
28899,ﺲ
28900,ﺲ
28901,ﺲ
28902,ﺲ
28903,ﺲ
28904,ﺲ
28905,ﺲ
28906,ﺲ
28907,ﺲ
28908,ﺲ
28909,ﺲ
28910,ﺲ
28911,ﺲ
28912,ﺲ
28913,ﺲ
28914,ﺲ
28915,ﺲ
28916,ﺲ
28917,ﺲ
28918,ﺲ
28919,ﺲ
28920,ﺲ
28921,ﺲ
28922,ﺲ
28923,ﺲ
28924,ﺲ
28925,ﺲ
28926,ﺲ
28927,ﺲ
28928,ﺲ
28929,ﺲ
28930,ﺲ
28931,ﺲ
28932,ﺲ
28933,ﺲ
28934,ﺲ
28935,ﺲ
28936,ﺲ
28937,ﺲ
28938,ﺲ
28939,ﺲ
28940,ﺲ
28941,ﺲ
28942,ﺲ
28943,ﺲ
28944,ﺲ
28945,ﺲ
28946,ﺲ
28947,ﺲ
28948,ﺲ
28949,ﺲ
28950,ﺲ
28951,ﺲ
28952,ﺲ
28953,ﺲ
28954,ﺲ
28955,ﺲ
28956,ﺲ
28957,ﺲ
28958,ﺲ
28959,ﺲ
28960,ﺲ
28961,ﺲ
28962,ﺲ
28963,ﺲ
28964,ﺲ
28965,ﺲ
28966,ﺲ
28967,ﺲ
28968,ﺲ
28969,ﺲ
28970,ﺲ
28971,ﺲ
28972,ﺲ
28973,ﺲ
28974,ﺲ
28975,ﺲ
28976,ﺲ
28977,ﺲ
28978,ﺲ
28979,ﺲ
28980,ﺲ
28981,ﺲ
28982,ﺲ
28983,ﺲ
28984,ﺲ
28985,ﺲ
28986,ﺲ
28987,ﺲ
28988,ﺲ
28989,ﺲ
28990,ﺲ
28991,ﺲ
28992,ﺲ
28993,ﺲ
28994,ﺲ
28995,ﺲ
28996,ﺲ
28997,ﺲ
28998,ﺲ
28999,ﺲ
29000,ﺲ
29001,ﺲ
29002,ﺲ
29003,ﺲ
29004,ﺲ
29005,ﺲ
29006,ﺲ
29007,ﺲ
29008,ﺳ
29009,ﺳ
29010,ﺳ
29011,ﺳ
29012,ﺳ
29013,ﺳ
29014,ﺳ
29015,ﺳ
29016,ﺳ
29017,ﺳ
29018,ﺳ
29019,ﺳ
29020,ﺳ
29021,ﺳ
29022,ﺳ
29023,ﺳ
29024,ﺳ
29025,ﺳ
29026,ﺳ
29027,ﺳ
29028,ﺳ
29029,ﺳ
29030,ﺳ
29031,ﺳ
29032,ﺳ
29033,ﺳ
29034,ﺳ
29035,ﺳ
29036,ﺳ
29037,ﺳ
29038,ﺳ
29039,ﺳ
29040,ﺳ
29041,ﺳ
29042,ﺳ
29043,ﺳ
29044,ﺳ
29045,ﺳ
29046,ﺳ
29047,ﺳ
29048,ﺳ
29049,ﺳ
29050,ﺳ
29051,ﺳ
29052,ﺳ
29053,ﺳ
29054,ﺳ
29055,ﺳ
29056,ﺳ
29057,ﺳ
29058,ﺳ
29059,ﺳ
29060,ﺳ
29061,ﺳ
29062,ﺳ
29063,ﺳ
29064,ﺳ
29065,ﺳ
29066,ﺳ
29067,ﺳ
29068,ﺳ
29069,ﺳ
29070,ﺳ
29071,ﺳ
29072,ﺳ
29073,ﺳ
29074,ﺳ
29075,ﺳ
29076,ﺳ
29077,ﺳ
29078,ﺳ
29079,ﺳ
29080,ﺳ
29081,ﺳ
29082,ﺳ
29083,ﺳ
29084,ﺳ
29085,ﺳ
29086,ﺳ
29087,ﺳ
29088,ﺳ
29089,ﺳ
29090,ﺳ
29091,ﺳ
29092,ﺳ
29093,ﺳ
29094,ﺳ
29095,ﺳ
29096,ﺳ
29097,ﺳ
29098,ﺳ
29099,ﺳ
29100,ﺳ
29101,ﺳ
29102,ﺳ
29103,ﺳ
29104,ﺳ
29105,ﺳ
29106,ﺳ
29107,ﺳ
29108,ﺳ
29109,ﺳ
29110,ﺳ
29111,ﺳ
29112,ﺳ
29113,ﺳ
29114,ﺳ
29115,ﺳ
29116,ﺳ
29117,ﺳ
29118,ﺳ
29119,ﺳ
29120,ﺶ
29121,ﺶ
29122,ﺶ
29123,ﺶ
29124,ﺶ
29125,ﺶ
29126,ﺶ
29127,ﺶ
29128,ﺶ
29129,ﺶ
29130,ﺶ
29131,ﺶ
29132,ﺶ
29133,ﺶ
29134,ﺶ
29135,ﺶ
29136,ﺶ
29137,ﺶ
29138,ﺶ
29139,ﺶ
29140,ﺶ
29141,ﺶ
29142,ﺶ
29143,ﺶ
29144,ﺶ
29145,ﺶ
29146,ﺶ
29147,ﺶ
29148,ﺶ
29149,ﺶ
29150,ﺶ
29151,ﺶ
29152,ﺶ
29153,ﺶ
29154,ﺶ
29155,ﺶ
29156,ﺶ
29157,ﺶ
29158,ﺶ
29159,ﺶ
29160,ﺶ
29161,ﺶ
29162,ﺶ
29163,ﺶ
29164,ﺶ
29165,ﺶ
29166,ﺶ
29167,ﺶ
29168,ﺶ
29169,ﺶ
29170,ﺶ
29171,ﺶ
29172,ﺶ
29173,ﺶ
29174,ﺶ
29175,ﺶ
29176,ﺶ
29177,ﺶ
29178,ﺶ
29179,ﺶ
29180,ﺶ
29181,ﺶ
29182,ﺶ
29183,ﺶ
29184,ﺶ
29185,ﺶ
29186,ﺶ
29187,ﺶ
29188,ﺶ
29189,ﺶ
29190,ﺶ
29191,ﺶ
29192,ﺶ
29193,ﺶ
29194,ﺶ
29195,ﺶ
29196,ﺶ
29197,ﺶ
29198,ﺶ
29199,ﺶ
29200,ﺶ
29201,ﺶ
29202,ﺶ
29203,ﺶ
29204,ﺶ
29205,ﺶ
29206,ﺶ
29207,ﺶ
29208,ﺶ
29209,ﺶ
29210,ﺶ
29211,ﺶ
29212,ﺶ
29213,ﺶ
29214,ﺶ
29215,ﺶ
29216,ﺶ
29217,ﺶ
29218,ﺶ
29219,ﺶ
29220,ﺶ
29221,ﺶ
29222,ﺶ
29223,ﺶ
29224,ﺶ
29225,ﺶ
29226,ﺶ
29227,ﺶ
29228,ﺶ
29229,ﺶ
29230,ﺶ
29231,ﺶ
29232,ﺷ
29233,ﺷ
29234,ﺷ
29235,ﺷ
29236,ﺷ
29237,ﺷ
29238,ﺷ
29239,ﺷ
29240,ﺷ
29241,ﺷ
29242,ﺷ
29243,ﺷ
29244,ﺷ
29245,ﺷ
29246,ﺷ
29247,ﺷ
29248,ﺷ
29249,ﺷ
29250,ﺷ
29251,ﺷ
29252,ﺷ
29253,ﺷ
29254,ﺷ
29255,ﺷ
29256,ﺷ
29257,ﺷ
29258,ﺷ
29259,ﺷ
29260,ﺷ
29261,ﺷ
29262,ﺷ
29263,ﺷ
29264,ﺷ
29265,ﺷ
29266,ﺷ
29267,ﺷ
29268,ﺷ
29269,ﺷ
29270,ﺷ
29271,ﺷ
29272,ﺷ
29273,ﺷ
29274,ﺷ
29275,ﺷ
29276,ﺷ
29277,ﺷ
29278,ﺷ
29279,ﺷ
29280,ﺷ
29281,ﺷ
29282,ﺷ
29283,ﺷ
29284,ﺷ
29285,ﺷ
29286,ﺷ
29287,ﺷ
29288,ﺷ
29289,ﺷ
29290,ﺷ
29291,ﺷ
29292,ﺷ
29293,ﺷ
29294,ﺷ
29295,ﺷ
29296,ﺷ
29297,ﺷ
29298,ﺷ
29299,ﺷ
29300,ﺷ
29301,ﺷ
29302,ﺷ
29303,ﺷ
29304,ﺷ
29305,ﺷ
29306,ﺷ
29307,ﺷ
29308,ﺷ
29309,ﺷ
29310,ﺷ
29311,ﺷ
29312,ﺷ
29313,ﺷ
29314,ﺷ
29315,ﺷ
29316,ﺷ
29317,ﺷ
29318,ﺷ
29319,ﺷ
29320,ﺷ
29321,ﺷ
29322,ﺷ
29323,ﺷ
29324,ﺷ
29325,ﺷ
29326,ﺷ
29327,ﺷ
29328,ﺷ
29329,ﺷ
29330,ﺷ
29331,ﺷ
29332,ﺷ
29333,ﺷ
29334,ﺷ
29335,ﺷ
29336,ﺷ
29337,ﺷ
29338,ﺷ
29339,ﺷ
29340,ﺷ
29341,ﺷ
29342,ﺷ
29343,ﺷ
29344,ﺺ
29345,ﺺ
29346,ﺺ
29347,ﺺ
29348,ﺺ
29349,ﺺ
29350,ﺺ
29351,ﺺ
29352,ﺺ
29353,ﺺ
29354,ﺺ
29355,ﺺ
29356,ﺺ
29357,ﺺ
29358,ﺺ
29359,ﺺ
29360,ﺺ
29361,ﺺ
29362,ﺺ
29363,ﺺ
29364,ﺺ
29365,ﺺ
29366,ﺺ
29367,ﺺ
29368,ﺺ
29369,ﺺ
29370,ﺺ
29371,ﺺ
29372,ﺺ
29373,ﺺ
29374,ﺺ
29375,ﺺ
29376,ﺺ
29377,ﺺ
29378,ﺺ
29379,ﺺ
29380,ﺺ
29381,ﺺ
29382,ﺺ
29383,ﺺ
29384,ﺺ
29385,ﺺ
29386,ﺺ
29387,ﺺ
29388,ﺺ
29389,ﺺ
29390,ﺺ
29391,ﺺ
29392,ﺺ
29393,ﺺ
29394,ﺺ
29395,ﺺ
29396,ﺺ
29397,ﺺ
29398,ﺺ
29399,ﺺ
29400,ﺺ
29401,ﺺ
29402,ﺺ
29403,ﺺ
29404,ﺺ
29405,ﺺ
29406,ﺺ
29407,ﺺ
29408,ﺺ
29409,ﺺ
29410,ﺺ
29411,ﺺ
29412,ﺺ
29413,ﺺ
29414,ﺺ
29415,ﺺ
29416,ﺺ
29417,ﺺ
29418,ﺺ
29419,ﺺ
29420,ﺺ
29421,ﺺ
29422,ﺺ
29423,ﺺ
29424,ﺺ
29425,ﺺ
29426,ﺺ
29427,ﺺ
29428,ﺺ
29429,ﺺ
29430,ﺺ
29431,ﺺ
29432,ﺺ
29433,ﺺ
29434,ﺺ
29435,ﺺ
29436,ﺺ
29437,ﺺ
29438,ﺺ
29439,ﺺ
29440,ﺺ
29441,ﺺ
29442,ﺺ
29443,ﺺ
29444,ﺺ
29445,ﺺ
29446,ﺺ
29447,ﺺ
29448,ﺺ
29449,ﺺ
29450,ﺺ
29451,ﺺ
29452,ﺺ
29453,ﺺ
29454,ﺺ
29455,ﺺ
29456,ﺻ
29457,ﺻ
29458,ﺻ
29459,ﺻ
29460,ﺻ
29461,ﺻ
29462,ﺻ
29463,ﺻ
29464,ﺻ
29465,ﺻ
29466,ﺻ
29467,ﺻ
29468,ﺻ
29469,ﺻ
29470,ﺻ
29471,ﺻ
29472,ﺻ
29473,ﺻ
29474,ﺻ
29475,ﺻ
29476,ﺻ
29477,ﺻ
29478,ﺻ
29479,ﺻ
29480,ﺻ
29481,ﺻ
29482,ﺻ
29483,ﺻ
29484,ﺻ
29485,ﺻ
29486,ﺻ
29487,ﺻ
29488,ﺻ
29489,ﺻ
29490,ﺻ
29491,ﺻ
29492,ﺻ
29493,ﺻ
29494,ﺻ
29495,ﺻ
29496,ﺻ
29497,ﺻ
29498,ﺻ
29499,ﺻ
29500,ﺻ
29501,ﺻ
29502,ﺻ
29503,ﺻ
29504,ﺻ
29505,ﺻ
29506,ﺻ
29507,ﺻ
29508,ﺻ
29509,ﺻ
29510,ﺻ
29511,ﺻ
29512,ﺻ
29513,ﺻ
29514,ﺻ
29515,ﺻ
29516,ﺻ
29517,ﺻ
29518,ﺻ
29519,ﺻ
29520,ﺻ
29521,ﺻ
29522,ﺻ
29523,ﺻ
29524,ﺻ
29525,ﺻ
29526,ﺻ
29527,ﺻ
29528,ﺻ
29529,ﺻ
29530,ﺻ
29531,ﺻ
29532,ﺻ
29533,ﺻ
29534,ﺻ
29535,ﺻ
29536,ﺻ
29537,ﺻ
29538,ﺻ
29539,ﺻ
29540,ﺻ
29541,ﺻ
29542,ﺻ
29543,ﺻ
29544,ﺻ
29545,ﺻ
29546,ﺻ
29547,ﺻ
29548,ﺻ
29549,ﺻ
29550,ﺻ
29551,ﺻ
29552,ﺻ
29553,ﺻ
29554,ﺻ
29555,ﺻ
29556,ﺻ
29557,ﺻ
29558,ﺻ
29559,ﺻ
29560,ﺻ
29561,ﺻ
29562,ﺻ
29563,ﺻ
29564,ﺻ
29565,ﺻ
29566,ﺻ
29567,ﺻ
29568,ﺾ
29569,ﺾ
29570,ﺾ
29571,ﺾ
29572,ﺾ
29573,ﺾ
29574,ﺾ
29575,ﺾ
29576,ﺾ
29577,ﺾ
29578,ﺾ
29579,ﺾ
29580,ﺾ
29581,ﺾ
29582,ﺾ
29583,ﺾ
29584,ﺾ
29585,ﺾ
29586,ﺾ
29587,ﺾ
29588,ﺾ
29589,ﺾ
29590,ﺾ
29591,ﺾ
29592,ﺾ
29593,ﺾ
29594,ﺾ
29595,ﺾ
29596,ﺾ
29597,ﺾ
29598,ﺾ
29599,ﺾ
29600,ﺾ
29601,ﺾ
29602,ﺾ
29603,ﺾ
29604,ﺾ
29605,ﺾ
29606,ﺾ
29607,ﺾ
29608,ﺾ
29609,ﺾ
29610,ﺾ
29611,ﺾ
29612,ﺾ
29613,ﺾ
29614,ﺾ
29615,ﺾ
29616,ﺾ
29617,ﺾ
29618,ﺾ
29619,ﺾ
29620,ﺾ
29621,ﺾ
29622,ﺾ
29623,ﺾ
29624,ﺾ
29625,ﺾ
29626,ﺾ
29627,ﺾ
29628,ﺾ
29629,ﺾ
29630,ﺾ
29631,ﺾ
29632,ﺾ
29633,ﺾ
29634,ﺾ
29635,ﺾ
29636,ﺾ
29637,ﺾ
29638,ﺾ
29639,ﺾ
29640,ﺾ
29641,ﺾ
29642,ﺾ
29643,ﺾ
29644,ﺾ
29645,ﺾ
29646,ﺾ
29647,ﺾ
29648,ﺾ
29649,ﺾ
29650,ﺾ
29651,ﺾ
29652,ﺾ
29653,ﺾ
29654,ﺾ
29655,ﺾ
29656,ﺾ
29657,ﺾ
29658,ﺾ
29659,ﺾ
29660,ﺾ
29661,ﺾ
29662,ﺾ
29663,ﺾ
29664,ﺾ
29665,ﺾ
29666,ﺾ
29667,ﺾ
29668,ﺾ
29669,ﺾ
29670,ﺾ
29671,ﺾ
29672,ﺾ
29673,ﺾ
29674,ﺾ
29675,ﺾ
29676,ﺾ
29677,ﺾ
29678,ﺾ
29679,ﺾ
29680,ﺿ
29681,ﺿ
29682,ﺿ
29683,ﺿ
29684,ﺿ
29685,ﺿ
29686,ﺿ
29687,ﺿ
29688,ﺿ
29689,ﺿ
29690,ﺿ
29691,ﺿ
29692,ﺿ
29693,ﺿ
29694,ﺿ
29695,ﺿ
29696,ﺿ
29697,ﺿ
29698,ﺿ
29699,ﺿ
29700,ﺿ
29701,ﺿ
29702,ﺿ
29703,ﺿ
29704,ﺿ
29705,ﺿ
29706,ﺿ
29707,ﺿ
29708,ﺿ
29709,ﺿ
29710,ﺿ
29711,ﺿ
29712,ﺿ
29713,ﺿ
29714,ﺿ
29715,ﺿ
29716,ﺿ
29717,ﺿ
29718,ﺿ
29719,ﺿ
29720,ﺿ
29721,ﺿ
29722,ﺿ
29723,ﺿ
29724,ﺿ
29725,ﺿ
29726,ﺿ
29727,ﺿ
29728,ﺿ
29729,ﺿ
29730,ﺿ
29731,ﺿ
29732,ﺿ
29733,ﺿ
29734,ﺿ
29735,ﺿ
29736,ﺿ
29737,ﺿ
29738,ﺿ
29739,ﺿ
29740,ﺿ
29741,ﺿ
29742,ﺿ
29743,ﺿ
29744,ﺿ
29745,ﺿ
29746,ﺿ
29747,ﺿ
29748,ﺿ
29749,ﺿ
29750,ﺿ
29751,ﺿ
29752,ﺿ
29753,ﺿ
29754,ﺿ
29755,ﺿ
29756,ﺿ
29757,ﺿ
29758,ﺿ
29759,ﺿ
29760,ﺿ
29761,ﺿ
29762,ﺿ
29763,ﺿ
29764,ﺿ
29765,ﺿ
29766,ﺿ
29767,ﺿ
29768,ﺿ
29769,ﺿ
29770,ﺿ
29771,ﺿ
29772,ﺿ
29773,ﺿ
29774,ﺿ
29775,ﺿ
29776,ﺿ
29777,ﺿ
29778,ﺿ
29779,ﺿ
29780,ﺿ
29781,ﺿ
29782,ﺿ
29783,ﺿ
29784,ﺿ
29785,ﺿ
29786,ﺿ
29787,ﺿ
29788,ﺿ
29789,ﺿ
29790,ﺿ
29791,ﺿ
29792,ﻂ
29793,ﻂ
29794,ﻂ
29795,ﻂ
29796,ﻂ
29797,ﻂ
29798,ﻂ
29799,ﻂ
29800,ﻂ
29801,ﻂ
29802,ﻂ
29803,ﻂ
29804,ﻂ
29805,ﻂ
29806,ﻂ
29807,ﻂ
29808,ﻂ
29809,ﻂ
29810,ﻂ
29811,ﻂ
29812,ﻂ
29813,ﻂ
29814,ﻂ
29815,ﻂ
29816,ﻂ
29817,ﻂ
29818,ﻂ
29819,ﻂ
29820,ﻂ
29821,ﻂ
29822,ﻂ
29823,ﻂ
29824,ﻂ
29825,ﻂ
29826,ﻂ
29827,ﻂ
29828,ﻂ
29829,ﻂ
29830,ﻂ
29831,ﻂ
29832,ﻂ
29833,ﻂ
29834,ﻂ
29835,ﻂ
29836,ﻂ
29837,ﻂ
29838,ﻂ
29839,ﻂ
29840,ﻂ
29841,ﻂ
29842,ﻂ
29843,ﻂ
29844,ﻂ
29845,ﻂ
29846,ﻂ
29847,ﻂ
29848,ﻂ
29849,ﻂ
29850,ﻂ
29851,ﻂ
29852,ﻂ
29853,ﻂ
29854,ﻂ
29855,ﻂ
29856,ﻂ
29857,ﻂ
29858,ﻂ
29859,ﻂ
29860,ﻂ
29861,ﻂ
29862,ﻂ
29863,ﻂ
29864,ﻂ
29865,ﻂ
29866,ﻂ
29867,ﻂ
29868,ﻂ
29869,ﻂ
29870,ﻂ
29871,ﻂ
29872,ﻂ
29873,ﻂ
29874,ﻂ
29875,ﻂ
29876,ﻂ
29877,ﻂ
29878,ﻂ
29879,ﻂ
29880,ﻂ
29881,ﻂ
29882,ﻂ
29883,ﻂ
29884,ﻂ
29885,ﻂ
29886,ﻂ
29887,ﻂ
29888,ﻂ
29889,ﻂ
29890,ﻂ
29891,ﻂ
29892,ﻂ
29893,ﻂ
29894,ﻂ
29895,ﻂ
29896,ﻂ
29897,ﻂ
29898,ﻂ
29899,ﻂ
29900,ﻂ
29901,ﻂ
29902,ﻂ
29903,ﻂ
29904,ﻆ
29905,ﻆ
29906,ﻆ
29907,ﻆ
29908,ﻆ
29909,ﻆ
29910,ﻆ
29911,ﻆ
29912,ﻆ
29913,ﻆ
29914,ﻆ
29915,ﻆ
29916,ﻆ
29917,ﻆ
29918,ﻆ
29919,ﻆ
29920,ﻆ
29921,ﻆ
29922,ﻆ
29923,ﻆ
29924,ﻆ
29925,ﻆ
29926,ﻆ
29927,ﻆ
29928,ﻆ
29929,ﻆ
29930,ﻆ
29931,ﻆ
29932,ﻆ
29933,ﻆ
29934,ﻆ
29935,ﻆ
29936,ﻆ
29937,ﻆ
29938,ﻆ
29939,ﻆ
29940,ﻆ
29941,ﻆ
29942,ﻆ
29943,ﻆ
29944,ﻆ
29945,ﻆ
29946,ﻆ
29947,ﻆ
29948,ﻆ
29949,ﻆ
29950,ﻆ
29951,ﻆ
29952,ﻆ
29953,ﻆ
29954,ﻆ
29955,ﻆ
29956,ﻆ
29957,ﻆ
29958,ﻆ
29959,ﻆ
29960,ﻆ
29961,ﻆ
29962,ﻆ
29963,ﻆ
29964,ﻆ
29965,ﻆ
29966,ﻆ
29967,ﻆ
29968,ﻆ
29969,ﻆ
29970,ﻆ
29971,ﻆ
29972,ﻆ
29973,ﻆ
29974,ﻆ
29975,ﻆ
29976,ﻆ
29977,ﻆ
29978,ﻆ
29979,ﻆ
29980,ﻆ
29981,ﻆ
29982,ﻆ
29983,ﻆ
29984,ﻆ
29985,ﻆ
29986,ﻆ
29987,ﻆ
29988,ﻆ
29989,ﻆ
29990,ﻆ
29991,ﻆ
29992,ﻆ
29993,ﻆ
29994,ﻆ
29995,ﻆ
29996,ﻆ
29997,ﻆ
29998,ﻆ
29999,ﻆ
30000,ﻆ
30001,ﻆ
30002,ﻆ
30003,ﻆ
30004,ﻆ
30005,ﻆ
30006,ﻆ
30007,ﻆ
30008,ﻆ
30009,ﻆ
30010,ﻆ
30011,ﻆ
30012,ﻆ
30013,ﻆ
30014,ﻆ
30015,ﻆ
30016,ﻉ
30017,ﻉ
30018,ﻉ
30019,ﻉ
30020,ﻉ
30021,ﻉ
30022,ﻉ
30023,ﻉ
30024,ﻉ
30025,ﻉ
30026,ﻉ
30027,ﻉ
30028,ﻉ
30029,ﻉ
30030,ﻉ
30031,ﻉ
30032,ﻉ
30033,ﻉ
30034,ﻉ
30035,ﻉ
30036,ﻉ
30037,ﻉ
30038,ﻉ
30039,ﻉ
30040,ﻉ
30041,ﻉ
30042,ﻉ
30043,ﻉ
30044,ﻉ
30045,ﻉ
30046,ﻉ
30047,ﻉ
30048,ﻉ
30049,ﻉ
30050,ﻉ
30051,ﻉ
30052,ﻉ
30053,ﻉ
30054,ﻉ
30055,ﻉ
30056,ﻉ
30057,ﻉ
30058,ﻉ
30059,ﻉ
30060,ﻉ
30061,ﻉ
30062,ﻉ
30063,ﻉ
30064,ﻉ
30065,ﻉ
30066,ﻉ
30067,ﻉ
30068,ﻉ
30069,ﻉ
30070,ﻉ
30071,ﻉ
30072,ﻉ
30073,ﻉ
30074,ﻉ
30075,ﻉ
30076,ﻉ
30077,ﻉ
30078,ﻉ
30079,ﻉ
30080,ﻉ
30081,ﻉ
30082,ﻉ
30083,ﻉ
30084,ﻉ
30085,ﻉ
30086,ﻉ
30087,ﻉ
30088,ﻉ
30089,ﻉ
30090,ﻉ
30091,ﻉ
30092,ﻉ
30093,ﻉ
30094,ﻉ
30095,ﻉ
30096,ﻉ
30097,ﻉ
30098,ﻉ
30099,ﻉ
30100,ﻉ
30101,ﻉ
30102,ﻉ
30103,ﻉ
30104,ﻉ
30105,ﻉ
30106,ﻉ
30107,ﻉ
30108,ﻉ
30109,ﻉ
30110,ﻉ
30111,ﻉ
30112,ﻉ
30113,ﻉ
30114,ﻉ
30115,ﻉ
30116,ﻉ
30117,ﻉ
30118,ﻉ
30119,ﻉ
30120,ﻉ
30121,ﻉ
30122,ﻉ
30123,ﻉ
30124,ﻉ
30125,ﻉ
30126,ﻉ
30127,ﻉ
30128,ﻊ
30129,ﻊ
30130,ﻊ
30131,ﻊ
30132,ﻊ
30133,ﻊ
30134,ﻊ
30135,ﻊ
30136,ﻊ
30137,ﻊ
30138,ﻊ
30139,ﻊ
30140,ﻊ
30141,ﻊ
30142,ﻊ
30143,ﻊ
30144,ﻊ
30145,ﻊ
30146,ﻊ
30147,ﻊ
30148,ﻊ
30149,ﻊ
30150,ﻊ
30151,ﻊ
30152,ﻊ
30153,ﻊ
30154,ﻊ
30155,ﻊ
30156,ﻊ
30157,ﻊ
30158,ﻊ
30159,ﻊ
30160,ﻊ
30161,ﻊ
30162,ﻊ
30163,ﻊ
30164,ﻊ
30165,ﻊ
30166,ﻊ
30167,ﻊ
30168,ﻊ
30169,ﻊ
30170,ﻊ
30171,ﻊ
30172,ﻊ
30173,ﻊ
30174,ﻊ
30175,ﻊ
30176,ﻊ
30177,ﻊ
30178,ﻊ
30179,ﻊ
30180,ﻊ
30181,ﻊ
30182,ﻊ
30183,ﻊ
30184,ﻊ
30185,ﻊ
30186,ﻊ
30187,ﻊ
30188,ﻊ
30189,ﻊ
30190,ﻊ
30191,ﻊ
30192,ﻊ
30193,ﻊ
30194,ﻊ
30195,ﻊ
30196,ﻊ
30197,ﻊ
30198,ﻊ
30199,ﻊ
30200,ﻊ
30201,ﻊ
30202,ﻊ
30203,ﻊ
30204,ﻊ
30205,ﻊ
30206,ﻊ
30207,ﻊ
30208,ﻊ
30209,ﻊ
30210,ﻊ
30211,ﻊ
30212,ﻊ
30213,ﻊ
30214,ﻊ
30215,ﻊ
30216,ﻊ
30217,ﻊ
30218,ﻊ
30219,ﻊ
30220,ﻊ
30221,ﻊ
30222,ﻊ
30223,ﻊ
30224,ﻊ
30225,ﻊ
30226,ﻊ
30227,ﻊ
30228,ﻊ
30229,ﻊ
30230,ﻊ
30231,ﻊ
30232,ﻊ
30233,ﻊ
30234,ﻊ
30235,ﻊ
30236,ﻊ
30237,ﻊ
30238,ﻊ
30239,ﻊ
30240,ﻋ
30241,ﻋ
30242,ﻋ
30243,ﻋ
30244,ﻋ
30245,ﻋ
30246,ﻋ
30247,ﻋ
30248,ﻋ
30249,ﻋ
30250,ﻋ
30251,ﻋ
30252,ﻋ
30253,ﻋ
30254,ﻋ
30255,ﻋ
30256,ﻋ
30257,ﻋ
30258,ﻋ
30259,ﻋ
30260,ﻋ
30261,ﻋ
30262,ﻋ
30263,ﻋ
30264,ﻋ
30265,ﻋ
30266,ﻋ
30267,ﻋ
30268,ﻋ
30269,ﻋ
30270,ﻋ
30271,ﻋ
30272,ﻋ
30273,ﻋ
30274,ﻋ
30275,ﻋ
30276,ﻋ
30277,ﻋ
30278,ﻋ
30279,ﻋ
30280,ﻋ
30281,ﻋ
30282,ﻋ
30283,ﻋ
30284,ﻋ
30285,ﻋ
30286,ﻋ
30287,ﻋ
30288,ﻋ
30289,ﻋ
30290,ﻋ
30291,ﻋ
30292,ﻋ
30293,ﻋ
30294,ﻋ
30295,ﻋ
30296,ﻋ
30297,ﻋ
30298,ﻋ
30299,ﻋ
30300,ﻋ
30301,ﻋ
30302,ﻋ
30303,ﻋ
30304,ﻋ
30305,ﻋ
30306,ﻋ
30307,ﻋ
30308,ﻋ
30309,ﻋ
30310,ﻋ
30311,ﻋ
30312,ﻋ
30313,ﻋ
30314,ﻋ
30315,ﻋ
30316,ﻋ
30317,ﻋ
30318,ﻋ
30319,ﻋ
30320,ﻋ
30321,ﻋ
30322,ﻋ
30323,ﻋ
30324,ﻋ
30325,ﻋ
30326,ﻋ
30327,ﻋ
30328,ﻋ
30329,ﻋ
30330,ﻋ
30331,ﻋ
30332,ﻋ
30333,ﻋ
30334,ﻋ
30335,ﻋ
30336,ﻋ
30337,ﻋ
30338,ﻋ
30339,ﻋ
30340,ﻋ
30341,ﻋ
30342,ﻋ
30343,ﻋ
30344,ﻋ
30345,ﻋ
30346,ﻋ
30347,ﻋ
30348,ﻋ
30349,ﻋ
30350,ﻋ
30351,ﻋ
30352,ﻌ
30353,ﻌ
30354,ﻌ
30355,ﻌ
30356,ﻌ
30357,ﻌ
30358,ﻌ
30359,ﻌ
30360,ﻌ
30361,ﻌ
30362,ﻌ
30363,ﻌ
30364,ﻌ
30365,ﻌ
30366,ﻌ
30367,ﻌ
30368,ﻌ
30369,ﻌ
30370,ﻌ
30371,ﻌ
30372,ﻌ
30373,ﻌ
30374,ﻌ
30375,ﻌ
30376,ﻌ
30377,ﻌ
30378,ﻌ
30379,ﻌ
30380,ﻌ
30381,ﻌ
30382,ﻌ
30383,ﻌ
30384,ﻌ
30385,ﻌ
30386,ﻌ
30387,ﻌ
30388,ﻌ
30389,ﻌ
30390,ﻌ
30391,ﻌ
30392,ﻌ
30393,ﻌ
30394,ﻌ
30395,ﻌ
30396,ﻌ
30397,ﻌ
30398,ﻌ
30399,ﻌ
30400,ﻌ
30401,ﻌ
30402,ﻌ
30403,ﻌ
30404,ﻌ
30405,ﻌ
30406,ﻌ
30407,ﻌ
30408,ﻌ
30409,ﻌ
30410,ﻌ
30411,ﻌ
30412,ﻌ
30413,ﻌ
30414,ﻌ
30415,ﻌ
30416,ﻌ
30417,ﻌ
30418,ﻌ
30419,ﻌ
30420,ﻌ
30421,ﻌ
30422,ﻌ
30423,ﻌ
30424,ﻌ
30425,ﻌ
30426,ﻌ
30427,ﻌ
30428,ﻌ
30429,ﻌ
30430,ﻌ
30431,ﻌ
30432,ﻌ
30433,ﻌ
30434,ﻌ
30435,ﻌ
30436,ﻌ
30437,ﻌ
30438,ﻌ
30439,ﻌ
30440,ﻌ
30441,ﻌ
30442,ﻌ
30443,ﻌ
30444,ﻌ
30445,ﻌ
30446,ﻌ
30447,ﻌ
30448,ﻌ
30449,ﻌ
30450,ﻌ
30451,ﻌ
30452,ﻌ
30453,ﻌ
30454,ﻌ
30455,ﻌ
30456,ﻌ
30457,ﻌ
30458,ﻌ
30459,ﻌ
30460,ﻌ
30461,ﻌ
30462,ﻌ
30463,ﻌ
30464,ﻍ
30465,ﻍ
30466,ﻍ
30467,ﻍ
30468,ﻍ
30469,ﻍ
30470,ﻍ
30471,ﻍ
30472,ﻍ
30473,ﻍ
30474,ﻍ
30475,ﻍ
30476,ﻍ
30477,ﻍ
30478,ﻍ
30479,ﻍ
30480,ﻍ
30481,ﻍ
30482,ﻍ
30483,ﻍ
30484,ﻍ
30485,ﻍ
30486,ﻍ
30487,ﻍ
30488,ﻍ
30489,ﻍ
30490,ﻍ
30491,ﻍ
30492,ﻍ
30493,ﻍ
30494,ﻍ
30495,ﻍ
30496,ﻍ
30497,ﻍ
30498,ﻍ
30499,ﻍ
30500,ﻍ
30501,ﻍ
30502,ﻍ
30503,ﻍ
30504,ﻍ
30505,ﻍ
30506,ﻍ
30507,ﻍ
30508,ﻍ
30509,ﻍ
30510,ﻍ
30511,ﻍ
30512,ﻍ
30513,ﻍ
30514,ﻍ
30515,ﻍ
30516,ﻍ
30517,ﻍ
30518,ﻍ
30519,ﻍ
30520,ﻍ
30521,ﻍ
30522,ﻍ
30523,ﻍ
30524,ﻍ
30525,ﻍ
30526,ﻍ
30527,ﻍ
30528,ﻍ
30529,ﻍ
30530,ﻍ
30531,ﻍ
30532,ﻍ
30533,ﻍ
30534,ﻍ
30535,ﻍ
30536,ﻍ
30537,ﻍ
30538,ﻍ
30539,ﻍ
30540,ﻍ
30541,ﻍ
30542,ﻍ
30543,ﻍ
30544,ﻍ
30545,ﻍ
30546,ﻍ
30547,ﻍ
30548,ﻍ
30549,ﻍ
30550,ﻍ
30551,ﻍ
30552,ﻍ
30553,ﻍ
30554,ﻍ
30555,ﻍ
30556,ﻍ
30557,ﻍ
30558,ﻍ
30559,ﻍ
30560,ﻍ
30561,ﻍ
30562,ﻍ
30563,ﻍ
30564,ﻍ
30565,ﻍ
30566,ﻍ
30567,ﻍ
30568,ﻍ
30569,ﻍ
30570,ﻍ
30571,ﻍ
30572,ﻍ
30573,ﻍ
30574,ﻍ
30575,ﻍ
30576,ﻎ
30577,ﻎ
30578,ﻎ
30579,ﻎ
30580,ﻎ
30581,ﻎ
30582,ﻎ
30583,ﻎ
30584,ﻎ
30585,ﻎ
30586,ﻎ
30587,ﻎ
30588,ﻎ
30589,ﻎ
30590,ﻎ
30591,ﻎ
30592,ﻎ
30593,ﻎ
30594,ﻎ
30595,ﻎ
30596,ﻎ
30597,ﻎ
30598,ﻎ
30599,ﻎ
30600,ﻎ
30601,ﻎ
30602,ﻎ
30603,ﻎ
30604,ﻎ
30605,ﻎ
30606,ﻎ
30607,ﻎ
30608,ﻎ
30609,ﻎ
30610,ﻎ
30611,ﻎ
30612,ﻎ
30613,ﻎ
30614,ﻎ
30615,ﻎ
30616,ﻎ
30617,ﻎ
30618,ﻎ
30619,ﻎ
30620,ﻎ
30621,ﻎ
30622,ﻎ
30623,ﻎ
30624,ﻎ
30625,ﻎ
30626,ﻎ
30627,ﻎ
30628,ﻎ
30629,ﻎ
30630,ﻎ
30631,ﻎ
30632,ﻎ
30633,ﻎ
30634,ﻎ
30635,ﻎ
30636,ﻎ
30637,ﻎ
30638,ﻎ
30639,ﻎ
30640,ﻎ
30641,ﻎ
30642,ﻎ
30643,ﻎ
30644,ﻎ
30645,ﻎ
30646,ﻎ
30647,ﻎ
30648,ﻎ
30649,ﻎ
30650,ﻎ
30651,ﻎ
30652,ﻎ
30653,ﻎ
30654,ﻎ
30655,ﻎ
30656,ﻎ
30657,ﻎ
30658,ﻎ
30659,ﻎ
30660,ﻎ
30661,ﻎ
30662,ﻎ
30663,ﻎ
30664,ﻎ
30665,ﻎ
30666,ﻎ
30667,ﻎ
30668,ﻎ
30669,ﻎ
30670,ﻎ
30671,ﻎ
30672,ﻎ
30673,ﻎ
30674,ﻎ
30675,ﻎ
30676,ﻎ
30677,ﻎ
30678,ﻎ
30679,ﻎ
30680,ﻎ
30681,ﻎ
30682,ﻎ
30683,ﻎ
30684,ﻎ
30685,ﻎ
30686,ﻎ
30687,ﻎ
30688,ﻏ
30689,ﻏ
30690,ﻏ
30691,ﻏ
30692,ﻏ
30693,ﻏ
30694,ﻏ
30695,ﻏ
30696,ﻏ
30697,ﻏ
30698,ﻏ
30699,ﻏ
30700,ﻏ
30701,ﻏ
30702,ﻏ
30703,ﻏ
30704,ﻏ
30705,ﻏ
30706,ﻏ
30707,ﻏ
30708,ﻏ
30709,ﻏ
30710,ﻏ
30711,ﻏ
30712,ﻏ
30713,ﻏ
30714,ﻏ
30715,ﻏ
30716,ﻏ
30717,ﻏ
30718,ﻏ
30719,ﻏ
30720,ﻏ
30721,ﻏ
30722,ﻏ
30723,ﻏ
30724,ﻏ
30725,ﻏ
30726,ﻏ
30727,ﻏ
30728,ﻏ
30729,ﻏ
30730,ﻏ
30731,ﻏ
30732,ﻏ
30733,ﻏ
30734,ﻏ
30735,ﻏ
30736,ﻏ
30737,ﻏ
30738,ﻏ
30739,ﻏ
30740,ﻏ
30741,ﻏ
30742,ﻏ
30743,ﻏ
30744,ﻏ
30745,ﻏ
30746,ﻏ
30747,ﻏ
30748,ﻏ
30749,ﻏ
30750,ﻏ
30751,ﻏ
30752,ﻏ
30753,ﻏ
30754,ﻏ
30755,ﻏ
30756,ﻏ
30757,ﻏ
30758,ﻏ
30759,ﻏ
30760,ﻏ
30761,ﻏ
30762,ﻏ
30763,ﻏ
30764,ﻏ
30765,ﻏ
30766,ﻏ
30767,ﻏ
30768,ﻏ
30769,ﻏ
30770,ﻏ
30771,ﻏ
30772,ﻏ
30773,ﻏ
30774,ﻏ
30775,ﻏ
30776,ﻏ
30777,ﻏ
30778,ﻏ
30779,ﻏ
30780,ﻏ
30781,ﻏ
30782,ﻏ
30783,ﻏ
30784,ﻏ
30785,ﻏ
30786,ﻏ
30787,ﻏ
30788,ﻏ
30789,ﻏ
30790,ﻏ
30791,ﻏ
30792,ﻏ
30793,ﻏ
30794,ﻏ
30795,ﻏ
30796,ﻏ
30797,ﻏ
30798,ﻏ
30799,ﻏ
30800,ﻐ
30801,ﻐ
30802,ﻐ
30803,ﻐ
30804,ﻐ
30805,ﻐ
30806,ﻐ
30807,ﻐ
30808,ﻐ
30809,ﻐ
30810,ﻐ
30811,ﻐ
30812,ﻐ
30813,ﻐ
30814,ﻐ
30815,ﻐ
30816,ﻐ
30817,ﻐ
30818,ﻐ
30819,ﻐ
30820,ﻐ
30821,ﻐ
30822,ﻐ
30823,ﻐ
30824,ﻐ
30825,ﻐ
30826,ﻐ
30827,ﻐ
30828,ﻐ
30829,ﻐ
30830,ﻐ
30831,ﻐ
30832,ﻐ
30833,ﻐ
30834,ﻐ
30835,ﻐ
30836,ﻐ
30837,ﻐ
30838,ﻐ
30839,ﻐ
30840,ﻐ
30841,ﻐ
30842,ﻐ
30843,ﻐ
30844,ﻐ
30845,ﻐ
30846,ﻐ
30847,ﻐ
30848,ﻐ
30849,ﻐ
30850,ﻐ
30851,ﻐ
30852,ﻐ
30853,ﻐ
30854,ﻐ
30855,ﻐ
30856,ﻐ
30857,ﻐ
30858,ﻐ
30859,ﻐ
30860,ﻐ
30861,ﻐ
30862,ﻐ
30863,ﻐ
30864,ﻐ
30865,ﻐ
30866,ﻐ
30867,ﻐ
30868,ﻐ
30869,ﻐ
30870,ﻐ
30871,ﻐ
30872,ﻐ
30873,ﻐ
30874,ﻐ
30875,ﻐ
30876,ﻐ
30877,ﻐ
30878,ﻐ
30879,ﻐ
30880,ﻐ
30881,ﻐ
30882,ﻐ
30883,ﻐ
30884,ﻐ
30885,ﻐ
30886,ﻐ
30887,ﻐ
30888,ﻐ
30889,ﻐ
30890,ﻐ
30891,ﻐ
30892,ﻐ
30893,ﻐ
30894,ﻐ
30895,ﻐ
30896,ﻐ
30897,ﻐ
30898,ﻐ
30899,ﻐ
30900,ﻐ
30901,ﻐ
30902,ﻐ
30903,ﻐ
30904,ﻐ
30905,ﻐ
30906,ﻐ
30907,ﻐ
30908,ﻐ
30909,ﻐ
30910,ﻐ
30911,ﻐ
30912,ﻒ
30913,ﻒ
30914,ﻒ
30915,ﻒ
30916,ﻒ
30917,ﻒ
30918,ﻒ
30919,ﻒ
30920,ﻒ
30921,ﻒ
30922,ﻒ
30923,ﻒ
30924,ﻒ
30925,ﻒ
30926,ﻒ
30927,ﻒ
30928,ﻒ
30929,ﻒ
30930,ﻒ
30931,ﻒ
30932,ﻒ
30933,ﻒ
30934,ﻒ
30935,ﻒ
30936,ﻒ
30937,ﻒ
30938,ﻒ
30939,ﻒ
30940,ﻒ
30941,ﻒ
30942,ﻒ
30943,ﻒ
30944,ﻒ
30945,ﻒ
30946,ﻒ
30947,ﻒ
30948,ﻒ
30949,ﻒ
30950,ﻒ
30951,ﻒ
30952,ﻒ
30953,ﻒ
30954,ﻒ
30955,ﻒ
30956,ﻒ
30957,ﻒ
30958,ﻒ
30959,ﻒ
30960,ﻒ
30961,ﻒ
30962,ﻒ
30963,ﻒ
30964,ﻒ
30965,ﻒ
30966,ﻒ
30967,ﻒ
30968,ﻒ
30969,ﻒ
30970,ﻒ
30971,ﻒ
30972,ﻒ
30973,ﻒ
30974,ﻒ
30975,ﻒ
30976,ﻒ
30977,ﻒ
30978,ﻒ
30979,ﻒ
30980,ﻒ
30981,ﻒ
30982,ﻒ
30983,ﻒ
30984,ﻒ
30985,ﻒ
30986,ﻒ
30987,ﻒ
30988,ﻒ
30989,ﻒ
30990,ﻒ
30991,ﻒ
30992,ﻒ
30993,ﻒ
30994,ﻒ
30995,ﻒ
30996,ﻒ
30997,ﻒ
30998,ﻒ
30999,ﻒ
31000,ﻒ
31001,ﻒ
31002,ﻒ
31003,ﻒ
31004,ﻒ
31005,ﻒ
31006,ﻒ
31007,ﻒ
31008,ﻒ
31009,ﻒ
31010,ﻒ
31011,ﻒ
31012,ﻒ
31013,ﻒ
31014,ﻒ
31015,ﻒ
31016,ﻒ
31017,ﻒ
31018,ﻒ
31019,ﻒ
31020,ﻒ
31021,ﻒ
31022,ﻒ
31023,ﻒ
31024,ﻓ
31025,ﻓ
31026,ﻓ
31027,ﻓ
31028,ﻓ
31029,ﻓ
31030,ﻓ
31031,ﻓ
31032,ﻓ
31033,ﻓ
31034,ﻓ
31035,ﻓ
31036,ﻓ
31037,ﻓ
31038,ﻓ
31039,ﻓ
31040,ﻓ
31041,ﻓ
31042,ﻓ
31043,ﻓ
31044,ﻓ
31045,ﻓ
31046,ﻓ
31047,ﻓ
31048,ﻓ
31049,ﻓ
31050,ﻓ
31051,ﻓ
31052,ﻓ
31053,ﻓ
31054,ﻓ
31055,ﻓ
31056,ﻓ
31057,ﻓ
31058,ﻓ
31059,ﻓ
31060,ﻓ
31061,ﻓ
31062,ﻓ
31063,ﻓ
31064,ﻓ
31065,ﻓ
31066,ﻓ
31067,ﻓ
31068,ﻓ
31069,ﻓ
31070,ﻓ
31071,ﻓ
31072,ﻓ
31073,ﻓ
31074,ﻓ
31075,ﻓ
31076,ﻓ
31077,ﻓ
31078,ﻓ
31079,ﻓ
31080,ﻓ
31081,ﻓ
31082,ﻓ
31083,ﻓ
31084,ﻓ
31085,ﻓ
31086,ﻓ
31087,ﻓ
31088,ﻓ
31089,ﻓ
31090,ﻓ
31091,ﻓ
31092,ﻓ
31093,ﻓ
31094,ﻓ
31095,ﻓ
31096,ﻓ
31097,ﻓ
31098,ﻓ
31099,ﻓ
31100,ﻓ
31101,ﻓ
31102,ﻓ
31103,ﻓ
31104,ﻓ
31105,ﻓ
31106,ﻓ
31107,ﻓ
31108,ﻓ
31109,ﻓ
31110,ﻓ
31111,ﻓ
31112,ﻓ
31113,ﻓ
31114,ﻓ
31115,ﻓ
31116,ﻓ
31117,ﻓ
31118,ﻓ
31119,ﻓ
31120,ﻓ
31121,ﻓ
31122,ﻓ
31123,ﻓ
31124,ﻓ
31125,ﻓ
31126,ﻓ
31127,ﻓ
31128,ﻓ
31129,ﻓ
31130,ﻓ
31131,ﻓ
31132,ﻓ
31133,ﻓ
31134,ﻓ
31135,ﻓ
31136,ﻖ
31137,ﻖ
31138,ﻖ
31139,ﻖ
31140,ﻖ
31141,ﻖ
31142,ﻖ
31143,ﻖ
31144,ﻖ
31145,ﻖ
31146,ﻖ
31147,ﻖ
31148,ﻖ
31149,ﻖ
31150,ﻖ
31151,ﻖ
31152,ﻖ
31153,ﻖ
31154,ﻖ
31155,ﻖ
31156,ﻖ
31157,ﻖ
31158,ﻖ
31159,ﻖ
31160,ﻖ
31161,ﻖ
31162,ﻖ
31163,ﻖ
31164,ﻖ
31165,ﻖ
31166,ﻖ
31167,ﻖ
31168,ﻖ
31169,ﻖ
31170,ﻖ
31171,ﻖ
31172,ﻖ
31173,ﻖ
31174,ﻖ
31175,ﻖ
31176,ﻖ
31177,ﻖ
31178,ﻖ
31179,ﻖ
31180,ﻖ
31181,ﻖ
31182,ﻖ
31183,ﻖ
31184,ﻖ
31185,ﻖ
31186,ﻖ
31187,ﻖ
31188,ﻖ
31189,ﻖ
31190,ﻖ
31191,ﻖ
31192,ﻖ
31193,ﻖ
31194,ﻖ
31195,ﻖ
31196,ﻖ
31197,ﻖ
31198,ﻖ
31199,ﻖ
31200,ﻖ
31201,ﻖ
31202,ﻖ
31203,ﻖ
31204,ﻖ
31205,ﻖ
31206,ﻖ
31207,ﻖ
31208,ﻖ
31209,ﻖ
31210,ﻖ
31211,ﻖ
31212,ﻖ
31213,ﻖ
31214,ﻖ
31215,ﻖ
31216,ﻖ
31217,ﻖ
31218,ﻖ
31219,ﻖ
31220,ﻖ
31221,ﻖ
31222,ﻖ
31223,ﻖ
31224,ﻖ
31225,ﻖ
31226,ﻖ
31227,ﻖ
31228,ﻖ
31229,ﻖ
31230,ﻖ
31231,ﻖ
31232,ﻖ
31233,ﻖ
31234,ﻖ
31235,ﻖ
31236,ﻖ
31237,ﻖ
31238,ﻖ
31239,ﻖ
31240,ﻖ
31241,ﻖ
31242,ﻖ
31243,ﻖ
31244,ﻖ
31245,ﻖ
31246,ﻖ
31247,ﻖ
31248,ﻗ
31249,ﻗ
31250,ﻗ
31251,ﻗ
31252,ﻗ
31253,ﻗ
31254,ﻗ
31255,ﻗ
31256,ﻗ
31257,ﻗ
31258,ﻗ
31259,ﻗ
31260,ﻗ
31261,ﻗ
31262,ﻗ
31263,ﻗ
31264,ﻗ
31265,ﻗ
31266,ﻗ
31267,ﻗ
31268,ﻗ
31269,ﻗ
31270,ﻗ
31271,ﻗ
31272,ﻗ
31273,ﻗ
31274,ﻗ
31275,ﻗ
31276,ﻗ
31277,ﻗ
31278,ﻗ
31279,ﻗ
31280,ﻗ
31281,ﻗ
31282,ﻗ
31283,ﻗ
31284,ﻗ
31285,ﻗ
31286,ﻗ
31287,ﻗ
31288,ﻗ
31289,ﻗ
31290,ﻗ
31291,ﻗ
31292,ﻗ
31293,ﻗ
31294,ﻗ
31295,ﻗ
31296,ﻗ
31297,ﻗ
31298,ﻗ
31299,ﻗ
31300,ﻗ
31301,ﻗ
31302,ﻗ
31303,ﻗ
31304,ﻗ
31305,ﻗ
31306,ﻗ
31307,ﻗ
31308,ﻗ
31309,ﻗ
31310,ﻗ
31311,ﻗ
31312,ﻗ
31313,ﻗ
31314,ﻗ
31315,ﻗ
31316,ﻗ
31317,ﻗ
31318,ﻗ
31319,ﻗ
31320,ﻗ
31321,ﻗ
31322,ﻗ
31323,ﻗ
31324,ﻗ
31325,ﻗ
31326,ﻗ
31327,ﻗ
31328,ﻗ
31329,ﻗ
31330,ﻗ
31331,ﻗ
31332,ﻗ
31333,ﻗ
31334,ﻗ
31335,ﻗ
31336,ﻗ
31337,ﻗ
31338,ﻗ
31339,ﻗ
31340,ﻗ
31341,ﻗ
31342,ﻗ
31343,ﻗ
31344,ﻗ
31345,ﻗ
31346,ﻗ
31347,ﻗ
31348,ﻗ
31349,ﻗ
31350,ﻗ
31351,ﻗ
31352,ﻗ
31353,ﻗ
31354,ﻗ
31355,ﻗ
31356,ﻗ
31357,ﻗ
31358,ﻗ
31359,ﻗ
31360,ﻘ
31361,ﻘ
31362,ﻘ
31363,ﻘ
31364,ﻘ
31365,ﻘ
31366,ﻘ
31367,ﻘ
31368,ﻘ
31369,ﻘ
31370,ﻘ
31371,ﻘ
31372,ﻘ
31373,ﻘ
31374,ﻘ
31375,ﻘ
31376,ﻘ
31377,ﻘ
31378,ﻘ
31379,ﻘ
31380,ﻘ
31381,ﻘ
31382,ﻘ
31383,ﻘ
31384,ﻘ
31385,ﻘ
31386,ﻘ
31387,ﻘ
31388,ﻘ
31389,ﻘ
31390,ﻘ
31391,ﻘ
31392,ﻘ
31393,ﻘ
31394,ﻘ
31395,ﻘ
31396,ﻘ
31397,ﻘ
31398,ﻘ
31399,ﻘ
31400,ﻘ
31401,ﻘ
31402,ﻘ
31403,ﻘ
31404,ﻘ
31405,ﻘ
31406,ﻘ
31407,ﻘ
31408,ﻘ
31409,ﻘ
31410,ﻘ
31411,ﻘ
31412,ﻘ
31413,ﻘ
31414,ﻘ
31415,ﻘ
31416,ﻘ
31417,ﻘ
31418,ﻘ
31419,ﻘ
31420,ﻘ
31421,ﻘ
31422,ﻘ
31423,ﻘ
31424,ﻘ
31425,ﻘ
31426,ﻘ
31427,ﻘ
31428,ﻘ
31429,ﻘ
31430,ﻘ
31431,ﻘ
31432,ﻘ
31433,ﻘ
31434,ﻘ
31435,ﻘ
31436,ﻘ
31437,ﻘ
31438,ﻘ
31439,ﻘ
31440,ﻘ
31441,ﻘ
31442,ﻘ
31443,ﻘ
31444,ﻘ
31445,ﻘ
31446,ﻘ
31447,ﻘ
31448,ﻘ
31449,ﻘ
31450,ﻘ
31451,ﻘ
31452,ﻘ
31453,ﻘ
31454,ﻘ
31455,ﻘ
31456,ﻘ
31457,ﻘ
31458,ﻘ
31459,ﻘ
31460,ﻘ
31461,ﻘ
31462,ﻘ
31463,ﻘ
31464,ﻘ
31465,ﻘ
31466,ﻘ
31467,ﻘ
31468,ﻘ
31469,ﻘ
31470,ﻘ
31471,ﻘ
31472,ﻚ
31473,ﻚ
31474,ﻚ
31475,ﻚ
31476,ﻚ
31477,ﻚ
31478,ﻚ
31479,ﻚ
31480,ﻚ
31481,ﻚ
31482,ﻚ
31483,ﻚ
31484,ﻚ
31485,ﻚ
31486,ﻚ
31487,ﻚ
31488,ﻚ
31489,ﻚ
31490,ﻚ
31491,ﻚ
31492,ﻚ
31493,ﻚ
31494,ﻚ
31495,ﻚ
31496,ﻚ
31497,ﻚ
31498,ﻚ
31499,ﻚ
31500,ﻚ
31501,ﻚ
31502,ﻚ
31503,ﻚ
31504,ﻚ
31505,ﻚ
31506,ﻚ
31507,ﻚ
31508,ﻚ
31509,ﻚ
31510,ﻚ
31511,ﻚ
31512,ﻚ
31513,ﻚ
31514,ﻚ
31515,ﻚ
31516,ﻚ
31517,ﻚ
31518,ﻚ
31519,ﻚ
31520,ﻚ
31521,ﻚ
31522,ﻚ
31523,ﻚ
31524,ﻚ
31525,ﻚ
31526,ﻚ
31527,ﻚ
31528,ﻚ
31529,ﻚ
31530,ﻚ
31531,ﻚ
31532,ﻚ
31533,ﻚ
31534,ﻚ
31535,ﻚ
31536,ﻚ
31537,ﻚ
31538,ﻚ
31539,ﻚ
31540,ﻚ
31541,ﻚ
31542,ﻚ
31543,ﻚ
31544,ﻚ
31545,ﻚ
31546,ﻚ
31547,ﻚ
31548,ﻚ
31549,ﻚ
31550,ﻚ
31551,ﻚ
31552,ﻚ
31553,ﻚ
31554,ﻚ
31555,ﻚ
31556,ﻚ
31557,ﻚ
31558,ﻚ
31559,ﻚ
31560,ﻚ
31561,ﻚ
31562,ﻚ
31563,ﻚ
31564,ﻚ
31565,ﻚ
31566,ﻚ
31567,ﻚ
31568,ﻚ
31569,ﻚ
31570,ﻚ
31571,ﻚ
31572,ﻚ
31573,ﻚ
31574,ﻚ
31575,ﻚ
31576,ﻚ
31577,ﻚ
31578,ﻚ
31579,ﻚ
31580,ﻚ
31581,ﻚ
31582,ﻚ
31583,ﻚ
31584,ﻛ
31585,ﻛ
31586,ﻛ
31587,ﻛ
31588,ﻛ
31589,ﻛ
31590,ﻛ
31591,ﻛ
31592,ﻛ
31593,ﻛ
31594,ﻛ
31595,ﻛ
31596,ﻛ
31597,ﻛ
31598,ﻛ
31599,ﻛ
31600,ﻛ
31601,ﻛ
31602,ﻛ
31603,ﻛ
31604,ﻛ
31605,ﻛ
31606,ﻛ
31607,ﻛ
31608,ﻛ
31609,ﻛ
31610,ﻛ
31611,ﻛ
31612,ﻛ
31613,ﻛ
31614,ﻛ
31615,ﻛ
31616,ﻛ
31617,ﻛ
31618,ﻛ
31619,ﻛ
31620,ﻛ
31621,ﻛ
31622,ﻛ
31623,ﻛ
31624,ﻛ
31625,ﻛ
31626,ﻛ
31627,ﻛ
31628,ﻛ
31629,ﻛ
31630,ﻛ
31631,ﻛ
31632,ﻛ
31633,ﻛ
31634,ﻛ
31635,ﻛ
31636,ﻛ
31637,ﻛ
31638,ﻛ
31639,ﻛ
31640,ﻛ
31641,ﻛ
31642,ﻛ
31643,ﻛ
31644,ﻛ
31645,ﻛ
31646,ﻛ
31647,ﻛ
31648,ﻛ
31649,ﻛ
31650,ﻛ
31651,ﻛ
31652,ﻛ
31653,ﻛ
31654,ﻛ
31655,ﻛ
31656,ﻛ
31657,ﻛ
31658,ﻛ
31659,ﻛ
31660,ﻛ
31661,ﻛ
31662,ﻛ
31663,ﻛ
31664,ﻛ
31665,ﻛ
31666,ﻛ
31667,ﻛ
31668,ﻛ
31669,ﻛ
31670,ﻛ
31671,ﻛ
31672,ﻛ
31673,ﻛ
31674,ﻛ
31675,ﻛ
31676,ﻛ
31677,ﻛ
31678,ﻛ
31679,ﻛ
31680,ﻛ
31681,ﻛ
31682,ﻛ
31683,ﻛ
31684,ﻛ
31685,ﻛ
31686,ﻛ
31687,ﻛ
31688,ﻛ
31689,ﻛ
31690,ﻛ
31691,ﻛ
31692,ﻛ
31693,ﻛ
31694,ﻛ
31695,ﻛ
31696,ﻞ
31697,ﻞ
31698,ﻞ
31699,ﻞ
31700,ﻞ
31701,ﻞ
31702,ﻞ
31703,ﻞ
31704,ﻞ
31705,ﻞ
31706,ﻞ
31707,ﻞ
31708,ﻞ
31709,ﻞ
31710,ﻞ
31711,ﻞ
31712,ﻞ
31713,ﻞ
31714,ﻞ
31715,ﻞ
31716,ﻞ
31717,ﻞ
31718,ﻞ
31719,ﻞ
31720,ﻞ
31721,ﻞ
31722,ﻞ
31723,ﻞ
31724,ﻞ
31725,ﻞ
31726,ﻞ
31727,ﻞ
31728,ﻞ
31729,ﻞ
31730,ﻞ
31731,ﻞ
31732,ﻞ
31733,ﻞ
31734,ﻞ
31735,ﻞ
31736,ﻞ
31737,ﻞ
31738,ﻞ
31739,ﻞ
31740,ﻞ
31741,ﻞ
31742,ﻞ
31743,ﻞ
31744,ﻞ
31745,ﻞ
31746,ﻞ
31747,ﻞ
31748,ﻞ
31749,ﻞ
31750,ﻞ
31751,ﻞ
31752,ﻞ
31753,ﻞ
31754,ﻞ
31755,ﻞ
31756,ﻞ
31757,ﻞ
31758,ﻞ
31759,ﻞ
31760,ﻞ
31761,ﻞ
31762,ﻞ
31763,ﻞ
31764,ﻞ
31765,ﻞ
31766,ﻞ
31767,ﻞ
31768,ﻞ
31769,ﻞ
31770,ﻞ
31771,ﻞ
31772,ﻞ
31773,ﻞ
31774,ﻞ
31775,ﻞ
31776,ﻞ
31777,ﻞ
31778,ﻞ
31779,ﻞ
31780,ﻞ
31781,ﻞ
31782,ﻞ
31783,ﻞ
31784,ﻞ
31785,ﻞ
31786,ﻞ
31787,ﻞ
31788,ﻞ
31789,ﻞ
31790,ﻞ
31791,ﻞ
31792,ﻞ
31793,ﻞ
31794,ﻞ
31795,ﻞ
31796,ﻞ
31797,ﻞ
31798,ﻞ
31799,ﻞ
31800,ﻞ
31801,ﻞ
31802,ﻞ
31803,ﻞ
31804,ﻞ
31805,ﻞ
31806,ﻞ
31807,ﻞ
31808,ﻟ
31809,ﻟ
31810,ﻟ
31811,ﻟ
31812,ﻟ
31813,ﻟ
31814,ﻟ
31815,ﻟ
31816,ﻟ
31817,ﻟ
31818,ﻟ
31819,ﻟ
31820,ﻟ
31821,ﻟ
31822,ﻟ
31823,ﻟ
31824,ﻟ
31825,ﻟ
31826,ﻟ
31827,ﻟ
31828,ﻟ
31829,ﻟ
31830,ﻟ
31831,ﻟ
31832,ﻟ
31833,ﻟ
31834,ﻟ
31835,ﻟ
31836,ﻟ
31837,ﻟ
31838,ﻟ
31839,ﻟ
31840,ﻟ
31841,ﻟ
31842,ﻟ
31843,ﻟ
31844,ﻟ
31845,ﻟ
31846,ﻟ
31847,ﻟ
31848,ﻟ
31849,ﻟ
31850,ﻟ
31851,ﻟ
31852,ﻟ
31853,ﻟ
31854,ﻟ
31855,ﻟ
31856,ﻟ
31857,ﻟ
31858,ﻟ
31859,ﻟ
31860,ﻟ
31861,ﻟ
31862,ﻟ
31863,ﻟ
31864,ﻟ
31865,ﻟ
31866,ﻟ
31867,ﻟ
31868,ﻟ
31869,ﻟ
31870,ﻟ
31871,ﻟ
31872,ﻟ
31873,ﻟ
31874,ﻟ
31875,ﻟ
31876,ﻟ
31877,ﻟ
31878,ﻟ
31879,ﻟ
31880,ﻟ
31881,ﻟ
31882,ﻟ
31883,ﻟ
31884,ﻟ
31885,ﻟ
31886,ﻟ
31887,ﻟ
31888,ﻟ
31889,ﻟ
31890,ﻟ
31891,ﻟ
31892,ﻟ
31893,ﻟ
31894,ﻟ
31895,ﻟ
31896,ﻟ
31897,ﻟ
31898,ﻟ
31899,ﻟ
31900,ﻟ
31901,ﻟ
31902,ﻟ
31903,ﻟ
31904,ﻟ
31905,ﻟ
31906,ﻟ
31907,ﻟ
31908,ﻟ
31909,ﻟ
31910,ﻟ
31911,ﻟ
31912,ﻟ
31913,ﻟ
31914,ﻟ
31915,ﻟ
31916,ﻟ
31917,ﻟ
31918,ﻟ
31919,ﻟ
31920,ﻠ
31921,ﻠ
31922,ﻠ
31923,ﻠ
31924,ﻠ
31925,ﻠ
31926,ﻠ
31927,ﻠ
31928,ﻠ
31929,ﻠ
31930,ﻠ
31931,ﻠ
31932,ﻠ
31933,ﻠ
31934,ﻠ
31935,ﻠ
31936,ﻠ
31937,ﻠ
31938,ﻠ
31939,ﻠ
31940,ﻠ
31941,ﻠ
31942,ﻠ
31943,ﻠ
31944,ﻠ
31945,ﻠ
31946,ﻠ
31947,ﻠ
31948,ﻠ
31949,ﻠ
31950,ﻠ
31951,ﻠ
31952,ﻠ
31953,ﻠ
31954,ﻠ
31955,ﻠ
31956,ﻠ
31957,ﻠ
31958,ﻠ
31959,ﻠ
31960,ﻠ
31961,ﻠ
31962,ﻠ
31963,ﻠ
31964,ﻠ
31965,ﻠ
31966,ﻠ
31967,ﻠ
31968,ﻠ
31969,ﻠ
31970,ﻠ
31971,ﻠ
31972,ﻠ
31973,ﻠ
31974,ﻠ
31975,ﻠ
31976,ﻠ
31977,ﻠ
31978,ﻠ
31979,ﻠ
31980,ﻠ
31981,ﻠ
31982,ﻠ
31983,ﻠ
31984,ﻠ
31985,ﻠ
31986,ﻠ
31987,ﻠ
31988,ﻠ
31989,ﻠ
31990,ﻠ
31991,ﻠ
31992,ﻠ
31993,ﻠ
31994,ﻠ
31995,ﻠ
31996,ﻠ
31997,ﻠ
31998,ﻠ
31999,ﻠ
32000,ﻠ
32001,ﻠ
32002,ﻠ
32003,ﻠ
32004,ﻠ
32005,ﻠ
32006,ﻠ
32007,ﻠ
32008,ﻠ
32009,ﻠ
32010,ﻠ
32011,ﻠ
32012,ﻠ
32013,ﻠ
32014,ﻠ
32015,ﻠ
32016,ﻠ
32017,ﻠ
32018,ﻠ
32019,ﻠ
32020,ﻠ
32021,ﻠ
32022,ﻠ
32023,ﻠ
32024,ﻠ
32025,ﻠ
32026,ﻠ
32027,ﻠ
32028,ﻠ
32029,ﻠ
32030,ﻠ
32031,ﻠ
32032,ﻢ
32033,ﻢ
32034,ﻢ
32035,ﻢ
32036,ﻢ
32037,ﻢ
32038,ﻢ
32039,ﻢ
32040,ﻢ
32041,ﻢ
32042,ﻢ
32043,ﻢ
32044,ﻢ
32045,ﻢ
32046,ﻢ
32047,ﻢ
32048,ﻢ
32049,ﻢ
32050,ﻢ
32051,ﻢ
32052,ﻢ
32053,ﻢ
32054,ﻢ
32055,ﻢ
32056,ﻢ
32057,ﻢ
32058,ﻢ
32059,ﻢ
32060,ﻢ
32061,ﻢ
32062,ﻢ
32063,ﻢ
32064,ﻢ
32065,ﻢ
32066,ﻢ
32067,ﻢ
32068,ﻢ
32069,ﻢ
32070,ﻢ
32071,ﻢ
32072,ﻢ
32073,ﻢ
32074,ﻢ
32075,ﻢ
32076,ﻢ
32077,ﻢ
32078,ﻢ
32079,ﻢ
32080,ﻢ
32081,ﻢ
32082,ﻢ
32083,ﻢ
32084,ﻢ
32085,ﻢ
32086,ﻢ
32087,ﻢ
32088,ﻢ
32089,ﻢ
32090,ﻢ
32091,ﻢ
32092,ﻢ
32093,ﻢ
32094,ﻢ
32095,ﻢ
32096,ﻢ
32097,ﻢ
32098,ﻢ
32099,ﻢ
32100,ﻢ
32101,ﻢ
32102,ﻢ
32103,ﻢ
32104,ﻢ
32105,ﻢ
32106,ﻢ
32107,ﻢ
32108,ﻢ
32109,ﻢ
32110,ﻢ
32111,ﻢ
32112,ﻢ
32113,ﻢ
32114,ﻢ
32115,ﻢ
32116,ﻢ
32117,ﻢ
32118,ﻢ
32119,ﻢ
32120,ﻢ
32121,ﻢ
32122,ﻢ
32123,ﻢ
32124,ﻢ
32125,ﻢ
32126,ﻢ
32127,ﻢ
32128,ﻢ
32129,ﻢ
32130,ﻢ
32131,ﻢ
32132,ﻢ
32133,ﻢ
32134,ﻢ
32135,ﻢ
32136,ﻢ
32137,ﻢ
32138,ﻢ
32139,ﻢ
32140,ﻢ
32141,ﻢ
32142,ﻢ
32143,ﻢ
32144,ﻣ
32145,ﻣ
32146,ﻣ
32147,ﻣ
32148,ﻣ
32149,ﻣ
32150,ﻣ
32151,ﻣ
32152,ﻣ
32153,ﻣ
32154,ﻣ
32155,ﻣ
32156,ﻣ
32157,ﻣ
32158,ﻣ
32159,ﻣ
32160,ﻣ
32161,ﻣ
32162,ﻣ
32163,ﻣ
32164,ﻣ
32165,ﻣ
32166,ﻣ
32167,ﻣ
32168,ﻣ
32169,ﻣ
32170,ﻣ
32171,ﻣ
32172,ﻣ
32173,ﻣ
32174,ﻣ
32175,ﻣ
32176,ﻣ
32177,ﻣ
32178,ﻣ
32179,ﻣ
32180,ﻣ
32181,ﻣ
32182,ﻣ
32183,ﻣ
32184,ﻣ
32185,ﻣ
32186,ﻣ
32187,ﻣ
32188,ﻣ
32189,ﻣ
32190,ﻣ
32191,ﻣ
32192,ﻣ
32193,ﻣ
32194,ﻣ
32195,ﻣ
32196,ﻣ
32197,ﻣ
32198,ﻣ
32199,ﻣ
32200,ﻣ
32201,ﻣ
32202,ﻣ
32203,ﻣ
32204,ﻣ
32205,ﻣ
32206,ﻣ
32207,ﻣ
32208,ﻣ
32209,ﻣ
32210,ﻣ
32211,ﻣ
32212,ﻣ
32213,ﻣ
32214,ﻣ
32215,ﻣ
32216,ﻣ
32217,ﻣ
32218,ﻣ
32219,ﻣ
32220,ﻣ
32221,ﻣ
32222,ﻣ
32223,ﻣ
32224,ﻣ
32225,ﻣ
32226,ﻣ
32227,ﻣ
32228,ﻣ
32229,ﻣ
32230,ﻣ
32231,ﻣ
32232,ﻣ
32233,ﻣ
32234,ﻣ
32235,ﻣ
32236,ﻣ
32237,ﻣ
32238,ﻣ
32239,ﻣ
32240,ﻣ
32241,ﻣ
32242,ﻣ
32243,ﻣ
32244,ﻣ
32245,ﻣ
32246,ﻣ
32247,ﻣ
32248,ﻣ
32249,ﻣ
32250,ﻣ
32251,ﻣ
32252,ﻣ
32253,ﻣ
32254,ﻣ
32255,ﻣ
32256,ﻦ
32257,ﻦ
32258,ﻦ
32259,ﻦ
32260,ﻦ
32261,ﻦ
32262,ﻦ
32263,ﻦ
32264,ﻦ
32265,ﻦ
32266,ﻦ
32267,ﻦ
32268,ﻦ
32269,ﻦ
32270,ﻦ
32271,ﻦ
32272,ﻦ
32273,ﻦ
32274,ﻦ
32275,ﻦ
32276,ﻦ
32277,ﻦ
32278,ﻦ
32279,ﻦ
32280,ﻦ
32281,ﻦ
32282,ﻦ
32283,ﻦ
32284,ﻦ
32285,ﻦ
32286,ﻦ
32287,ﻦ
32288,ﻦ
32289,ﻦ
32290,ﻦ
32291,ﻦ
32292,ﻦ
32293,ﻦ
32294,ﻦ
32295,ﻦ
32296,ﻦ
32297,ﻦ
32298,ﻦ
32299,ﻦ
32300,ﻦ
32301,ﻦ
32302,ﻦ
32303,ﻦ
32304,ﻦ
32305,ﻦ
32306,ﻦ
32307,ﻦ
32308,ﻦ
32309,ﻦ
32310,ﻦ
32311,ﻦ
32312,ﻦ
32313,ﻦ
32314,ﻦ
32315,ﻦ
32316,ﻦ
32317,ﻦ
32318,ﻦ
32319,ﻦ
32320,ﻦ
32321,ﻦ
32322,ﻦ
32323,ﻦ
32324,ﻦ
32325,ﻦ
32326,ﻦ
32327,ﻦ
32328,ﻦ
32329,ﻦ
32330,ﻦ
32331,ﻦ
32332,ﻦ
32333,ﻦ
32334,ﻦ
32335,ﻦ
32336,ﻦ
32337,ﻦ
32338,ﻦ
32339,ﻦ
32340,ﻦ
32341,ﻦ
32342,ﻦ
32343,ﻦ
32344,ﻦ
32345,ﻦ
32346,ﻦ
32347,ﻦ
32348,ﻦ
32349,ﻦ
32350,ﻦ
32351,ﻦ
32352,ﻦ
32353,ﻦ
32354,ﻦ
32355,ﻦ
32356,ﻦ
32357,ﻦ
32358,ﻦ
32359,ﻦ
32360,ﻦ
32361,ﻦ
32362,ﻦ
32363,ﻦ
32364,ﻦ
32365,ﻦ
32366,ﻦ
32367,ﻦ
32368,ﻧ
32369,ﻧ
32370,ﻧ
32371,ﻧ
32372,ﻧ
32373,ﻧ
32374,ﻧ
32375,ﻧ
32376,ﻧ
32377,ﻧ
32378,ﻧ
32379,ﻧ
32380,ﻧ
32381,ﻧ
32382,ﻧ
32383,ﻧ
32384,ﻧ
32385,ﻧ
32386,ﻧ
32387,ﻧ
32388,ﻧ
32389,ﻧ
32390,ﻧ
32391,ﻧ
32392,ﻧ
32393,ﻧ
32394,ﻧ
32395,ﻧ
32396,ﻧ
32397,ﻧ
32398,ﻧ
32399,ﻧ
32400,ﻧ
32401,ﻧ
32402,ﻧ
32403,ﻧ
32404,ﻧ
32405,ﻧ
32406,ﻧ
32407,ﻧ
32408,ﻧ
32409,ﻧ
32410,ﻧ
32411,ﻧ
32412,ﻧ
32413,ﻧ
32414,ﻧ
32415,ﻧ
32416,ﻧ
32417,ﻧ
32418,ﻧ
32419,ﻧ
32420,ﻧ
32421,ﻧ
32422,ﻧ
32423,ﻧ
32424,ﻧ
32425,ﻧ
32426,ﻧ
32427,ﻧ
32428,ﻧ
32429,ﻧ
32430,ﻧ
32431,ﻧ
32432,ﻧ
32433,ﻧ
32434,ﻧ
32435,ﻧ
32436,ﻧ
32437,ﻧ
32438,ﻧ
32439,ﻧ
32440,ﻧ
32441,ﻧ
32442,ﻧ
32443,ﻧ
32444,ﻧ
32445,ﻧ
32446,ﻧ
32447,ﻧ
32448,ﻧ
32449,ﻧ
32450,ﻧ
32451,ﻧ
32452,ﻧ
32453,ﻧ
32454,ﻧ
32455,ﻧ
32456,ﻧ
32457,ﻧ
32458,ﻧ
32459,ﻧ
32460,ﻧ
32461,ﻧ
32462,ﻧ
32463,ﻧ
32464,ﻧ
32465,ﻧ
32466,ﻧ
32467,ﻧ
32468,ﻧ
32469,ﻧ
32470,ﻧ
32471,ﻧ
32472,ﻧ
32473,ﻧ
32474,ﻧ
32475,ﻧ
32476,ﻧ
32477,ﻧ
32478,ﻧ
32479,ﻧ
32480,ﻩ
32481,ﻩ
32482,ﻩ
32483,ﻩ
32484,ﻩ
32485,ﻩ
32486,ﻩ
32487,ﻩ
32488,ﻩ
32489,ﻩ
32490,ﻩ
32491,ﻩ
32492,ﻩ
32493,ﻩ
32494,ﻩ
32495,ﻩ
32496,ﻩ
32497,ﻩ
32498,ﻩ
32499,ﻩ
32500,ﻩ
32501,ﻩ
32502,ﻩ
32503,ﻩ
32504,ﻩ
32505,ﻩ
32506,ﻩ
32507,ﻩ
32508,ﻩ
32509,ﻩ
32510,ﻩ
32511,ﻩ
32512,ﻩ
32513,ﻩ
32514,ﻩ
32515,ﻩ
32516,ﻩ
32517,ﻩ
32518,ﻩ
32519,ﻩ
32520,ﻩ
32521,ﻩ
32522,ﻩ
32523,ﻩ
32524,ﻩ
32525,ﻩ
32526,ﻩ
32527,ﻩ
32528,ﻩ
32529,ﻩ
32530,ﻩ
32531,ﻩ
32532,ﻩ
32533,ﻩ
32534,ﻩ
32535,ﻩ
32536,ﻩ
32537,ﻩ
32538,ﻩ
32539,ﻩ
32540,ﻩ
32541,ﻩ
32542,ﻩ
32543,ﻩ
32544,ﻩ
32545,ﻩ
32546,ﻩ
32547,ﻩ
32548,ﻩ
32549,ﻩ
32550,ﻩ
32551,ﻩ
32552,ﻩ
32553,ﻩ
32554,ﻩ
32555,ﻩ
32556,ﻩ
32557,ﻩ
32558,ﻩ
32559,ﻩ
32560,ﻩ
32561,ﻩ
32562,ﻩ
32563,ﻩ
32564,ﻩ
32565,ﻩ
32566,ﻩ
32567,ﻩ
32568,ﻩ
32569,ﻩ
32570,ﻩ
32571,ﻩ
32572,ﻩ
32573,ﻩ
32574,ﻩ
32575,ﻩ
32576,ﻩ
32577,ﻩ
32578,ﻩ
32579,ﻩ
32580,ﻩ
32581,ﻩ
32582,ﻩ
32583,ﻩ
32584,ﻩ
32585,ﻩ
32586,ﻩ
32587,ﻩ
32588,ﻩ
32589,ﻩ
32590,ﻩ
32591,ﻩ
32592,ﻪ
32593,ﻪ
32594,ﻪ
32595,ﻪ
32596,ﻪ
32597,ﻪ
32598,ﻪ
32599,ﻪ
32600,ﻪ
32601,ﻪ
32602,ﻪ
32603,ﻪ
32604,ﻪ
32605,ﻪ
32606,ﻪ
32607,ﻪ
32608,ﻪ
32609,ﻪ
32610,ﻪ
32611,ﻪ
32612,ﻪ
32613,ﻪ
32614,ﻪ
32615,ﻪ
32616,ﻪ
32617,ﻪ
32618,ﻪ
32619,ﻪ
32620,ﻪ
32621,ﻪ
32622,ﻪ
32623,ﻪ
32624,ﻪ
32625,ﻪ
32626,ﻪ
32627,ﻪ
32628,ﻪ
32629,ﻪ
32630,ﻪ
32631,ﻪ
32632,ﻪ
32633,ﻪ
32634,ﻪ
32635,ﻪ
32636,ﻪ
32637,ﻪ
32638,ﻪ
32639,ﻪ
32640,ﻪ
32641,ﻪ
32642,ﻪ
32643,ﻪ
32644,ﻪ
32645,ﻪ
32646,ﻪ
32647,ﻪ
32648,ﻪ
32649,ﻪ
32650,ﻪ
32651,ﻪ
32652,ﻪ
32653,ﻪ
32654,ﻪ
32655,ﻪ
32656,ﻪ
32657,ﻪ
32658,ﻪ
32659,ﻪ
32660,ﻪ
32661,ﻪ
32662,ﻪ
32663,ﻪ
32664,ﻪ
32665,ﻪ
32666,ﻪ
32667,ﻪ
32668,ﻪ
32669,ﻪ
32670,ﻪ
32671,ﻪ
32672,ﻪ
32673,ﻪ
32674,ﻪ
32675,ﻪ
32676,ﻪ
32677,ﻪ
32678,ﻪ
32679,ﻪ
32680,ﻪ
32681,ﻪ
32682,ﻪ
32683,ﻪ
32684,ﻪ
32685,ﻪ
32686,ﻪ
32687,ﻪ
32688,ﻪ
32689,ﻪ
32690,ﻪ
32691,ﻪ
32692,ﻪ
32693,ﻪ
32694,ﻪ
32695,ﻪ
32696,ﻪ
32697,ﻪ
32698,ﻪ
32699,ﻪ
32700,ﻪ
32701,ﻪ
32702,ﻪ
32703,ﻪ
32704,ﻫ
32705,ﻫ
32706,ﻫ
32707,ﻫ
32708,ﻫ
32709,ﻫ
32710,ﻫ
32711,ﻫ
32712,ﻫ
32713,ﻫ
32714,ﻫ
32715,ﻫ
32716,ﻫ
32717,ﻫ
32718,ﻫ
32719,ﻫ
32720,ﻫ
32721,ﻫ
32722,ﻫ
32723,ﻫ
32724,ﻫ
32725,ﻫ
32726,ﻫ
32727,ﻫ
32728,ﻫ
32729,ﻫ
32730,ﻫ
32731,ﻫ
32732,ﻫ
32733,ﻫ
32734,ﻫ
32735,ﻫ
32736,ﻫ
32737,ﻫ
32738,ﻫ
32739,ﻫ
32740,ﻫ
32741,ﻫ
32742,ﻫ
32743,ﻫ
32744,ﻫ
32745,ﻫ
32746,ﻫ
32747,ﻫ
32748,ﻫ
32749,ﻫ
32750,ﻫ
32751,ﻫ
32752,ﻫ
32753,ﻫ
32754,ﻫ
32755,ﻫ
32756,ﻫ
32757,ﻫ
32758,ﻫ
32759,ﻫ
32760,ﻫ
32761,ﻫ
32762,ﻫ
32763,ﻫ
32764,ﻫ
32765,ﻫ
32766,ﻫ
32767,ﻫ
32768,ﻫ
32769,ﻫ
32770,ﻫ
32771,ﻫ
32772,ﻫ
32773,ﻫ
32774,ﻫ
32775,ﻫ
32776,ﻫ
32777,ﻫ
32778,ﻫ
32779,ﻫ
32780,ﻫ
32781,ﻫ
32782,ﻫ
32783,ﻫ
32784,ﻫ
32785,ﻫ
32786,ﻫ
32787,ﻫ
32788,ﻫ
32789,ﻫ
32790,ﻫ
32791,ﻫ
32792,ﻫ
32793,ﻫ
32794,ﻫ
32795,ﻫ
32796,ﻫ
32797,ﻫ
32798,ﻫ
32799,ﻫ
32800,ﻫ
32801,ﻫ
32802,ﻫ
32803,ﻫ
32804,ﻫ
32805,ﻫ
32806,ﻫ
32807,ﻫ
32808,ﻫ
32809,ﻫ
32810,ﻫ
32811,ﻫ
32812,ﻫ
32813,ﻫ
32814,ﻫ
32815,ﻫ
32816,ﻬ
32817,ﻬ
32818,ﻬ
32819,ﻬ
32820,ﻬ
32821,ﻬ
32822,ﻬ
32823,ﻬ
32824,ﻬ
32825,ﻬ
32826,ﻬ
32827,ﻬ
32828,ﻬ
32829,ﻬ
32830,ﻬ
32831,ﻬ
32832,ﻬ
32833,ﻬ
32834,ﻬ
32835,ﻬ
32836,ﻬ
32837,ﻬ
32838,ﻬ
32839,ﻬ
32840,ﻬ
32841,ﻬ
32842,ﻬ
32843,ﻬ
32844,ﻬ
32845,ﻬ
32846,ﻬ
32847,ﻬ
32848,ﻬ
32849,ﻬ
32850,ﻬ
32851,ﻬ
32852,ﻬ
32853,ﻬ
32854,ﻬ
32855,ﻬ
32856,ﻬ
32857,ﻬ
32858,ﻬ
32859,ﻬ
32860,ﻬ
32861,ﻬ
32862,ﻬ
32863,ﻬ
32864,ﻬ
32865,ﻬ
32866,ﻬ
32867,ﻬ
32868,ﻬ
32869,ﻬ
32870,ﻬ
32871,ﻬ
32872,ﻬ
32873,ﻬ
32874,ﻬ
32875,ﻬ
32876,ﻬ
32877,ﻬ
32878,ﻬ
32879,ﻬ
32880,ﻬ
32881,ﻬ
32882,ﻬ
32883,ﻬ
32884,ﻬ
32885,ﻬ
32886,ﻬ
32887,ﻬ
32888,ﻬ
32889,ﻬ
32890,ﻬ
32891,ﻬ
32892,ﻬ
32893,ﻬ
32894,ﻬ
32895,ﻬ
32896,ﻬ
32897,ﻬ
32898,ﻬ
32899,ﻬ
32900,ﻬ
32901,ﻬ
32902,ﻬ
32903,ﻬ
32904,ﻬ
32905,ﻬ
32906,ﻬ
32907,ﻬ
32908,ﻬ
32909,ﻬ
32910,ﻬ
32911,ﻬ
32912,ﻬ
32913,ﻬ
32914,ﻬ
32915,ﻬ
32916,ﻬ
32917,ﻬ
32918,ﻬ
32919,ﻬ
32920,ﻬ
32921,ﻬ
32922,ﻬ
32923,ﻬ
32924,ﻬ
32925,ﻬ
32926,ﻬ
32927,ﻬ
32928,ﻮ
32929,ﻮ
32930,ﻮ
32931,ﻮ
32932,ﻮ
32933,ﻮ
32934,ﻮ
32935,ﻮ
32936,ﻮ
32937,ﻮ
32938,ﻮ
32939,ﻮ
32940,ﻮ
32941,ﻮ
32942,ﻮ
32943,ﻮ
32944,ﻮ
32945,ﻮ
32946,ﻮ
32947,ﻮ
32948,ﻮ
32949,ﻮ
32950,ﻮ
32951,ﻮ
32952,ﻮ
32953,ﻮ
32954,ﻮ
32955,ﻮ
32956,ﻮ
32957,ﻮ
32958,ﻮ
32959,ﻮ
32960,ﻮ
32961,ﻮ
32962,ﻮ
32963,ﻮ
32964,ﻮ
32965,ﻮ
32966,ﻮ
32967,ﻮ
32968,ﻮ
32969,ﻮ
32970,ﻮ
32971,ﻮ
32972,ﻮ
32973,ﻮ
32974,ﻮ
32975,ﻮ
32976,ﻮ
32977,ﻮ
32978,ﻮ
32979,ﻮ
32980,ﻮ
32981,ﻮ
32982,ﻮ
32983,ﻮ
32984,ﻮ
32985,ﻮ
32986,ﻮ
32987,ﻮ
32988,ﻮ
32989,ﻮ
32990,ﻮ
32991,ﻮ
32992,ﻮ
32993,ﻮ
32994,ﻮ
32995,ﻮ
32996,ﻮ
32997,ﻮ
32998,ﻮ
32999,ﻮ
33000,ﻮ
33001,ﻮ
33002,ﻮ
33003,ﻮ
33004,ﻮ
33005,ﻮ
33006,ﻮ
33007,ﻮ
33008,ﻮ
33009,ﻮ
33010,ﻮ
33011,ﻮ
33012,ﻮ
33013,ﻮ
33014,ﻮ
33015,ﻮ
33016,ﻮ
33017,ﻮ
33018,ﻮ
33019,ﻮ
33020,ﻮ
33021,ﻮ
33022,ﻮ
33023,ﻮ
33024,ﻮ
33025,ﻮ
33026,ﻮ
33027,ﻮ
33028,ﻮ
33029,ﻮ
33030,ﻮ
33031,ﻮ
33032,ﻮ
33033,ﻮ
33034,ﻮ
33035,ﻮ
33036,ﻮ
33037,ﻮ
33038,ﻮ
33039,ﻮ
33040,ﯼ
33041,ﯼ
33042,ﯼ
33043,ﯼ
33044,ﯼ
33045,ﯼ
33046,ﯼ
33047,ﯼ
33048,ﯼ
33049,ﯼ
33050,ﯼ
33051,ﯼ
33052,ﯼ
33053,ﯼ
33054,ﯼ
33055,ﯼ
33056,ﯼ
33057,ﯼ
33058,ﯼ
33059,ﯼ
33060,ﯼ
33061,ﯼ
33062,ﯼ
33063,ﯼ
33064,ﯼ
33065,ﯼ
33066,ﯼ
33067,ﯼ
33068,ﯼ
33069,ﯼ
33070,ﯼ
33071,ﯼ
33072,ﯼ
33073,ﯼ
33074,ﯼ
33075,ﯼ
33076,ﯼ
33077,ﯼ
33078,ﯼ
33079,ﯼ
33080,ﯼ
33081,ﯼ
33082,ﯼ
33083,ﯼ
33084,ﯼ
33085,ﯼ
33086,ﯼ
33087,ﯼ
33088,ﯼ
33089,ﯼ
33090,ﯼ
33091,ﯼ
33092,ﯼ
33093,ﯼ
33094,ﯼ
33095,ﯼ
33096,ﯼ
33097,ﯼ
33098,ﯼ
33099,ﯼ
33100,ﯼ
33101,ﯼ
33102,ﯼ
33103,ﯼ
33104,ﯼ
33105,ﯼ
33106,ﯼ
33107,ﯼ
33108,ﯼ
33109,ﯼ
33110,ﯼ
33111,ﯼ
33112,ﯼ
33113,ﯼ
33114,ﯼ
33115,ﯼ
33116,ﯼ
33117,ﯼ
33118,ﯼ
33119,ﯼ
33120,ﯼ
33121,ﯼ
33122,ﯼ
33123,ﯼ
33124,ﯼ
33125,ﯼ
33126,ﯼ
33127,ﯼ
33128,ﯼ
33129,ﯼ
33130,ﯼ
33131,ﯼ
33132,ﯼ
33133,ﯼ
33134,ﯼ
33135,ﯼ
33136,ﯼ
33137,ﯼ
33138,ﯼ
33139,ﯼ
33140,ﯼ
33141,ﯼ
33142,ﯼ
33143,ﯼ
33144,ﯼ
33145,ﯼ
33146,ﯼ
33147,ﯼ
33148,ﯼ
33149,ﯼ
33150,ﯼ
33151,ﯼ
33152,ﯾ
33153,ﯾ
33154,ﯾ
33155,ﯾ
33156,ﯾ
33157,ﯾ
33158,ﯾ
33159,ﯾ
33160,ﯾ
33161,ﯾ
33162,ﯾ
33163,ﯾ
33164,ﯾ
33165,ﯾ
33166,ﯾ
33167,ﯾ
33168,ﯾ
33169,ﯾ
33170,ﯾ
33171,ﯾ
33172,ﯾ
33173,ﯾ
33174,ﯾ
33175,ﯾ
33176,ﯾ
33177,ﯾ
33178,ﯾ
33179,ﯾ
33180,ﯾ
33181,ﯾ
33182,ﯾ
33183,ﯾ
33184,ﯾ
33185,ﯾ
33186,ﯾ
33187,ﯾ
33188,ﯾ
33189,ﯾ
33190,ﯾ
33191,ﯾ
33192,ﯾ
33193,ﯾ
33194,ﯾ
33195,ﯾ
33196,ﯾ
33197,ﯾ
33198,ﯾ
33199,ﯾ
33200,ﯾ
33201,ﯾ
33202,ﯾ
33203,ﯾ
33204,ﯾ
33205,ﯾ
33206,ﯾ
33207,ﯾ
33208,ﯾ
33209,ﯾ
33210,ﯾ
33211,ﯾ
33212,ﯾ
33213,ﯾ
33214,ﯾ
33215,ﯾ
33216,ﯾ
33217,ﯾ
33218,ﯾ
33219,ﯾ
33220,ﯾ
33221,ﯾ
33222,ﯾ
33223,ﯾ
33224,ﯾ
33225,ﯾ
33226,ﯾ
33227,ﯾ
33228,ﯾ
33229,ﯾ
33230,ﯾ
33231,ﯾ
33232,ﯾ
33233,ﯾ
33234,ﯾ
33235,ﯾ
33236,ﯾ
33237,ﯾ
33238,ﯾ
33239,ﯾ
33240,ﯾ
33241,ﯾ
33242,ﯾ
33243,ﯾ
33244,ﯾ
33245,ﯾ
33246,ﯾ
33247,ﯾ
33248,ﯾ
33249,ﯾ
33250,ﯾ
33251,ﯾ
33252,ﯾ
33253,ﯾ
33254,ﯾ
33255,ﯾ
33256,ﯾ
33257,ﯾ
33258,ﯾ
33259,ﯾ
33260,ﯾ
33261,ﯾ
33262,ﯾ
33263,ﯾ
33264,ﭗ
33265,ﭗ
33266,ﭗ
33267,ﭗ
33268,ﭗ
33269,ﭗ
33270,ﭗ
33271,ﭗ
33272,ﭗ
33273,ﭗ
33274,ﭗ
33275,ﭗ
33276,ﭗ
33277,ﭗ
33278,ﭗ
33279,ﭗ
33280,ﭗ
33281,ﭗ
33282,ﭗ
33283,ﭗ
33284,ﭗ
33285,ﭗ
33286,ﭗ
33287,ﭗ
33288,ﭗ
33289,ﭗ
33290,ﭗ
33291,ﭗ
33292,ﭗ
33293,ﭗ
33294,ﭗ
33295,ﭗ
33296,ﭗ
33297,ﭗ
33298,ﭗ
33299,ﭗ
33300,ﭗ
33301,ﭗ
33302,ﭗ
33303,ﭗ
33304,ﭗ
33305,ﭗ
33306,ﭗ
33307,ﭗ
33308,ﭗ
33309,ﭗ
33310,ﭗ
33311,ﭗ
33312,ﭗ
33313,ﭗ
33314,ﭗ
33315,ﭗ
33316,ﭗ
33317,ﭗ
33318,ﭗ
33319,ﭗ
33320,ﭗ
33321,ﭗ
33322,ﭗ
33323,ﭗ
33324,ﭗ
33325,ﭗ
33326,ﭗ
33327,ﭗ
33328,ﭗ
33329,ﭗ
33330,ﭗ
33331,ﭗ
33332,ﭗ
33333,ﭗ
33334,ﭗ
33335,ﭗ
33336,ﭗ
33337,ﭗ
33338,ﭗ
33339,ﭗ
33340,ﭗ
33341,ﭗ
33342,ﭗ
33343,ﭗ
33344,ﭗ
33345,ﭗ
33346,ﭗ
33347,ﭗ
33348,ﭗ
33349,ﭗ
33350,ﭗ
33351,ﭗ
33352,ﭗ
33353,ﭗ
33354,ﭗ
33355,ﭗ
33356,ﭗ
33357,ﭗ
33358,ﭗ
33359,ﭗ
33360,ﭗ
33361,ﭗ
33362,ﭗ
33363,ﭗ
33364,ﭗ
33365,ﭗ
33366,ﭗ
33367,ﭗ
33368,ﭗ
33369,ﭗ
33370,ﭗ
33371,ﭗ
33372,ﭗ
33373,ﭗ
33374,ﭗ
33375,ﭗ
33376,ﭘ
33377,ﭘ
33378,ﭘ
33379,ﭘ
33380,ﭘ
33381,ﭘ
33382,ﭘ
33383,ﭘ
33384,ﭘ
33385,ﭘ
33386,ﭘ
33387,ﭘ
33388,ﭘ
33389,ﭘ
33390,ﭘ
33391,ﭘ
33392,ﭘ
33393,ﭘ
33394,ﭘ
33395,ﭘ
33396,ﭘ
33397,ﭘ
33398,ﭘ
33399,ﭘ
33400,ﭘ
33401,ﭘ
33402,ﭘ
33403,ﭘ
33404,ﭘ
33405,ﭘ
33406,ﭘ
33407,ﭘ
33408,ﭘ
33409,ﭘ
33410,ﭘ
33411,ﭘ
33412,ﭘ
33413,ﭘ
33414,ﭘ
33415,ﭘ
33416,ﭘ
33417,ﭘ
33418,ﭘ
33419,ﭘ
33420,ﭘ
33421,ﭘ
33422,ﭘ
33423,ﭘ
33424,ﭘ
33425,ﭘ
33426,ﭘ
33427,ﭘ
33428,ﭘ
33429,ﭘ
33430,ﭘ
33431,ﭘ
33432,ﭘ
33433,ﭘ
33434,ﭘ
33435,ﭘ
33436,ﭘ
33437,ﭘ
33438,ﭘ
33439,ﭘ
33440,ﭘ
33441,ﭘ
33442,ﭘ
33443,ﭘ
33444,ﭘ
33445,ﭘ
33446,ﭘ
33447,ﭘ
33448,ﭘ
33449,ﭘ
33450,ﭘ
33451,ﭘ
33452,ﭘ
33453,ﭘ
33454,ﭘ
33455,ﭘ
33456,ﭘ
33457,ﭘ
33458,ﭘ
33459,ﭘ
33460,ﭘ
33461,ﭘ
33462,ﭘ
33463,ﭘ
33464,ﭘ
33465,ﭘ
33466,ﭘ
33467,ﭘ
33468,ﭘ
33469,ﭘ
33470,ﭘ
33471,ﭘ
33472,ﭘ
33473,ﭘ
33474,ﭘ
33475,ﭘ
33476,ﭘ
33477,ﭘ
33478,ﭘ
33479,ﭘ
33480,ﭘ
33481,ﭘ
33482,ﭘ
33483,ﭘ
33484,ﭘ
33485,ﭘ
33486,ﭘ
33487,ﭘ
33488,ﭻ
33489,ﭻ
33490,ﭻ
33491,ﭻ
33492,ﭻ
33493,ﭻ
33494,ﭻ
33495,ﭻ
33496,ﭻ
33497,ﭻ
33498,ﭻ
33499,ﭻ
33500,ﭻ
33501,ﭻ
33502,ﭻ
33503,ﭻ
33504,ﭻ
33505,ﭻ
33506,ﭻ
33507,ﭻ
33508,ﭻ
33509,ﭻ
33510,ﭻ
33511,ﭻ
33512,ﭻ
33513,ﭻ
33514,ﭻ
33515,ﭻ
33516,ﭻ
33517,ﭻ
33518,ﭻ
33519,ﭻ
33520,ﭻ
33521,ﭻ
33522,ﭻ
33523,ﭻ
33524,ﭻ
33525,ﭻ
33526,ﭻ
33527,ﭻ
33528,ﭻ
33529,ﭻ
33530,ﭻ
33531,ﭻ
33532,ﭻ
33533,ﭻ
33534,ﭻ
33535,ﭻ
33536,ﭻ
33537,ﭻ
33538,ﭻ
33539,ﭻ
33540,ﭻ
33541,ﭻ
33542,ﭻ
33543,ﭻ
33544,ﭻ
33545,ﭻ
33546,ﭻ
33547,ﭻ
33548,ﭻ
33549,ﭻ
33550,ﭻ
33551,ﭻ
33552,ﭻ
33553,ﭻ
33554,ﭻ
33555,ﭻ
33556,ﭻ
33557,ﭻ
33558,ﭻ
33559,ﭻ
33560,ﭻ
33561,ﭻ
33562,ﭻ
33563,ﭻ
33564,ﭻ
33565,ﭻ
33566,ﭻ
33567,ﭻ
33568,ﭻ
33569,ﭻ
33570,ﭻ
33571,ﭻ
33572,ﭻ
33573,ﭻ
33574,ﭻ
33575,ﭻ
33576,ﭻ
33577,ﭻ
33578,ﭻ
33579,ﭻ
33580,ﭻ
33581,ﭻ
33582,ﭻ
33583,ﭻ
33584,ﭻ
33585,ﭻ
33586,ﭻ
33587,ﭻ
33588,ﭻ
33589,ﭻ
33590,ﭻ
33591,ﭻ
33592,ﭻ
33593,ﭻ
33594,ﭻ
33595,ﭻ
33596,ﭻ
33597,ﭻ
33598,ﭻ
33599,ﭻ
33600,ﭼ
33601,ﭼ
33602,ﭼ
33603,ﭼ
33604,ﭼ
33605,ﭼ
33606,ﭼ
33607,ﭼ
33608,ﭼ
33609,ﭼ
33610,ﭼ
33611,ﭼ
33612,ﭼ
33613,ﭼ
33614,ﭼ
33615,ﭼ
33616,ﭼ
33617,ﭼ
33618,ﭼ
33619,ﭼ
33620,ﭼ
33621,ﭼ
33622,ﭼ
33623,ﭼ
33624,ﭼ
33625,ﭼ
33626,ﭼ
33627,ﭼ
33628,ﭼ
33629,ﭼ
33630,ﭼ
33631,ﭼ
33632,ﭼ
33633,ﭼ
33634,ﭼ
33635,ﭼ
33636,ﭼ
33637,ﭼ
33638,ﭼ
33639,ﭼ
33640,ﭼ
33641,ﭼ
33642,ﭼ
33643,ﭼ
33644,ﭼ
33645,ﭼ
33646,ﭼ
33647,ﭼ
33648,ﭼ
33649,ﭼ
33650,ﭼ
33651,ﭼ
33652,ﭼ
33653,ﭼ
33654,ﭼ
33655,ﭼ
33656,ﭼ
33657,ﭼ
33658,ﭼ
33659,ﭼ
33660,ﭼ
33661,ﭼ
33662,ﭼ
33663,ﭼ
33664,ﭼ
33665,ﭼ
33666,ﭼ
33667,ﭼ
33668,ﭼ
33669,ﭼ
33670,ﭼ
33671,ﭼ
33672,ﭼ
33673,ﭼ
33674,ﭼ
33675,ﭼ
33676,ﭼ
33677,ﭼ
33678,ﭼ
33679,ﭼ
33680,ﭼ
33681,ﭼ
33682,ﭼ
33683,ﭼ
33684,ﭼ
33685,ﭼ
33686,ﭼ
33687,ﭼ
33688,ﭼ
33689,ﭼ
33690,ﭼ
33691,ﭼ
33692,ﭼ
33693,ﭼ
33694,ﭼ
33695,ﭼ
33696,ﭼ
33697,ﭼ
33698,ﭼ
33699,ﭼ
33700,ﭼ
33701,ﭼ
33702,ﭼ
33703,ﭼ
33704,ﭼ
33705,ﭼ
33706,ﭼ
33707,ﭼ
33708,ﭼ
33709,ﭼ
33710,ﭼ
33711,ﭼ
33712,ﮋ
33713,ﮋ
33714,ﮋ
33715,ﮋ
33716,ﮋ
33717,ﮋ
33718,ﮋ
33719,ﮋ
33720,ﮋ
33721,ﮋ
33722,ﮋ
33723,ﮋ
33724,ﮋ
33725,ﮋ
33726,ﮋ
33727,ﮋ
33728,ﮋ
33729,ﮋ
33730,ﮋ
33731,ﮋ
33732,ﮋ
33733,ﮋ
33734,ﮋ
33735,ﮋ
33736,ﮋ
33737,ﮋ
33738,ﮋ
33739,ﮋ
33740,ﮋ
33741,ﮋ
33742,ﮋ
33743,ﮋ
33744,ﮋ
33745,ﮋ
33746,ﮋ
33747,ﮋ
33748,ﮋ
33749,ﮋ
33750,ﮋ
33751,ﮋ
33752,ﮋ
33753,ﮋ
33754,ﮋ
33755,ﮋ
33756,ﮋ
33757,ﮋ
33758,ﮋ
33759,ﮋ
33760,ﮋ
33761,ﮋ
33762,ﮋ
33763,ﮋ
33764,ﮋ
33765,ﮋ
33766,ﮋ
33767,ﮋ
33768,ﮋ
33769,ﮋ
33770,ﮋ
33771,ﮋ
33772,ﮋ
33773,ﮋ
33774,ﮋ
33775,ﮋ
33776,ﮋ
33777,ﮋ
33778,ﮋ
33779,ﮋ
33780,ﮋ
33781,ﮋ
33782,ﮋ
33783,ﮋ
33784,ﮋ
33785,ﮋ
33786,ﮋ
33787,ﮋ
33788,ﮋ
33789,ﮋ
33790,ﮋ
33791,ﮋ
33792,ﮋ
33793,ﮋ
33794,ﮋ
33795,ﮋ
33796,ﮋ
33797,ﮋ
33798,ﮋ
33799,ﮋ
33800,ﮋ
33801,ﮋ
33802,ﮋ
33803,ﮋ
33804,ﮋ
33805,ﮋ
33806,ﮋ
33807,ﮋ
33808,ﮋ
33809,ﮋ
33810,ﮋ
33811,ﮋ
33812,ﮋ
33813,ﮋ
33814,ﮋ
33815,ﮋ
33816,ﮋ
33817,ﮋ
33818,ﮋ
33819,ﮋ
33820,ﮋ
33821,ﮋ
33822,ﮋ
33823,ﮋ
33824,ﮓ
33825,ﮓ
33826,ﮓ
33827,ﮓ
33828,ﮓ
33829,ﮓ
33830,ﮓ
33831,ﮓ
33832,ﮓ
33833,ﮓ
33834,ﮓ
33835,ﮓ
33836,ﮓ
33837,ﮓ
33838,ﮓ
33839,ﮓ
33840,ﮓ
33841,ﮓ
33842,ﮓ
33843,ﮓ
33844,ﮓ
33845,ﮓ
33846,ﮓ
33847,ﮓ
33848,ﮓ
33849,ﮓ
33850,ﮓ
33851,ﮓ
33852,ﮓ
33853,ﮓ
33854,ﮓ
33855,ﮓ
33856,ﮓ
33857,ﮓ
33858,ﮓ
33859,ﮓ
33860,ﮓ
33861,ﮓ
33862,ﮓ
33863,ﮓ
33864,ﮓ
33865,ﮓ
33866,ﮓ
33867,ﮓ
33868,ﮓ
33869,ﮓ
33870,ﮓ
33871,ﮓ
33872,ﮓ
33873,ﮓ
33874,ﮓ
33875,ﮓ
33876,ﮓ
33877,ﮓ
33878,ﮓ
33879,ﮓ
33880,ﮓ
33881,ﮓ
33882,ﮓ
33883,ﮓ
33884,ﮓ
33885,ﮓ
33886,ﮓ
33887,ﮓ
33888,ﮓ
33889,ﮓ
33890,ﮓ
33891,ﮓ
33892,ﮓ
33893,ﮓ
33894,ﮓ
33895,ﮓ
33896,ﮓ
33897,ﮓ
33898,ﮓ
33899,ﮓ
33900,ﮓ
33901,ﮓ
33902,ﮓ
33903,ﮓ
33904,ﮓ
33905,ﮓ
33906,ﮓ
33907,ﮓ
33908,ﮓ
33909,ﮓ
33910,ﮓ
33911,ﮓ
33912,ﮓ
33913,ﮓ
33914,ﮓ
33915,ﮓ
33916,ﮓ
33917,ﮓ
33918,ﮓ
33919,ﮓ
33920,ﮓ
33921,ﮓ
33922,ﮓ
33923,ﮓ
33924,ﮓ
33925,ﮓ
33926,ﮓ
33927,ﮓ
33928,ﮓ
33929,ﮓ
33930,ﮓ
33931,ﮓ
33932,ﮓ
33933,ﮓ
33934,ﮓ
33935,ﮓ
33936,ﮔ
33937,ﮔ
33938,ﮔ
33939,ﮔ
33940,ﮔ
33941,ﮔ
33942,ﮔ
33943,ﮔ
33944,ﮔ
33945,ﮔ
33946,ﮔ
33947,ﮔ
33948,ﮔ
33949,ﮔ
33950,ﮔ
33951,ﮔ
33952,ﮔ
33953,ﮔ
33954,ﮔ
33955,ﮔ
33956,ﮔ
33957,ﮔ
33958,ﮔ
33959,ﮔ
33960,ﮔ
33961,ﮔ
33962,ﮔ
33963,ﮔ
33964,ﮔ
33965,ﮔ
33966,ﮔ
33967,ﮔ
33968,ﮔ
33969,ﮔ
33970,ﮔ
33971,ﮔ
33972,ﮔ
33973,ﮔ
33974,ﮔ
33975,ﮔ
33976,ﮔ
33977,ﮔ
33978,ﮔ
33979,ﮔ
33980,ﮔ
33981,ﮔ
33982,ﮔ
33983,ﮔ
33984,ﮔ
33985,ﮔ
33986,ﮔ
33987,ﮔ
33988,ﮔ
33989,ﮔ
33990,ﮔ
33991,ﮔ
33992,ﮔ
33993,ﮔ
33994,ﮔ
33995,ﮔ
33996,ﮔ
33997,ﮔ
33998,ﮔ
33999,ﮔ
34000,ﮔ
34001,ﮔ
34002,ﮔ
34003,ﮔ
34004,ﮔ
34005,ﮔ
34006,ﮔ
34007,ﮔ
34008,ﮔ
34009,ﮔ
34010,ﮔ
34011,ﮔ
34012,ﮔ
34013,ﮔ
34014,ﮔ
34015,ﮔ
34016,ﮔ
34017,ﮔ
34018,ﮔ
34019,ﮔ
34020,ﮔ
34021,ﮔ
34022,ﮔ
34023,ﮔ
34024,ﮔ
34025,ﮔ
34026,ﮔ
34027,ﮔ
34028,ﮔ
34029,ﮔ
34030,ﮔ
34031,ﮔ
34032,ﮔ
34033,ﮔ
34034,ﮔ
34035,ﮔ
34036,ﮔ
34037,ﮔ
34038,ﮔ
34039,ﮔ
34040,ﮔ
34041,ﮔ
34042,ﮔ
34043,ﮔ
34044,ﮔ
34045,ﮔ
34046,ﮔ
34047,ﮔ
34048,ﺋ
34049,ﺋ
34050,ﺋ
34051,ﺋ
34052,ﺋ
34053,ﺋ
34054,ﺋ
34055,ﺋ
34056,ﺋ
34057,ﺋ
34058,ﺋ
34059,ﺋ
34060,ﺋ
34061,ﺋ
34062,ﺋ
34063,ﺋ
34064,ﺋ
34065,ﺋ
34066,ﺋ
34067,ﺋ
34068,ﺋ
34069,ﺋ
34070,ﺋ
34071,ﺋ
34072,ﺋ
34073,ﺋ
34074,ﺋ
34075,ﺋ
34076,ﺋ
34077,ﺋ
34078,ﺋ
34079,ﺋ
34080,ﺋ
34081,ﺋ
34082,ﺋ
34083,ﺋ
34084,ﺋ
34085,ﺋ
34086,ﺋ
34087,ﺋ
34088,ﺋ
34089,ﺋ
34090,ﺋ
34091,ﺋ
34092,ﺋ
34093,ﺋ
34094,ﺋ
34095,ﺋ
34096,ﺋ
34097,ﺋ
34098,ﺋ
34099,ﺋ
34100,ﺋ
34101,ﺋ
34102,ﺋ
34103,ﺋ
34104,ﺋ
34105,ﺋ
34106,ﺋ
34107,ﺋ
34108,ﺋ
34109,ﺋ
34110,ﺋ
34111,ﺋ
34112,ﺋ
34113,ﺋ
34114,ﺋ
34115,ﺋ
34116,ﺋ
34117,ﺋ
34118,ﺋ
34119,ﺋ
34120,ﺋ
34121,ﺋ
34122,ﺋ
34123,ﺋ
34124,ﺋ
34125,ﺋ
34126,ﺋ
34127,ﺋ
34128,ﺋ
34129,ﺋ
34130,ﺋ
34131,ﺋ
34132,ﺋ
34133,ﺋ
34134,ﺋ
34135,ﺋ
34136,ﺋ
34137,ﺋ
34138,ﺋ
34139,ﺋ
34140,ﺋ
34141,ﺋ
34142,ﺋ
34143,ﺋ
34144,ﺋ
34145,ﺋ
34146,ﺋ
34147,ﺋ
34148,ﺋ
34149,ﺋ
34150,ﺋ
34151,ﺋ
34152,ﺋ
34153,ﺋ
34154,ﺋ
34155,ﺋ
34156,ﺋ
34157,ﺋ
34158,ﺋ
34159,ﺋ
34160,ﺁ
34161,ﺁ
34162,ﺁ
34163,ﺁ
34164,ﺁ
34165,ﺁ
34166,ﺁ
34167,ﺁ
34168,ﺁ
34169,ﺁ
34170,ﺁ
34171,ﺁ
34172,ﺁ
34173,ﺁ
34174,ﺁ
34175,ﺁ
34176,ﺁ
34177,ﺁ
34178,ﺁ
34179,ﺁ
34180,ﺁ
34181,ﺁ
34182,ﺁ
34183,ﺁ
34184,ﺁ
34185,ﺁ
34186,ﺁ
34187,ﺁ
34188,ﺁ
34189,ﺁ
34190,ﺁ
34191,ﺁ
34192,ﺁ
34193,ﺁ
34194,ﺁ
34195,ﺁ
34196,ﺁ
34197,ﺁ
34198,ﺁ
34199,ﺁ
34200,ﺁ
34201,ﺁ
34202,ﺁ
34203,ﺁ
34204,ﺁ
34205,ﺁ
34206,ﺁ
34207,ﺁ
34208,ﺁ
34209,ﺁ
34210,ﺁ
34211,ﺁ
34212,ﺁ
34213,ﺁ
34214,ﺁ
34215,ﺁ
34216,ﺁ
34217,ﺁ
34218,ﺁ
34219,ﺁ
34220,ﺁ
34221,ﺁ
34222,ﺁ
34223,ﺁ
34224,ﺁ
34225,ﺁ
34226,ﺁ
34227,ﺁ
34228,ﺁ
34229,ﺁ
34230,ﺁ
34231,ﺁ
34232,ﺁ
34233,ﺁ
34234,ﺁ
34235,ﺁ
34236,ﺁ
34237,ﺁ
34238,ﺁ
34239,ﺁ
34240,ﺁ
34241,ﺁ
34242,ﺁ
34243,ﺁ
34244,ﺁ
34245,ﺁ
34246,ﺁ
34247,ﺁ
34248,ﺁ
34249,ﺁ
34250,ﺁ
34251,ﺁ
34252,ﺁ
34253,ﺁ
34254,ﺁ
34255,ﺁ
34256,ﺁ
34257,ﺁ
34258,ﺁ
34259,ﺁ
34260,ﺁ
34261,ﺁ
34262,ﺁ
34263,ﺁ
34264,ﺁ
34265,ﺁ
34266,ﺁ
34267,ﺁ
34268,ﺁ
34269,ﺁ
34270,ﺁ
34271,ﺁ
34272,،
34273,،
34274,،
34275,،
34276,،
34277,،
34278,،
34279,،
34280,،
34281,،
34282,،
34283,،
34284,،
34285,،
34286,،
34287,،
34288,،
34289,،
34290,،
34291,،
34292,،
34293,،
34294,،
34295,،
34296,،
34297,،
34298,،
34299,،
34300,،
34301,،
34302,،
34303,،
34304,،
34305,،
34306,،
34307,،
34308,،
34309,،
34310,،
34311,،
34312,،
34313,،
34314,،
34315,،
34316,،
34317,،
34318,،
34319,،
34320,،
34321,،
34322,،
34323,،
34324,،
34325,،
34326,،
34327,،
34328,،
34329,،
34330,،
34331,،
34332,،
34333,،
34334,،
34335,،
34336,،
34337,،
34338,،
34339,،
34340,،
34341,،
34342,،
34343,،
34344,،
34345,،
34346,،
34347,،
34348,،
34349,،
34350,،
34351,،
34352,،
34353,،
34354,،
34355,،
34356,،
34357,،
34358,،
34359,،
34360,،
34361,،
34362,،
34363,،
34364,،
34365,،
34366,،
34367,،
34368,،
34369,،
34370,،
34371,،
34372,،
34373,،
34374,،
34375,،
34376,،
34377,،
34378,،
34379,،
34380,،
34381,،
34382,،
34383,،
34384,؛
34385,؛
34386,؛
34387,؛
34388,؛
34389,؛
34390,؛
34391,؛
34392,؛
34393,؛
34394,؛
34395,؛
34396,؛
34397,؛
34398,؛
34399,؛
34400,؛
34401,؛
34402,؛
34403,؛
34404,؛
34405,؛
34406,؛
34407,؛
34408,؛
34409,؛
34410,؛
34411,؛
34412,؛
34413,؛
34414,؛
34415,؛
34416,؛
34417,؛
34418,؛
34419,؛
34420,؛
34421,؛
34422,؛
34423,؛
34424,؛
34425,؛
34426,؛
34427,؛
34428,؛
34429,؛
34430,؛
34431,؛
34432,؛
34433,؛
34434,؛
34435,؛
34436,؛
34437,؛
34438,؛
34439,؛
34440,؛
34441,؛
34442,؛
34443,؛
34444,؛
34445,؛
34446,؛
34447,؛
34448,؛
34449,؛
34450,؛
34451,؛
34452,؛
34453,؛
34454,؛
34455,؛
34456,؛
34457,؛
34458,؛
34459,؛
34460,؛
34461,؛
34462,؛
34463,؛
34464,؛
34465,؛
34466,؛
34467,؛
34468,؛
34469,؛
34470,؛
34471,؛
34472,؛
34473,؛
34474,؛
34475,؛
34476,؛
34477,؛
34478,؛
34479,؛
34480,؛
34481,؛
34482,؛
34483,؛
34484,؛
34485,؛
34486,؛
34487,؛
34488,؛
34489,؛
34490,؛
34491,؛
34492,؛
34493,؛
34494,؛
34495,؛
34496,0
34497,0
34498,0
34499,0
34500,0
34501,0
34502,0
34503,0
34504,0
34505,0
34506,0
34507,0
34508,0
34509,0
34510,0
34511,0
34512,0
34513,0
34514,0
34515,0
34516,0
34517,0
34518,0
34519,0
34520,0
34521,0
34522,0
34523,0
34524,0
34525,0
34526,0
34527,0
34528,0
34529,0
34530,0
34531,0
34532,0
34533,0
34534,0
34535,0
34536,0
34537,0
34538,0
34539,0
34540,0
34541,0
34542,0
34543,0
34544,0
34545,0
34546,0
34547,0
34548,0
34549,0
34550,0
34551,0
34552,0
34553,0
34554,0
34555,0
34556,0
34557,0
34558,0
34559,0
34560,0
34561,0
34562,0
34563,0
34564,0
34565,0
34566,0
34567,0
34568,0
34569,0
34570,0
34571,0
34572,0
34573,0
34574,0
34575,0
34576,0
34577,0
34578,0
34579,0
34580,0
34581,0
34582,0
34583,0
34584,0
34585,0
34586,0
34587,0
34588,0
34589,0
34590,0
34591,0
34592,0
34593,0
34594,0
34595,0
34596,0
34597,0
34598,0
34599,0
34600,0
34601,0
34602,0
34603,0
34604,0
34605,0
34606,0
34607,0
34608,1
34609,1
34610,1
34611,1
34612,1
34613,1
34614,1
34615,1
34616,1
34617,1
34618,1
34619,1
34620,1
34621,1
34622,1
34623,1
34624,1
34625,1
34626,1
34627,1
34628,1
34629,1
34630,1
34631,1
34632,1
34633,1
34634,1
34635,1
34636,1
34637,1
34638,1
34639,1
34640,1
34641,1
34642,1
34643,1
34644,1
34645,1
34646,1
34647,1
34648,1
34649,1
34650,1
34651,1
34652,1
34653,1
34654,1
34655,1
34656,1
34657,1
34658,1
34659,1
34660,1
34661,1
34662,1
34663,1
34664,1
34665,1
34666,1
34667,1
34668,1
34669,1
34670,1
34671,1
34672,1
34673,1
34674,1
34675,1
34676,1
34677,1
34678,1
34679,1
34680,1
34681,1
34682,1
34683,1
34684,1
34685,1
34686,1
34687,1
34688,1
34689,1
34690,1
34691,1
34692,1
34693,1
34694,1
34695,1
34696,1
34697,1
34698,1
34699,1
34700,1
34701,1
34702,1
34703,1
34704,1
34705,1
34706,1
34707,1
34708,1
34709,1
34710,1
34711,1
34712,1
34713,1
34714,1
34715,1
34716,1
34717,1
34718,1
34719,1
34720,2
34721,2
34722,2
34723,2
34724,2
34725,2
34726,2
34727,2
34728,2
34729,2
34730,2
34731,2
34732,2
34733,2
34734,2
34735,2
34736,2
34737,2
34738,2
34739,2
34740,2
34741,2
34742,2
34743,2
34744,2
34745,2
34746,2
34747,2
34748,2
34749,2
34750,2
34751,2
34752,2
34753,2
34754,2
34755,2
34756,2
34757,2
34758,2
34759,2
34760,2
34761,2
34762,2
34763,2
34764,2
34765,2
34766,2
34767,2
34768,2
34769,2
34770,2
34771,2
34772,2
34773,2
34774,2
34775,2
34776,2
34777,2
34778,2
34779,2
34780,2
34781,2
34782,2
34783,2
34784,2
34785,2
34786,2
34787,2
34788,2
34789,2
34790,2
34791,2
34792,2
34793,2
34794,2
34795,2
34796,2
34797,2
34798,2
34799,2
34800,2
34801,2
34802,2
34803,2
34804,2
34805,2
34806,2
34807,2
34808,2
34809,2
34810,2
34811,2
34812,2
34813,2
34814,2
34815,2
34816,2
34817,2
34818,2
34819,2
34820,2
34821,2
34822,2
34823,2
34824,2
34825,2
34826,2
34827,2
34828,2
34829,2
34830,2
34831,2
34832,3
34833,3
34834,3
34835,3
34836,3
34837,3
34838,3
34839,3
34840,3
34841,3
34842,3
34843,3
34844,3
34845,3
34846,3
34847,3
34848,3
34849,3
34850,3
34851,3
34852,3
34853,3
34854,3
34855,3
34856,3
34857,3
34858,3
34859,3
34860,3
34861,3
34862,3
34863,3
34864,3
34865,3
34866,3
34867,3
34868,3
34869,3
34870,3
34871,3
34872,3
34873,3
34874,3
34875,3
34876,3
34877,3
34878,3
34879,3
34880,3
34881,3
34882,3
34883,3
34884,3
34885,3
34886,3
34887,3
34888,3
34889,3
34890,3
34891,3
34892,3
34893,3
34894,3
34895,3
34896,3
34897,3
34898,3
34899,3
34900,3
34901,3
34902,3
34903,3
34904,3
34905,3
34906,3
34907,3
34908,3
34909,3
34910,3
34911,3
34912,3
34913,3
34914,3
34915,3
34916,3
34917,3
34918,3
34919,3
34920,3
34921,3
34922,3
34923,3
34924,3
34925,3
34926,3
34927,3
34928,3
34929,3
34930,3
34931,3
34932,3
34933,3
34934,3
34935,3
34936,3
34937,3
34938,3
34939,3
34940,3
34941,3
34942,3
34943,3
34944,4
34945,4
34946,4
34947,4
34948,4
34949,4
34950,4
34951,4
34952,4
34953,4
34954,4
34955,4
34956,4
34957,4
34958,4
34959,4
34960,4
34961,4
34962,4
34963,4
34964,4
34965,4
34966,4
34967,4
34968,4
34969,4
34970,4
34971,4
34972,4
34973,4
34974,4
34975,4
34976,4
34977,4
34978,4
34979,4
34980,4
34981,4
34982,4
34983,4
34984,4
34985,4
34986,4
34987,4
34988,4
34989,4
34990,4
34991,4
34992,4
34993,4
34994,4
34995,4
34996,4
34997,4
34998,4
34999,4
35000,4
35001,4
35002,4
35003,4
35004,4
35005,4
35006,4
35007,4
35008,4
35009,4
35010,4
35011,4
35012,4
35013,4
35014,4
35015,4
35016,4
35017,4
35018,4
35019,4
35020,4
35021,4
35022,4
35023,4
35024,4
35025,4
35026,4
35027,4
35028,4
35029,4
35030,4
35031,4
35032,4
35033,4
35034,4
35035,4
35036,4
35037,4
35038,4
35039,4
35040,4
35041,4
35042,4
35043,4
35044,4
35045,4
35046,4
35047,4
35048,4
35049,4
35050,4
35051,4
35052,4
35053,4
35054,4
35055,4
35056,5
35057,5
35058,5
35059,5
35060,5
35061,5
35062,5
35063,5
35064,5
35065,5
35066,5
35067,5
35068,5
35069,5
35070,5
35071,5
35072,5
35073,5
35074,5
35075,5
35076,5
35077,5
35078,5
35079,5
35080,5
35081,5
35082,5
35083,5
35084,5
35085,5
35086,5
35087,5
35088,5
35089,5
35090,5
35091,5
35092,5
35093,5
35094,5
35095,5
35096,5
35097,5
35098,5
35099,5
35100,5
35101,5
35102,5
35103,5
35104,5
35105,5
35106,5
35107,5
35108,5
35109,5
35110,5
35111,5
35112,5
35113,5
35114,5
35115,5
35116,5
35117,5
35118,5
35119,5
35120,5
35121,5
35122,5
35123,5
35124,5
35125,5
35126,5
35127,5
35128,5
35129,5
35130,5
35131,5
35132,5
35133,5
35134,5
35135,5
35136,5
35137,5
35138,5
35139,5
35140,5
35141,5
35142,5
35143,5
35144,5
35145,5
35146,5
35147,5
35148,5
35149,5
35150,5
35151,5
35152,5
35153,5
35154,5
35155,5
35156,5
35157,5
35158,5
35159,5
35160,5
35161,5
35162,5
35163,5
35164,5
35165,5
35166,5
35167,5
35168,6
35169,6
35170,6
35171,6
35172,6
35173,6
35174,6
35175,6
35176,6
35177,6
35178,6
35179,6
35180,6
35181,6
35182,6
35183,6
35184,6
35185,6
35186,6
35187,6
35188,6
35189,6
35190,6
35191,6
35192,6
35193,6
35194,6
35195,6
35196,6
35197,6
35198,6
35199,6
35200,6
35201,6
35202,6
35203,6
35204,6
35205,6
35206,6
35207,6
35208,6
35209,6
35210,6
35211,6
35212,6
35213,6
35214,6
35215,6
35216,6
35217,6
35218,6
35219,6
35220,6
35221,6
35222,6
35223,6
35224,6
35225,6
35226,6
35227,6
35228,6
35229,6
35230,6
35231,6
35232,6
35233,6
35234,6
35235,6
35236,6
35237,6
35238,6
35239,6
35240,6
35241,6
35242,6
35243,6
35244,6
35245,6
35246,6
35247,6
35248,6
35249,6
35250,6
35251,6
35252,6
35253,6
35254,6
35255,6
35256,6
35257,6
35258,6
35259,6
35260,6
35261,6
35262,6
35263,6
35264,6
35265,6
35266,6
35267,6
35268,6
35269,6
35270,6
35271,6
35272,6
35273,6
35274,6
35275,6
35276,6
35277,6
35278,6
35279,6
35280,7
35281,7
35282,7
35283,7
35284,7
35285,7
35286,7
35287,7
35288,7
35289,7
35290,7
35291,7
35292,7
35293,7
35294,7
35295,7
35296,7
35297,7
35298,7
35299,7
35300,7
35301,7
35302,7
35303,7
35304,7
35305,7
35306,7
35307,7
35308,7
35309,7
35310,7
35311,7
35312,7
35313,7
35314,7
35315,7
35316,7
35317,7
35318,7
35319,7
35320,7
35321,7
35322,7
35323,7
35324,7
35325,7
35326,7
35327,7
35328,7
35329,7
35330,7
35331,7
35332,7
35333,7
35334,7
35335,7
35336,7
35337,7
35338,7
35339,7
35340,7
35341,7
35342,7
35343,7
35344,7
35345,7
35346,7
35347,7
35348,7
35349,7
35350,7
35351,7
35352,7
35353,7
35354,7
35355,7
35356,7
35357,7
35358,7
35359,7
35360,7
35361,7
35362,7
35363,7
35364,7
35365,7
35366,7
35367,7
35368,7
35369,7
35370,7
35371,7
35372,7
35373,7
35374,7
35375,7
35376,7
35377,7
35378,7
35379,7
35380,7
35381,7
35382,7
35383,7
35384,7
35385,7
35386,7
35387,7
35388,7
35389,7
35390,7
35391,7
35392,8
35393,8
35394,8
35395,8
35396,8
35397,8
35398,8
35399,8
35400,8
35401,8
35402,8
35403,8
35404,8
35405,8
35406,8
35407,8
35408,8
35409,8
35410,8
35411,8
35412,8
35413,8
35414,8
35415,8
35416,8
35417,8
35418,8
35419,8
35420,8
35421,8
35422,8
35423,8
35424,8
35425,8
35426,8
35427,8
35428,8
35429,8
35430,8
35431,8
35432,8
35433,8
35434,8
35435,8
35436,8
35437,8
35438,8
35439,8
35440,8
35441,8
35442,8
35443,8
35444,8
35445,8
35446,8
35447,8
35448,8
35449,8
35450,8
35451,8
35452,8
35453,8
35454,8
35455,8
35456,8
35457,8
35458,8
35459,8
35460,8
35461,8
35462,8
35463,8
35464,8
35465,8
35466,8
35467,8
35468,8
35469,8
35470,8
35471,8
35472,8
35473,8
35474,8
35475,8
35476,8
35477,8
35478,8
35479,8
35480,8
35481,8
35482,8
35483,8
35484,8
35485,8
35486,8
35487,8
35488,8
35489,8
35490,8
35491,8
35492,8
35493,8
35494,8
35495,8
35496,8
35497,8
35498,8
35499,8
35500,8
35501,8
35502,8
35503,8
35504,9
35505,9
35506,9
35507,9
35508,9
35509,9
35510,9
35511,9
35512,9
35513,9
35514,9
35515,9
35516,9
35517,9
35518,9
35519,9
35520,9
35521,9
35522,9
35523,9
35524,9
35525,9
35526,9
35527,9
35528,9
35529,9
35530,9
35531,9
35532,9
35533,9
35534,9
35535,9
35536,9
35537,9
35538,9
35539,9
35540,9
35541,9
35542,9
35543,9
35544,9
35545,9
35546,9
35547,9
35548,9
35549,9
35550,9
35551,9
35552,9
35553,9
35554,9
35555,9
35556,9
35557,9
35558,9
35559,9
35560,9
35561,9
35562,9
35563,9
35564,9
35565,9
35566,9
35567,9
35568,9
35569,9
35570,9
35571,9
35572,9
35573,9
35574,9
35575,9
35576,9
35577,9
35578,9
35579,9
35580,9
35581,9
35582,9
35583,9
35584,9
35585,9
35586,9
35587,9
35588,9
35589,9
35590,9
35591,9
35592,9
35593,9
35594,9
35595,9
35596,9
35597,9
35598,9
35599,9
35600,9
35601,9
35602,9
35603,9
35604,9
35605,9
35606,9
35607,9
35608,9
35609,9
35610,9
35611,9
35612,9
35613,9
35614,9
35615,9
35616,ﺎ
35617,ﺎ
35618,ﺎ
35619,ﺎ
35620,ﺎ
35621,ﺎ
35622,ﺎ
35623,ﺎ
35624,ﺎ
35625,ﺎ
35626,ﺎ
35627,ﺎ
35628,ﺎ
35629,ﺎ
35630,ﺎ
35631,ﺎ
35632,ﺎ
35633,ﺎ
35634,ﺎ
35635,ﺎ
35636,ﺎ
35637,ﺎ
35638,ﺎ
35639,ﺎ
35640,ﺎ
35641,ﺎ
35642,ﺎ
35643,ﺎ
35644,ﺎ
35645,ﺎ
35646,ﺎ
35647,ﺎ
35648,ﺎ
35649,ﺎ
35650,ﺎ
35651,ﺎ
35652,ﺎ
35653,ﺎ
35654,ﺎ
35655,ﺎ
35656,ﺎ
35657,ﺎ
35658,ﺎ
35659,ﺎ
35660,ﺎ
35661,ﺎ
35662,ﺎ
35663,ﺎ
35664,ﺎ
35665,ﺎ
35666,ﺎ
35667,ﺎ
35668,ﺎ
35669,ﺎ
35670,ﺎ
35671,ﺎ
35672,ﺎ
35673,ﺎ
35674,ﺎ
35675,ﺎ
35676,ﺎ
35677,ﺎ
35678,ﺎ
35679,ﺎ
35680,ﺎ
35681,ﺎ
35682,ﺎ
35683,ﺎ
35684,ﺎ
35685,ﺎ
35686,ﺎ
35687,ﺎ
35688,ﺎ
35689,ﺎ
35690,ﺎ
35691,ﺎ
35692,ﺎ
35693,ﺎ
35694,ﺎ
35695,ﺎ
35696,ﺎ
35697,ﺎ
35698,ﺎ
35699,ﺎ
35700,ﺎ
35701,ﺎ
35702,ﺎ
35703,ﺎ
35704,ﺎ
35705,ﺎ
35706,ﺎ
35707,ﺎ
35708,ﺎ
35709,ﺎ
35710,ﺎ
35711,ﺎ
35712,ﺎ
35713,ﺎ
35714,ﺎ
35715,ﺎ
35716,ﺎ
35717,ﺎ
35718,ﺎ
35719,ﺎ
35720,ﺎ
35721,ﺎ
35722,ﺎ
35723,ﺎ
35724,ﺎ
35725,ﺎ
35726,ﺎ
35727,ﺎ
35728,ﺐ
35729,ﺐ
35730,ﺐ
35731,ﺐ
35732,ﺐ
35733,ﺐ
35734,ﺐ
35735,ﺐ
35736,ﺐ
35737,ﺐ
35738,ﺐ
35739,ﺐ
35740,ﺐ
35741,ﺐ
35742,ﺐ
35743,ﺐ
35744,ﺐ
35745,ﺐ
35746,ﺐ
35747,ﺐ
35748,ﺐ
35749,ﺐ
35750,ﺐ
35751,ﺐ
35752,ﺐ
35753,ﺐ
35754,ﺐ
35755,ﺐ
35756,ﺐ
35757,ﺐ
35758,ﺐ
35759,ﺐ
35760,ﺐ
35761,ﺐ
35762,ﺐ
35763,ﺐ
35764,ﺐ
35765,ﺐ
35766,ﺐ
35767,ﺐ
35768,ﺐ
35769,ﺐ
35770,ﺐ
35771,ﺐ
35772,ﺐ
35773,ﺐ
35774,ﺐ
35775,ﺐ
35776,ﺐ
35777,ﺐ
35778,ﺐ
35779,ﺐ
35780,ﺐ
35781,ﺐ
35782,ﺐ
35783,ﺐ
35784,ﺐ
35785,ﺐ
35786,ﺐ
35787,ﺐ
35788,ﺐ
35789,ﺐ
35790,ﺐ
35791,ﺐ
35792,ﺐ
35793,ﺐ
35794,ﺐ
35795,ﺐ
35796,ﺐ
35797,ﺐ
35798,ﺐ
35799,ﺐ
35800,ﺐ
35801,ﺐ
35802,ﺐ
35803,ﺐ
35804,ﺐ
35805,ﺐ
35806,ﺐ
35807,ﺐ
35808,ﺐ
35809,ﺐ
35810,ﺐ
35811,ﺐ
35812,ﺐ
35813,ﺐ
35814,ﺐ
35815,ﺐ
35816,ﺐ
35817,ﺐ
35818,ﺐ
35819,ﺐ
35820,ﺐ
35821,ﺐ
35822,ﺐ
35823,ﺐ
35824,ﺐ
35825,ﺐ
35826,ﺐ
35827,ﺐ
35828,ﺐ
35829,ﺐ
35830,ﺐ
35831,ﺐ
35832,ﺐ
35833,ﺐ
35834,ﺐ
35835,ﺐ
35836,ﺐ
35837,ﺐ
35838,ﺐ
35839,ﺐ
35840,ﺑ
35841,ﺑ
35842,ﺑ
35843,ﺑ
35844,ﺑ
35845,ﺑ
35846,ﺑ
35847,ﺑ
35848,ﺑ
35849,ﺑ
35850,ﺑ
35851,ﺑ
35852,ﺑ
35853,ﺑ
35854,ﺑ
35855,ﺑ
35856,ﺑ
35857,ﺑ
35858,ﺑ
35859,ﺑ
35860,ﺑ
35861,ﺑ
35862,ﺑ
35863,ﺑ
35864,ﺑ
35865,ﺑ
35866,ﺑ
35867,ﺑ
35868,ﺑ
35869,ﺑ
35870,ﺑ
35871,ﺑ
35872,ﺑ
35873,ﺑ
35874,ﺑ
35875,ﺑ
35876,ﺑ
35877,ﺑ
35878,ﺑ
35879,ﺑ
35880,ﺑ
35881,ﺑ
35882,ﺑ
35883,ﺑ
35884,ﺑ
35885,ﺑ
35886,ﺑ
35887,ﺑ
35888,ﺑ
35889,ﺑ
35890,ﺑ
35891,ﺑ
35892,ﺑ
35893,ﺑ
35894,ﺑ
35895,ﺑ
35896,ﺑ
35897,ﺑ
35898,ﺑ
35899,ﺑ
35900,ﺑ
35901,ﺑ
35902,ﺑ
35903,ﺑ
35904,ﺑ
35905,ﺑ
35906,ﺑ
35907,ﺑ
35908,ﺑ
35909,ﺑ
35910,ﺑ
35911,ﺑ
35912,ﺑ
35913,ﺑ
35914,ﺑ
35915,ﺑ
35916,ﺑ
35917,ﺑ
35918,ﺑ
35919,ﺑ
35920,ﺑ
35921,ﺑ
35922,ﺑ
35923,ﺑ
35924,ﺑ
35925,ﺑ
35926,ﺑ
35927,ﺑ
35928,ﺑ
35929,ﺑ
35930,ﺑ
35931,ﺑ
35932,ﺑ
35933,ﺑ
35934,ﺑ
35935,ﺑ
35936,ﺑ
35937,ﺑ
35938,ﺑ
35939,ﺑ
35940,ﺑ
35941,ﺑ
35942,ﺑ
35943,ﺑ
35944,ﺑ
35945,ﺑ
35946,ﺑ
35947,ﺑ
35948,ﺑ
35949,ﺑ
35950,ﺑ
35951,ﺑ
35952,ﺖ
35953,ﺖ
35954,ﺖ
35955,ﺖ
35956,ﺖ
35957,ﺖ
35958,ﺖ
35959,ﺖ
35960,ﺖ
35961,ﺖ
35962,ﺖ
35963,ﺖ
35964,ﺖ
35965,ﺖ
35966,ﺖ
35967,ﺖ
35968,ﺖ
35969,ﺖ
35970,ﺖ
35971,ﺖ
35972,ﺖ
35973,ﺖ
35974,ﺖ
35975,ﺖ
35976,ﺖ
35977,ﺖ
35978,ﺖ
35979,ﺖ
35980,ﺖ
35981,ﺖ
35982,ﺖ
35983,ﺖ
35984,ﺖ
35985,ﺖ
35986,ﺖ
35987,ﺖ
35988,ﺖ
35989,ﺖ
35990,ﺖ
35991,ﺖ
35992,ﺖ
35993,ﺖ
35994,ﺖ
35995,ﺖ
35996,ﺖ
35997,ﺖ
35998,ﺖ
35999,ﺖ
36000,ﺖ
36001,ﺖ
36002,ﺖ
36003,ﺖ
36004,ﺖ
36005,ﺖ
36006,ﺖ
36007,ﺖ
36008,ﺖ
36009,ﺖ
36010,ﺖ
36011,ﺖ
36012,ﺖ
36013,ﺖ
36014,ﺖ
36015,ﺖ
36016,ﺖ
36017,ﺖ
36018,ﺖ
36019,ﺖ
36020,ﺖ
36021,ﺖ
36022,ﺖ
36023,ﺖ
36024,ﺖ
36025,ﺖ
36026,ﺖ
36027,ﺖ
36028,ﺖ
36029,ﺖ
36030,ﺖ
36031,ﺖ
36032,ﺖ
36033,ﺖ
36034,ﺖ
36035,ﺖ
36036,ﺖ
36037,ﺖ
36038,ﺖ
36039,ﺖ
36040,ﺖ
36041,ﺖ
36042,ﺖ
36043,ﺖ
36044,ﺖ
36045,ﺖ
36046,ﺖ
36047,ﺖ
36048,ﺖ
36049,ﺖ
36050,ﺖ
36051,ﺖ
36052,ﺖ
36053,ﺖ
36054,ﺖ
36055,ﺖ
36056,ﺖ
36057,ﺖ
36058,ﺖ
36059,ﺖ
36060,ﺖ
36061,ﺖ
36062,ﺖ
36063,ﺖ
36064,ﺗ
36065,ﺗ
36066,ﺗ
36067,ﺗ
36068,ﺗ
36069,ﺗ
36070,ﺗ
36071,ﺗ
36072,ﺗ
36073,ﺗ
36074,ﺗ
36075,ﺗ
36076,ﺗ
36077,ﺗ
36078,ﺗ
36079,ﺗ
36080,ﺗ
36081,ﺗ
36082,ﺗ
36083,ﺗ
36084,ﺗ
36085,ﺗ
36086,ﺗ
36087,ﺗ
36088,ﺗ
36089,ﺗ
36090,ﺗ
36091,ﺗ
36092,ﺗ
36093,ﺗ
36094,ﺗ
36095,ﺗ
36096,ﺗ
36097,ﺗ
36098,ﺗ
36099,ﺗ
36100,ﺗ
36101,ﺗ
36102,ﺗ
36103,ﺗ
36104,ﺗ
36105,ﺗ
36106,ﺗ
36107,ﺗ
36108,ﺗ
36109,ﺗ
36110,ﺗ
36111,ﺗ
36112,ﺗ
36113,ﺗ
36114,ﺗ
36115,ﺗ
36116,ﺗ
36117,ﺗ
36118,ﺗ
36119,ﺗ
36120,ﺗ
36121,ﺗ
36122,ﺗ
36123,ﺗ
36124,ﺗ
36125,ﺗ
36126,ﺗ
36127,ﺗ
36128,ﺗ
36129,ﺗ
36130,ﺗ
36131,ﺗ
36132,ﺗ
36133,ﺗ
36134,ﺗ
36135,ﺗ
36136,ﺗ
36137,ﺗ
36138,ﺗ
36139,ﺗ
36140,ﺗ
36141,ﺗ
36142,ﺗ
36143,ﺗ
36144,ﺗ
36145,ﺗ
36146,ﺗ
36147,ﺗ
36148,ﺗ
36149,ﺗ
36150,ﺗ
36151,ﺗ
36152,ﺗ
36153,ﺗ
36154,ﺗ
36155,ﺗ
36156,ﺗ
36157,ﺗ
36158,ﺗ
36159,ﺗ
36160,ﺗ
36161,ﺗ
36162,ﺗ
36163,ﺗ
36164,ﺗ
36165,ﺗ
36166,ﺗ
36167,ﺗ
36168,ﺗ
36169,ﺗ
36170,ﺗ
36171,ﺗ
36172,ﺗ
36173,ﺗ
36174,ﺗ
36175,ﺗ
36176,ﺚ
36177,ﺚ
36178,ﺚ
36179,ﺚ
36180,ﺚ
36181,ﺚ
36182,ﺚ
36183,ﺚ
36184,ﺚ
36185,ﺚ
36186,ﺚ
36187,ﺚ
36188,ﺚ
36189,ﺚ
36190,ﺚ
36191,ﺚ
36192,ﺚ
36193,ﺚ
36194,ﺚ
36195,ﺚ
36196,ﺚ
36197,ﺚ
36198,ﺚ
36199,ﺚ
36200,ﺚ
36201,ﺚ
36202,ﺚ
36203,ﺚ
36204,ﺚ
36205,ﺚ
36206,ﺚ
36207,ﺚ
36208,ﺚ
36209,ﺚ
36210,ﺚ
36211,ﺚ
36212,ﺚ
36213,ﺚ
36214,ﺚ
36215,ﺚ
36216,ﺚ
36217,ﺚ
36218,ﺚ
36219,ﺚ
36220,ﺚ
36221,ﺚ
36222,ﺚ
36223,ﺚ
36224,ﺚ
36225,ﺚ
36226,ﺚ
36227,ﺚ
36228,ﺚ
36229,ﺚ
36230,ﺚ
36231,ﺚ
36232,ﺚ
36233,ﺚ
36234,ﺚ
36235,ﺚ
36236,ﺚ
36237,ﺚ
36238,ﺚ
36239,ﺚ
36240,ﺚ
36241,ﺚ
36242,ﺚ
36243,ﺚ
36244,ﺚ
36245,ﺚ
36246,ﺚ
36247,ﺚ
36248,ﺚ
36249,ﺚ
36250,ﺚ
36251,ﺚ
36252,ﺚ
36253,ﺚ
36254,ﺚ
36255,ﺚ
36256,ﺚ
36257,ﺚ
36258,ﺚ
36259,ﺚ
36260,ﺚ
36261,ﺚ
36262,ﺚ
36263,ﺚ
36264,ﺚ
36265,ﺚ
36266,ﺚ
36267,ﺚ
36268,ﺚ
36269,ﺚ
36270,ﺚ
36271,ﺚ
36272,ﺚ
36273,ﺚ
36274,ﺚ
36275,ﺚ
36276,ﺚ
36277,ﺚ
36278,ﺚ
36279,ﺚ
36280,ﺚ
36281,ﺚ
36282,ﺚ
36283,ﺚ
36284,ﺚ
36285,ﺚ
36286,ﺚ
36287,ﺚ
36288,ﺛ
36289,ﺛ
36290,ﺛ
36291,ﺛ
36292,ﺛ
36293,ﺛ
36294,ﺛ
36295,ﺛ
36296,ﺛ
36297,ﺛ
36298,ﺛ
36299,ﺛ
36300,ﺛ
36301,ﺛ
36302,ﺛ
36303,ﺛ
36304,ﺛ
36305,ﺛ
36306,ﺛ
36307,ﺛ
36308,ﺛ
36309,ﺛ
36310,ﺛ
36311,ﺛ
36312,ﺛ
36313,ﺛ
36314,ﺛ
36315,ﺛ
36316,ﺛ
36317,ﺛ
36318,ﺛ
36319,ﺛ
36320,ﺛ
36321,ﺛ
36322,ﺛ
36323,ﺛ
36324,ﺛ
36325,ﺛ
36326,ﺛ
36327,ﺛ
36328,ﺛ
36329,ﺛ
36330,ﺛ
36331,ﺛ
36332,ﺛ
36333,ﺛ
36334,ﺛ
36335,ﺛ
36336,ﺛ
36337,ﺛ
36338,ﺛ
36339,ﺛ
36340,ﺛ
36341,ﺛ
36342,ﺛ
36343,ﺛ
36344,ﺛ
36345,ﺛ
36346,ﺛ
36347,ﺛ
36348,ﺛ
36349,ﺛ
36350,ﺛ
36351,ﺛ
36352,ﺛ
36353,ﺛ
36354,ﺛ
36355,ﺛ
36356,ﺛ
36357,ﺛ
36358,ﺛ
36359,ﺛ
36360,ﺛ
36361,ﺛ
36362,ﺛ
36363,ﺛ
36364,ﺛ
36365,ﺛ
36366,ﺛ
36367,ﺛ
36368,ﺛ
36369,ﺛ
36370,ﺛ
36371,ﺛ
36372,ﺛ
36373,ﺛ
36374,ﺛ
36375,ﺛ
36376,ﺛ
36377,ﺛ
36378,ﺛ
36379,ﺛ
36380,ﺛ
36381,ﺛ
36382,ﺛ
36383,ﺛ
36384,ﺛ
36385,ﺛ
36386,ﺛ
36387,ﺛ
36388,ﺛ
36389,ﺛ
36390,ﺛ
36391,ﺛ
36392,ﺛ
36393,ﺛ
36394,ﺛ
36395,ﺛ
36396,ﺛ
36397,ﺛ
36398,ﺛ
36399,ﺛ
36400,ﺞ
36401,ﺞ
36402,ﺞ
36403,ﺞ
36404,ﺞ
36405,ﺞ
36406,ﺞ
36407,ﺞ
36408,ﺞ
36409,ﺞ
36410,ﺞ
36411,ﺞ
36412,ﺞ
36413,ﺞ
36414,ﺞ
36415,ﺞ
36416,ﺞ
36417,ﺞ
36418,ﺞ
36419,ﺞ
36420,ﺞ
36421,ﺞ
36422,ﺞ
36423,ﺞ
36424,ﺞ
36425,ﺞ
36426,ﺞ
36427,ﺞ
36428,ﺞ
36429,ﺞ
36430,ﺞ
36431,ﺞ
36432,ﺞ
36433,ﺞ
36434,ﺞ
36435,ﺞ
36436,ﺞ
36437,ﺞ
36438,ﺞ
36439,ﺞ
36440,ﺞ
36441,ﺞ
36442,ﺞ
36443,ﺞ
36444,ﺞ
36445,ﺞ
36446,ﺞ
36447,ﺞ
36448,ﺞ
36449,ﺞ
36450,ﺞ
36451,ﺞ
36452,ﺞ
36453,ﺞ
36454,ﺞ
36455,ﺞ
36456,ﺞ
36457,ﺞ
36458,ﺞ
36459,ﺞ
36460,ﺞ
36461,ﺞ
36462,ﺞ
36463,ﺞ
36464,ﺞ
36465,ﺞ
36466,ﺞ
36467,ﺞ
36468,ﺞ
36469,ﺞ
36470,ﺞ
36471,ﺞ
36472,ﺞ
36473,ﺞ
36474,ﺞ
36475,ﺞ
36476,ﺞ
36477,ﺞ
36478,ﺞ
36479,ﺞ
36480,ﺞ
36481,ﺞ
36482,ﺞ
36483,ﺞ
36484,ﺞ
36485,ﺞ
36486,ﺞ
36487,ﺞ
36488,ﺞ
36489,ﺞ
36490,ﺞ
36491,ﺞ
36492,ﺞ
36493,ﺞ
36494,ﺞ
36495,ﺞ
36496,ﺞ
36497,ﺞ
36498,ﺞ
36499,ﺞ
36500,ﺞ
36501,ﺞ
36502,ﺞ
36503,ﺞ
36504,ﺞ
36505,ﺞ
36506,ﺞ
36507,ﺞ
36508,ﺞ
36509,ﺞ
36510,ﺞ
36511,ﺞ
36512,ﺟ
36513,ﺟ
36514,ﺟ
36515,ﺟ
36516,ﺟ
36517,ﺟ
36518,ﺟ
36519,ﺟ
36520,ﺟ
36521,ﺟ
36522,ﺟ
36523,ﺟ
36524,ﺟ
36525,ﺟ
36526,ﺟ
36527,ﺟ
36528,ﺟ
36529,ﺟ
36530,ﺟ
36531,ﺟ
36532,ﺟ
36533,ﺟ
36534,ﺟ
36535,ﺟ
36536,ﺟ
36537,ﺟ
36538,ﺟ
36539,ﺟ
36540,ﺟ
36541,ﺟ
36542,ﺟ
36543,ﺟ
36544,ﺟ
36545,ﺟ
36546,ﺟ
36547,ﺟ
36548,ﺟ
36549,ﺟ
36550,ﺟ
36551,ﺟ
36552,ﺟ
36553,ﺟ
36554,ﺟ
36555,ﺟ
36556,ﺟ
36557,ﺟ
36558,ﺟ
36559,ﺟ
36560,ﺟ
36561,ﺟ
36562,ﺟ
36563,ﺟ
36564,ﺟ
36565,ﺟ
36566,ﺟ
36567,ﺟ
36568,ﺟ
36569,ﺟ
36570,ﺟ
36571,ﺟ
36572,ﺟ
36573,ﺟ
36574,ﺟ
36575,ﺟ
36576,ﺟ
36577,ﺟ
36578,ﺟ
36579,ﺟ
36580,ﺟ
36581,ﺟ
36582,ﺟ
36583,ﺟ
36584,ﺟ
36585,ﺟ
36586,ﺟ
36587,ﺟ
36588,ﺟ
36589,ﺟ
36590,ﺟ
36591,ﺟ
36592,ﺟ
36593,ﺟ
36594,ﺟ
36595,ﺟ
36596,ﺟ
36597,ﺟ
36598,ﺟ
36599,ﺟ
36600,ﺟ
36601,ﺟ
36602,ﺟ
36603,ﺟ
36604,ﺟ
36605,ﺟ
36606,ﺟ
36607,ﺟ
36608,ﺟ
36609,ﺟ
36610,ﺟ
36611,ﺟ
36612,ﺟ
36613,ﺟ
36614,ﺟ
36615,ﺟ
36616,ﺟ
36617,ﺟ
36618,ﺟ
36619,ﺟ
36620,ﺟ
36621,ﺟ
36622,ﺟ
36623,ﺟ
36624,ﺢ
36625,ﺢ
36626,ﺢ
36627,ﺢ
36628,ﺢ
36629,ﺢ
36630,ﺢ
36631,ﺢ
36632,ﺢ
36633,ﺢ
36634,ﺢ
36635,ﺢ
36636,ﺢ
36637,ﺢ
36638,ﺢ
36639,ﺢ
36640,ﺢ
36641,ﺢ
36642,ﺢ
36643,ﺢ
36644,ﺢ
36645,ﺢ
36646,ﺢ
36647,ﺢ
36648,ﺢ
36649,ﺢ
36650,ﺢ
36651,ﺢ
36652,ﺢ
36653,ﺢ
36654,ﺢ
36655,ﺢ
36656,ﺢ
36657,ﺢ
36658,ﺢ
36659,ﺢ
36660,ﺢ
36661,ﺢ
36662,ﺢ
36663,ﺢ
36664,ﺢ
36665,ﺢ
36666,ﺢ
36667,ﺢ
36668,ﺢ
36669,ﺢ
36670,ﺢ
36671,ﺢ
36672,ﺢ
36673,ﺢ
36674,ﺢ
36675,ﺢ
36676,ﺢ
36677,ﺢ
36678,ﺢ
36679,ﺢ
36680,ﺢ
36681,ﺢ
36682,ﺢ
36683,ﺢ
36684,ﺢ
36685,ﺢ
36686,ﺢ
36687,ﺢ
36688,ﺢ
36689,ﺢ
36690,ﺢ
36691,ﺢ
36692,ﺢ
36693,ﺢ
36694,ﺢ
36695,ﺢ
36696,ﺢ
36697,ﺢ
36698,ﺢ
36699,ﺢ
36700,ﺢ
36701,ﺢ
36702,ﺢ
36703,ﺢ
36704,ﺢ
36705,ﺢ
36706,ﺢ
36707,ﺢ
36708,ﺢ
36709,ﺢ
36710,ﺢ
36711,ﺢ
36712,ﺢ
36713,ﺢ
36714,ﺢ
36715,ﺢ
36716,ﺢ
36717,ﺢ
36718,ﺢ
36719,ﺢ
36720,ﺢ
36721,ﺢ
36722,ﺢ
36723,ﺢ
36724,ﺢ
36725,ﺢ
36726,ﺢ
36727,ﺢ
36728,ﺢ
36729,ﺢ
36730,ﺢ
36731,ﺢ
36732,ﺢ
36733,ﺢ
36734,ﺢ
36735,ﺢ
36736,ﺣ
36737,ﺣ
36738,ﺣ
36739,ﺣ
36740,ﺣ
36741,ﺣ
36742,ﺣ
36743,ﺣ
36744,ﺣ
36745,ﺣ
36746,ﺣ
36747,ﺣ
36748,ﺣ
36749,ﺣ
36750,ﺣ
36751,ﺣ
36752,ﺣ
36753,ﺣ
36754,ﺣ
36755,ﺣ
36756,ﺣ
36757,ﺣ
36758,ﺣ
36759,ﺣ
36760,ﺣ
36761,ﺣ
36762,ﺣ
36763,ﺣ
36764,ﺣ
36765,ﺣ
36766,ﺣ
36767,ﺣ
36768,ﺣ
36769,ﺣ
36770,ﺣ
36771,ﺣ
36772,ﺣ
36773,ﺣ
36774,ﺣ
36775,ﺣ
36776,ﺣ
36777,ﺣ
36778,ﺣ
36779,ﺣ
36780,ﺣ
36781,ﺣ
36782,ﺣ
36783,ﺣ
36784,ﺣ
36785,ﺣ
36786,ﺣ
36787,ﺣ
36788,ﺣ
36789,ﺣ
36790,ﺣ
36791,ﺣ
36792,ﺣ
36793,ﺣ
36794,ﺣ
36795,ﺣ
36796,ﺣ
36797,ﺣ
36798,ﺣ
36799,ﺣ
36800,ﺣ
36801,ﺣ
36802,ﺣ
36803,ﺣ
36804,ﺣ
36805,ﺣ
36806,ﺣ
36807,ﺣ
36808,ﺣ
36809,ﺣ
36810,ﺣ
36811,ﺣ
36812,ﺣ
36813,ﺣ
36814,ﺣ
36815,ﺣ
36816,ﺣ
36817,ﺣ
36818,ﺣ
36819,ﺣ
36820,ﺣ
36821,ﺣ
36822,ﺣ
36823,ﺣ
36824,ﺣ
36825,ﺣ
36826,ﺣ
36827,ﺣ
36828,ﺣ
36829,ﺣ
36830,ﺣ
36831,ﺣ
36832,ﺣ
36833,ﺣ
36834,ﺣ
36835,ﺣ
36836,ﺣ
36837,ﺣ
36838,ﺣ
36839,ﺣ
36840,ﺣ
36841,ﺣ
36842,ﺣ
36843,ﺣ
36844,ﺣ
36845,ﺣ
36846,ﺣ
36847,ﺣ
36848,ﺦ
36849,ﺦ
36850,ﺦ
36851,ﺦ
36852,ﺦ
36853,ﺦ
36854,ﺦ
36855,ﺦ
36856,ﺦ
36857,ﺦ
36858,ﺦ
36859,ﺦ
36860,ﺦ
36861,ﺦ
36862,ﺦ
36863,ﺦ
36864,ﺦ
36865,ﺦ
36866,ﺦ
36867,ﺦ
36868,ﺦ
36869,ﺦ
36870,ﺦ
36871,ﺦ
36872,ﺦ
36873,ﺦ
36874,ﺦ
36875,ﺦ
36876,ﺦ
36877,ﺦ
36878,ﺦ
36879,ﺦ
36880,ﺦ
36881,ﺦ
36882,ﺦ
36883,ﺦ
36884,ﺦ
36885,ﺦ
36886,ﺦ
36887,ﺦ
36888,ﺦ
36889,ﺦ
36890,ﺦ
36891,ﺦ
36892,ﺦ
36893,ﺦ
36894,ﺦ
36895,ﺦ
36896,ﺦ
36897,ﺦ
36898,ﺦ
36899,ﺦ
36900,ﺦ
36901,ﺦ
36902,ﺦ
36903,ﺦ
36904,ﺦ
36905,ﺦ
36906,ﺦ
36907,ﺦ
36908,ﺦ
36909,ﺦ
36910,ﺦ
36911,ﺦ
36912,ﺦ
36913,ﺦ
36914,ﺦ
36915,ﺦ
36916,ﺦ
36917,ﺦ
36918,ﺦ
36919,ﺦ
36920,ﺦ
36921,ﺦ
36922,ﺦ
36923,ﺦ
36924,ﺦ
36925,ﺦ
36926,ﺦ
36927,ﺦ
36928,ﺦ
36929,ﺦ
36930,ﺦ
36931,ﺦ
36932,ﺦ
36933,ﺦ
36934,ﺦ
36935,ﺦ
36936,ﺦ
36937,ﺦ
36938,ﺦ
36939,ﺦ
36940,ﺦ
36941,ﺦ
36942,ﺦ
36943,ﺦ
36944,ﺦ
36945,ﺦ
36946,ﺦ
36947,ﺦ
36948,ﺦ
36949,ﺦ
36950,ﺦ
36951,ﺦ
36952,ﺦ
36953,ﺦ
36954,ﺦ
36955,ﺦ
36956,ﺦ
36957,ﺦ
36958,ﺦ
36959,ﺦ
36960,ﺧ
36961,ﺧ
36962,ﺧ
36963,ﺧ
36964,ﺧ
36965,ﺧ
36966,ﺧ
36967,ﺧ
36968,ﺧ
36969,ﺧ
36970,ﺧ
36971,ﺧ
36972,ﺧ
36973,ﺧ
36974,ﺧ
36975,ﺧ
36976,ﺧ
36977,ﺧ
36978,ﺧ
36979,ﺧ
36980,ﺧ
36981,ﺧ
36982,ﺧ
36983,ﺧ
36984,ﺧ
36985,ﺧ
36986,ﺧ
36987,ﺧ
36988,ﺧ
36989,ﺧ
36990,ﺧ
36991,ﺧ
36992,ﺧ
36993,ﺧ
36994,ﺧ
36995,ﺧ
36996,ﺧ
36997,ﺧ
36998,ﺧ
36999,ﺧ
37000,ﺧ
37001,ﺧ
37002,ﺧ
37003,ﺧ
37004,ﺧ
37005,ﺧ
37006,ﺧ
37007,ﺧ
37008,ﺧ
37009,ﺧ
37010,ﺧ
37011,ﺧ
37012,ﺧ
37013,ﺧ
37014,ﺧ
37015,ﺧ
37016,ﺧ
37017,ﺧ
37018,ﺧ
37019,ﺧ
37020,ﺧ
37021,ﺧ
37022,ﺧ
37023,ﺧ
37024,ﺧ
37025,ﺧ
37026,ﺧ
37027,ﺧ
37028,ﺧ
37029,ﺧ
37030,ﺧ
37031,ﺧ
37032,ﺧ
37033,ﺧ
37034,ﺧ
37035,ﺧ
37036,ﺧ
37037,ﺧ
37038,ﺧ
37039,ﺧ
37040,ﺧ
37041,ﺧ
37042,ﺧ
37043,ﺧ
37044,ﺧ
37045,ﺧ
37046,ﺧ
37047,ﺧ
37048,ﺧ
37049,ﺧ
37050,ﺧ
37051,ﺧ
37052,ﺧ
37053,ﺧ
37054,ﺧ
37055,ﺧ
37056,ﺧ
37057,ﺧ
37058,ﺧ
37059,ﺧ
37060,ﺧ
37061,ﺧ
37062,ﺧ
37063,ﺧ
37064,ﺧ
37065,ﺧ
37066,ﺧ
37067,ﺧ
37068,ﺧ
37069,ﺧ
37070,ﺧ
37071,ﺧ
37072,ﺪ
37073,ﺪ
37074,ﺪ
37075,ﺪ
37076,ﺪ
37077,ﺪ
37078,ﺪ
37079,ﺪ
37080,ﺪ
37081,ﺪ
37082,ﺪ
37083,ﺪ
37084,ﺪ
37085,ﺪ
37086,ﺪ
37087,ﺪ
37088,ﺪ
37089,ﺪ
37090,ﺪ
37091,ﺪ
37092,ﺪ
37093,ﺪ
37094,ﺪ
37095,ﺪ
37096,ﺪ
37097,ﺪ
37098,ﺪ
37099,ﺪ
37100,ﺪ
37101,ﺪ
37102,ﺪ
37103,ﺪ
37104,ﺪ
37105,ﺪ
37106,ﺪ
37107,ﺪ
37108,ﺪ
37109,ﺪ
37110,ﺪ
37111,ﺪ
37112,ﺪ
37113,ﺪ
37114,ﺪ
37115,ﺪ
37116,ﺪ
37117,ﺪ
37118,ﺪ
37119,ﺪ
37120,ﺪ
37121,ﺪ
37122,ﺪ
37123,ﺪ
37124,ﺪ
37125,ﺪ
37126,ﺪ
37127,ﺪ
37128,ﺪ
37129,ﺪ
37130,ﺪ
37131,ﺪ
37132,ﺪ
37133,ﺪ
37134,ﺪ
37135,ﺪ
37136,ﺪ
37137,ﺪ
37138,ﺪ
37139,ﺪ
37140,ﺪ
37141,ﺪ
37142,ﺪ
37143,ﺪ
37144,ﺪ
37145,ﺪ
37146,ﺪ
37147,ﺪ
37148,ﺪ
37149,ﺪ
37150,ﺪ
37151,ﺪ
37152,ﺪ
37153,ﺪ
37154,ﺪ
37155,ﺪ
37156,ﺪ
37157,ﺪ
37158,ﺪ
37159,ﺪ
37160,ﺪ
37161,ﺪ
37162,ﺪ
37163,ﺪ
37164,ﺪ
37165,ﺪ
37166,ﺪ
37167,ﺪ
37168,ﺪ
37169,ﺪ
37170,ﺪ
37171,ﺪ
37172,ﺪ
37173,ﺪ
37174,ﺪ
37175,ﺪ
37176,ﺪ
37177,ﺪ
37178,ﺪ
37179,ﺪ
37180,ﺪ
37181,ﺪ
37182,ﺪ
37183,ﺪ
37184,ﺬ
37185,ﺬ
37186,ﺬ
37187,ﺬ
37188,ﺬ
37189,ﺬ
37190,ﺬ
37191,ﺬ
37192,ﺬ
37193,ﺬ
37194,ﺬ
37195,ﺬ
37196,ﺬ
37197,ﺬ
37198,ﺬ
37199,ﺬ
37200,ﺬ
37201,ﺬ
37202,ﺬ
37203,ﺬ
37204,ﺬ
37205,ﺬ
37206,ﺬ
37207,ﺬ
37208,ﺬ
37209,ﺬ
37210,ﺬ
37211,ﺬ
37212,ﺬ
37213,ﺬ
37214,ﺬ
37215,ﺬ
37216,ﺬ
37217,ﺬ
37218,ﺬ
37219,ﺬ
37220,ﺬ
37221,ﺬ
37222,ﺬ
37223,ﺬ
37224,ﺬ
37225,ﺬ
37226,ﺬ
37227,ﺬ
37228,ﺬ
37229,ﺬ
37230,ﺬ
37231,ﺬ
37232,ﺬ
37233,ﺬ
37234,ﺬ
37235,ﺬ
37236,ﺬ
37237,ﺬ
37238,ﺬ
37239,ﺬ
37240,ﺬ
37241,ﺬ
37242,ﺬ
37243,ﺬ
37244,ﺬ
37245,ﺬ
37246,ﺬ
37247,ﺬ
37248,ﺬ
37249,ﺬ
37250,ﺬ
37251,ﺬ
37252,ﺬ
37253,ﺬ
37254,ﺬ
37255,ﺬ
37256,ﺬ
37257,ﺬ
37258,ﺬ
37259,ﺬ
37260,ﺬ
37261,ﺬ
37262,ﺬ
37263,ﺬ
37264,ﺬ
37265,ﺬ
37266,ﺬ
37267,ﺬ
37268,ﺬ
37269,ﺬ
37270,ﺬ
37271,ﺬ
37272,ﺬ
37273,ﺬ
37274,ﺬ
37275,ﺬ
37276,ﺬ
37277,ﺬ
37278,ﺬ
37279,ﺬ
37280,ﺬ
37281,ﺬ
37282,ﺬ
37283,ﺬ
37284,ﺬ
37285,ﺬ
37286,ﺬ
37287,ﺬ
37288,ﺬ
37289,ﺬ
37290,ﺬ
37291,ﺬ
37292,ﺬ
37293,ﺬ
37294,ﺬ
37295,ﺬ
37296,ﺮ
37297,ﺮ
37298,ﺮ
37299,ﺮ
37300,ﺮ
37301,ﺮ
37302,ﺮ
37303,ﺮ
37304,ﺮ
37305,ﺮ
37306,ﺮ
37307,ﺮ
37308,ﺮ
37309,ﺮ
37310,ﺮ
37311,ﺮ
37312,ﺮ
37313,ﺮ
37314,ﺮ
37315,ﺮ
37316,ﺮ
37317,ﺮ
37318,ﺮ
37319,ﺮ
37320,ﺮ
37321,ﺮ
37322,ﺮ
37323,ﺮ
37324,ﺮ
37325,ﺮ
37326,ﺮ
37327,ﺮ
37328,ﺮ
37329,ﺮ
37330,ﺮ
37331,ﺮ
37332,ﺮ
37333,ﺮ
37334,ﺮ
37335,ﺮ
37336,ﺮ
37337,ﺮ
37338,ﺮ
37339,ﺮ
37340,ﺮ
37341,ﺮ
37342,ﺮ
37343,ﺮ
37344,ﺮ
37345,ﺮ
37346,ﺮ
37347,ﺮ
37348,ﺮ
37349,ﺮ
37350,ﺮ
37351,ﺮ
37352,ﺮ
37353,ﺮ
37354,ﺮ
37355,ﺮ
37356,ﺮ
37357,ﺮ
37358,ﺮ
37359,ﺮ
37360,ﺮ
37361,ﺮ
37362,ﺮ
37363,ﺮ
37364,ﺮ
37365,ﺮ
37366,ﺮ
37367,ﺮ
37368,ﺮ
37369,ﺮ
37370,ﺮ
37371,ﺮ
37372,ﺮ
37373,ﺮ
37374,ﺮ
37375,ﺮ
37376,ﺮ
37377,ﺮ
37378,ﺮ
37379,ﺮ
37380,ﺮ
37381,ﺮ
37382,ﺮ
37383,ﺮ
37384,ﺮ
37385,ﺮ
37386,ﺮ
37387,ﺮ
37388,ﺮ
37389,ﺮ
37390,ﺮ
37391,ﺮ
37392,ﺮ
37393,ﺮ
37394,ﺮ
37395,ﺮ
37396,ﺮ
37397,ﺮ
37398,ﺮ
37399,ﺮ
37400,ﺮ
37401,ﺮ
37402,ﺮ
37403,ﺮ
37404,ﺮ
37405,ﺮ
37406,ﺮ
37407,ﺮ
37408,ﺰ
37409,ﺰ
37410,ﺰ
37411,ﺰ
37412,ﺰ
37413,ﺰ
37414,ﺰ
37415,ﺰ
37416,ﺰ
37417,ﺰ
37418,ﺰ
37419,ﺰ
37420,ﺰ
37421,ﺰ
37422,ﺰ
37423,ﺰ
37424,ﺰ
37425,ﺰ
37426,ﺰ
37427,ﺰ
37428,ﺰ
37429,ﺰ
37430,ﺰ
37431,ﺰ
37432,ﺰ
37433,ﺰ
37434,ﺰ
37435,ﺰ
37436,ﺰ
37437,ﺰ
37438,ﺰ
37439,ﺰ
37440,ﺰ
37441,ﺰ
37442,ﺰ
37443,ﺰ
37444,ﺰ
37445,ﺰ
37446,ﺰ
37447,ﺰ
37448,ﺰ
37449,ﺰ
37450,ﺰ
37451,ﺰ
37452,ﺰ
37453,ﺰ
37454,ﺰ
37455,ﺰ
37456,ﺰ
37457,ﺰ
37458,ﺰ
37459,ﺰ
37460,ﺰ
37461,ﺰ
37462,ﺰ
37463,ﺰ
37464,ﺰ
37465,ﺰ
37466,ﺰ
37467,ﺰ
37468,ﺰ
37469,ﺰ
37470,ﺰ
37471,ﺰ
37472,ﺰ
37473,ﺰ
37474,ﺰ
37475,ﺰ
37476,ﺰ
37477,ﺰ
37478,ﺰ
37479,ﺰ
37480,ﺰ
37481,ﺰ
37482,ﺰ
37483,ﺰ
37484,ﺰ
37485,ﺰ
37486,ﺰ
37487,ﺰ
37488,ﺰ
37489,ﺰ
37490,ﺰ
37491,ﺰ
37492,ﺰ
37493,ﺰ
37494,ﺰ
37495,ﺰ
37496,ﺰ
37497,ﺰ
37498,ﺰ
37499,ﺰ
37500,ﺰ
37501,ﺰ
37502,ﺰ
37503,ﺰ
37504,ﺰ
37505,ﺰ
37506,ﺰ
37507,ﺰ
37508,ﺰ
37509,ﺰ
37510,ﺰ
37511,ﺰ
37512,ﺰ
37513,ﺰ
37514,ﺰ
37515,ﺰ
37516,ﺰ
37517,ﺰ
37518,ﺰ
37519,ﺰ
37520,ﺲ
37521,ﺲ
37522,ﺲ
37523,ﺲ
37524,ﺲ
37525,ﺲ
37526,ﺲ
37527,ﺲ
37528,ﺲ
37529,ﺲ
37530,ﺲ
37531,ﺲ
37532,ﺲ
37533,ﺲ
37534,ﺲ
37535,ﺲ
37536,ﺲ
37537,ﺲ
37538,ﺲ
37539,ﺲ
37540,ﺲ
37541,ﺲ
37542,ﺲ
37543,ﺲ
37544,ﺲ
37545,ﺲ
37546,ﺲ
37547,ﺲ
37548,ﺲ
37549,ﺲ
37550,ﺲ
37551,ﺲ
37552,ﺲ
37553,ﺲ
37554,ﺲ
37555,ﺲ
37556,ﺲ
37557,ﺲ
37558,ﺲ
37559,ﺲ
37560,ﺲ
37561,ﺲ
37562,ﺲ
37563,ﺲ
37564,ﺲ
37565,ﺲ
37566,ﺲ
37567,ﺲ
37568,ﺲ
37569,ﺲ
37570,ﺲ
37571,ﺲ
37572,ﺲ
37573,ﺲ
37574,ﺲ
37575,ﺲ
37576,ﺲ
37577,ﺲ
37578,ﺲ
37579,ﺲ
37580,ﺲ
37581,ﺲ
37582,ﺲ
37583,ﺲ
37584,ﺲ
37585,ﺲ
37586,ﺲ
37587,ﺲ
37588,ﺲ
37589,ﺲ
37590,ﺲ
37591,ﺲ
37592,ﺲ
37593,ﺲ
37594,ﺲ
37595,ﺲ
37596,ﺲ
37597,ﺲ
37598,ﺲ
37599,ﺲ
37600,ﺲ
37601,ﺲ
37602,ﺲ
37603,ﺲ
37604,ﺲ
37605,ﺲ
37606,ﺲ
37607,ﺲ
37608,ﺲ
37609,ﺲ
37610,ﺲ
37611,ﺲ
37612,ﺲ
37613,ﺲ
37614,ﺲ
37615,ﺲ
37616,ﺲ
37617,ﺲ
37618,ﺲ
37619,ﺲ
37620,ﺲ
37621,ﺲ
37622,ﺲ
37623,ﺲ
37624,ﺲ
37625,ﺲ
37626,ﺲ
37627,ﺲ
37628,ﺲ
37629,ﺲ
37630,ﺲ
37631,ﺲ
37632,ﺳ
37633,ﺳ
37634,ﺳ
37635,ﺳ
37636,ﺳ
37637,ﺳ
37638,ﺳ
37639,ﺳ
37640,ﺳ
37641,ﺳ
37642,ﺳ
37643,ﺳ
37644,ﺳ
37645,ﺳ
37646,ﺳ
37647,ﺳ
37648,ﺳ
37649,ﺳ
37650,ﺳ
37651,ﺳ
37652,ﺳ
37653,ﺳ
37654,ﺳ
37655,ﺳ
37656,ﺳ
37657,ﺳ
37658,ﺳ
37659,ﺳ
37660,ﺳ
37661,ﺳ
37662,ﺳ
37663,ﺳ
37664,ﺳ
37665,ﺳ
37666,ﺳ
37667,ﺳ
37668,ﺳ
37669,ﺳ
37670,ﺳ
37671,ﺳ
37672,ﺳ
37673,ﺳ
37674,ﺳ
37675,ﺳ
37676,ﺳ
37677,ﺳ
37678,ﺳ
37679,ﺳ
37680,ﺳ
37681,ﺳ
37682,ﺳ
37683,ﺳ
37684,ﺳ
37685,ﺳ
37686,ﺳ
37687,ﺳ
37688,ﺳ
37689,ﺳ
37690,ﺳ
37691,ﺳ
37692,ﺳ
37693,ﺳ
37694,ﺳ
37695,ﺳ
37696,ﺳ
37697,ﺳ
37698,ﺳ
37699,ﺳ
37700,ﺳ
37701,ﺳ
37702,ﺳ
37703,ﺳ
37704,ﺳ
37705,ﺳ
37706,ﺳ
37707,ﺳ
37708,ﺳ
37709,ﺳ
37710,ﺳ
37711,ﺳ
37712,ﺳ
37713,ﺳ
37714,ﺳ
37715,ﺳ
37716,ﺳ
37717,ﺳ
37718,ﺳ
37719,ﺳ
37720,ﺳ
37721,ﺳ
37722,ﺳ
37723,ﺳ
37724,ﺳ
37725,ﺳ
37726,ﺳ
37727,ﺳ
37728,ﺳ
37729,ﺳ
37730,ﺳ
37731,ﺳ
37732,ﺳ
37733,ﺳ
37734,ﺳ
37735,ﺳ
37736,ﺳ
37737,ﺳ
37738,ﺳ
37739,ﺳ
37740,ﺳ
37741,ﺳ
37742,ﺳ
37743,ﺳ
37744,ﺶ
37745,ﺶ
37746,ﺶ
37747,ﺶ
37748,ﺶ
37749,ﺶ
37750,ﺶ
37751,ﺶ
37752,ﺶ
37753,ﺶ
37754,ﺶ
37755,ﺶ
37756,ﺶ
37757,ﺶ
37758,ﺶ
37759,ﺶ
37760,ﺶ
37761,ﺶ
37762,ﺶ
37763,ﺶ
37764,ﺶ
37765,ﺶ
37766,ﺶ
37767,ﺶ
37768,ﺶ
37769,ﺶ
37770,ﺶ
37771,ﺶ
37772,ﺶ
37773,ﺶ
37774,ﺶ
37775,ﺶ
37776,ﺶ
37777,ﺶ
37778,ﺶ
37779,ﺶ
37780,ﺶ
37781,ﺶ
37782,ﺶ
37783,ﺶ
37784,ﺶ
37785,ﺶ
37786,ﺶ
37787,ﺶ
37788,ﺶ
37789,ﺶ
37790,ﺶ
37791,ﺶ
37792,ﺶ
37793,ﺶ
37794,ﺶ
37795,ﺶ
37796,ﺶ
37797,ﺶ
37798,ﺶ
37799,ﺶ
37800,ﺶ
37801,ﺶ
37802,ﺶ
37803,ﺶ
37804,ﺶ
37805,ﺶ
37806,ﺶ
37807,ﺶ
37808,ﺶ
37809,ﺶ
37810,ﺶ
37811,ﺶ
37812,ﺶ
37813,ﺶ
37814,ﺶ
37815,ﺶ
37816,ﺶ
37817,ﺶ
37818,ﺶ
37819,ﺶ
37820,ﺶ
37821,ﺶ
37822,ﺶ
37823,ﺶ
37824,ﺶ
37825,ﺶ
37826,ﺶ
37827,ﺶ
37828,ﺶ
37829,ﺶ
37830,ﺶ
37831,ﺶ
37832,ﺶ
37833,ﺶ
37834,ﺶ
37835,ﺶ
37836,ﺶ
37837,ﺶ
37838,ﺶ
37839,ﺶ
37840,ﺶ
37841,ﺶ
37842,ﺶ
37843,ﺶ
37844,ﺶ
37845,ﺶ
37846,ﺶ
37847,ﺶ
37848,ﺶ
37849,ﺶ
37850,ﺶ
37851,ﺶ
37852,ﺶ
37853,ﺶ
37854,ﺶ
37855,ﺶ
37856,ﺷ
37857,ﺷ
37858,ﺷ
37859,ﺷ
37860,ﺷ
37861,ﺷ
37862,ﺷ
37863,ﺷ
37864,ﺷ
37865,ﺷ
37866,ﺷ
37867,ﺷ
37868,ﺷ
37869,ﺷ
37870,ﺷ
37871,ﺷ
37872,ﺷ
37873,ﺷ
37874,ﺷ
37875,ﺷ
37876,ﺷ
37877,ﺷ
37878,ﺷ
37879,ﺷ
37880,ﺷ
37881,ﺷ
37882,ﺷ
37883,ﺷ
37884,ﺷ
37885,ﺷ
37886,ﺷ
37887,ﺷ
37888,ﺷ
37889,ﺷ
37890,ﺷ
37891,ﺷ
37892,ﺷ
37893,ﺷ
37894,ﺷ
37895,ﺷ
37896,ﺷ
37897,ﺷ
37898,ﺷ
37899,ﺷ
37900,ﺷ
37901,ﺷ
37902,ﺷ
37903,ﺷ
37904,ﺷ
37905,ﺷ
37906,ﺷ
37907,ﺷ
37908,ﺷ
37909,ﺷ
37910,ﺷ
37911,ﺷ
37912,ﺷ
37913,ﺷ
37914,ﺷ
37915,ﺷ
37916,ﺷ
37917,ﺷ
37918,ﺷ
37919,ﺷ
37920,ﺷ
37921,ﺷ
37922,ﺷ
37923,ﺷ
37924,ﺷ
37925,ﺷ
37926,ﺷ
37927,ﺷ
37928,ﺷ
37929,ﺷ
37930,ﺷ
37931,ﺷ
37932,ﺷ
37933,ﺷ
37934,ﺷ
37935,ﺷ
37936,ﺷ
37937,ﺷ
37938,ﺷ
37939,ﺷ
37940,ﺷ
37941,ﺷ
37942,ﺷ
37943,ﺷ
37944,ﺷ
37945,ﺷ
37946,ﺷ
37947,ﺷ
37948,ﺷ
37949,ﺷ
37950,ﺷ
37951,ﺷ
37952,ﺷ
37953,ﺷ
37954,ﺷ
37955,ﺷ
37956,ﺷ
37957,ﺷ
37958,ﺷ
37959,ﺷ
37960,ﺷ
37961,ﺷ
37962,ﺷ
37963,ﺷ
37964,ﺷ
37965,ﺷ
37966,ﺷ
37967,ﺷ
37968,ﺺ
37969,ﺺ
37970,ﺺ
37971,ﺺ
37972,ﺺ
37973,ﺺ
37974,ﺺ
37975,ﺺ
37976,ﺺ
37977,ﺺ
37978,ﺺ
37979,ﺺ
37980,ﺺ
37981,ﺺ
37982,ﺺ
37983,ﺺ
37984,ﺺ
37985,ﺺ
37986,ﺺ
37987,ﺺ
37988,ﺺ
37989,ﺺ
37990,ﺺ
37991,ﺺ
37992,ﺺ
37993,ﺺ
37994,ﺺ
37995,ﺺ
37996,ﺺ
37997,ﺺ
37998,ﺺ
37999,ﺺ
38000,ﺺ
38001,ﺺ
38002,ﺺ
38003,ﺺ
38004,ﺺ
38005,ﺺ
38006,ﺺ
38007,ﺺ
38008,ﺺ
38009,ﺺ
38010,ﺺ
38011,ﺺ
38012,ﺺ
38013,ﺺ
38014,ﺺ
38015,ﺺ
38016,ﺺ
38017,ﺺ
38018,ﺺ
38019,ﺺ
38020,ﺺ
38021,ﺺ
38022,ﺺ
38023,ﺺ
38024,ﺺ
38025,ﺺ
38026,ﺺ
38027,ﺺ
38028,ﺺ
38029,ﺺ
38030,ﺺ
38031,ﺺ
38032,ﺺ
38033,ﺺ
38034,ﺺ
38035,ﺺ
38036,ﺺ
38037,ﺺ
38038,ﺺ
38039,ﺺ
38040,ﺺ
38041,ﺺ
38042,ﺺ
38043,ﺺ
38044,ﺺ
38045,ﺺ
38046,ﺺ
38047,ﺺ
38048,ﺺ
38049,ﺺ
38050,ﺺ
38051,ﺺ
38052,ﺺ
38053,ﺺ
38054,ﺺ
38055,ﺺ
38056,ﺺ
38057,ﺺ
38058,ﺺ
38059,ﺺ
38060,ﺺ
38061,ﺺ
38062,ﺺ
38063,ﺺ
38064,ﺺ
38065,ﺺ
38066,ﺺ
38067,ﺺ
38068,ﺺ
38069,ﺺ
38070,ﺺ
38071,ﺺ
38072,ﺺ
38073,ﺺ
38074,ﺺ
38075,ﺺ
38076,ﺺ
38077,ﺺ
38078,ﺺ
38079,ﺺ
38080,ﺻ
38081,ﺻ
38082,ﺻ
38083,ﺻ
38084,ﺻ
38085,ﺻ
38086,ﺻ
38087,ﺻ
38088,ﺻ
38089,ﺻ
38090,ﺻ
38091,ﺻ
38092,ﺻ
38093,ﺻ
38094,ﺻ
38095,ﺻ
38096,ﺻ
38097,ﺻ
38098,ﺻ
38099,ﺻ
38100,ﺻ
38101,ﺻ
38102,ﺻ
38103,ﺻ
38104,ﺻ
38105,ﺻ
38106,ﺻ
38107,ﺻ
38108,ﺻ
38109,ﺻ
38110,ﺻ
38111,ﺻ
38112,ﺻ
38113,ﺻ
38114,ﺻ
38115,ﺻ
38116,ﺻ
38117,ﺻ
38118,ﺻ
38119,ﺻ
38120,ﺻ
38121,ﺻ
38122,ﺻ
38123,ﺻ
38124,ﺻ
38125,ﺻ
38126,ﺻ
38127,ﺻ
38128,ﺻ
38129,ﺻ
38130,ﺻ
38131,ﺻ
38132,ﺻ
38133,ﺻ
38134,ﺻ
38135,ﺻ
38136,ﺻ
38137,ﺻ
38138,ﺻ
38139,ﺻ
38140,ﺻ
38141,ﺻ
38142,ﺻ
38143,ﺻ
38144,ﺻ
38145,ﺻ
38146,ﺻ
38147,ﺻ
38148,ﺻ
38149,ﺻ
38150,ﺻ
38151,ﺻ
38152,ﺻ
38153,ﺻ
38154,ﺻ
38155,ﺻ
38156,ﺻ
38157,ﺻ
38158,ﺻ
38159,ﺻ
38160,ﺻ
38161,ﺻ
38162,ﺻ
38163,ﺻ
38164,ﺻ
38165,ﺻ
38166,ﺻ
38167,ﺻ
38168,ﺻ
38169,ﺻ
38170,ﺻ
38171,ﺻ
38172,ﺻ
38173,ﺻ
38174,ﺻ
38175,ﺻ
38176,ﺻ
38177,ﺻ
38178,ﺻ
38179,ﺻ
38180,ﺻ
38181,ﺻ
38182,ﺻ
38183,ﺻ
38184,ﺻ
38185,ﺻ
38186,ﺻ
38187,ﺻ
38188,ﺻ
38189,ﺻ
38190,ﺻ
38191,ﺻ
38192,ﺾ
38193,ﺾ
38194,ﺾ
38195,ﺾ
38196,ﺾ
38197,ﺾ
38198,ﺾ
38199,ﺾ
38200,ﺾ
38201,ﺾ
38202,ﺾ
38203,ﺾ
38204,ﺾ
38205,ﺾ
38206,ﺾ
38207,ﺾ
38208,ﺾ
38209,ﺾ
38210,ﺾ
38211,ﺾ
38212,ﺾ
38213,ﺾ
38214,ﺾ
38215,ﺾ
38216,ﺾ
38217,ﺾ
38218,ﺾ
38219,ﺾ
38220,ﺾ
38221,ﺾ
38222,ﺾ
38223,ﺾ
38224,ﺾ
38225,ﺾ
38226,ﺾ
38227,ﺾ
38228,ﺾ
38229,ﺾ
38230,ﺾ
38231,ﺾ
38232,ﺾ
38233,ﺾ
38234,ﺾ
38235,ﺾ
38236,ﺾ
38237,ﺾ
38238,ﺾ
38239,ﺾ
38240,ﺾ
38241,ﺾ
38242,ﺾ
38243,ﺾ
38244,ﺾ
38245,ﺾ
38246,ﺾ
38247,ﺾ
38248,ﺾ
38249,ﺾ
38250,ﺾ
38251,ﺾ
38252,ﺾ
38253,ﺾ
38254,ﺾ
38255,ﺾ
38256,ﺾ
38257,ﺾ
38258,ﺾ
38259,ﺾ
38260,ﺾ
38261,ﺾ
38262,ﺾ
38263,ﺾ
38264,ﺾ
38265,ﺾ
38266,ﺾ
38267,ﺾ
38268,ﺾ
38269,ﺾ
38270,ﺾ
38271,ﺾ
38272,ﺾ
38273,ﺾ
38274,ﺾ
38275,ﺾ
38276,ﺾ
38277,ﺾ
38278,ﺾ
38279,ﺾ
38280,ﺾ
38281,ﺾ
38282,ﺾ
38283,ﺾ
38284,ﺾ
38285,ﺾ
38286,ﺾ
38287,ﺾ
38288,ﺾ
38289,ﺾ
38290,ﺾ
38291,ﺾ
38292,ﺾ
38293,ﺾ
38294,ﺾ
38295,ﺾ
38296,ﺾ
38297,ﺾ
38298,ﺾ
38299,ﺾ
38300,ﺾ
38301,ﺾ
38302,ﺾ
38303,ﺾ
38304,ﺿ
38305,ﺿ
38306,ﺿ
38307,ﺿ
38308,ﺿ
38309,ﺿ
38310,ﺿ
38311,ﺿ
38312,ﺿ
38313,ﺿ
38314,ﺿ
38315,ﺿ
38316,ﺿ
38317,ﺿ
38318,ﺿ
38319,ﺿ
38320,ﺿ
38321,ﺿ
38322,ﺿ
38323,ﺿ
38324,ﺿ
38325,ﺿ
38326,ﺿ
38327,ﺿ
38328,ﺿ
38329,ﺿ
38330,ﺿ
38331,ﺿ
38332,ﺿ
38333,ﺿ
38334,ﺿ
38335,ﺿ
38336,ﺿ
38337,ﺿ
38338,ﺿ
38339,ﺿ
38340,ﺿ
38341,ﺿ
38342,ﺿ
38343,ﺿ
38344,ﺿ
38345,ﺿ
38346,ﺿ
38347,ﺿ
38348,ﺿ
38349,ﺿ
38350,ﺿ
38351,ﺿ
38352,ﺿ
38353,ﺿ
38354,ﺿ
38355,ﺿ
38356,ﺿ
38357,ﺿ
38358,ﺿ
38359,ﺿ
38360,ﺿ
38361,ﺿ
38362,ﺿ
38363,ﺿ
38364,ﺿ
38365,ﺿ
38366,ﺿ
38367,ﺿ
38368,ﺿ
38369,ﺿ
38370,ﺿ
38371,ﺿ
38372,ﺿ
38373,ﺿ
38374,ﺿ
38375,ﺿ
38376,ﺿ
38377,ﺿ
38378,ﺿ
38379,ﺿ
38380,ﺿ
38381,ﺿ
38382,ﺿ
38383,ﺿ
38384,ﺿ
38385,ﺿ
38386,ﺿ
38387,ﺿ
38388,ﺿ
38389,ﺿ
38390,ﺿ
38391,ﺿ
38392,ﺿ
38393,ﺿ
38394,ﺿ
38395,ﺿ
38396,ﺿ
38397,ﺿ
38398,ﺿ
38399,ﺿ
38400,ﺿ
38401,ﺿ
38402,ﺿ
38403,ﺿ
38404,ﺿ
38405,ﺿ
38406,ﺿ
38407,ﺿ
38408,ﺿ
38409,ﺿ
38410,ﺿ
38411,ﺿ
38412,ﺿ
38413,ﺿ
38414,ﺿ
38415,ﺿ
38416,ﻂ
38417,ﻂ
38418,ﻂ
38419,ﻂ
38420,ﻂ
38421,ﻂ
38422,ﻂ
38423,ﻂ
38424,ﻂ
38425,ﻂ
38426,ﻂ
38427,ﻂ
38428,ﻂ
38429,ﻂ
38430,ﻂ
38431,ﻂ
38432,ﻂ
38433,ﻂ
38434,ﻂ
38435,ﻂ
38436,ﻂ
38437,ﻂ
38438,ﻂ
38439,ﻂ
38440,ﻂ
38441,ﻂ
38442,ﻂ
38443,ﻂ
38444,ﻂ
38445,ﻂ
38446,ﻂ
38447,ﻂ
38448,ﻂ
38449,ﻂ
38450,ﻂ
38451,ﻂ
38452,ﻂ
38453,ﻂ
38454,ﻂ
38455,ﻂ
38456,ﻂ
38457,ﻂ
38458,ﻂ
38459,ﻂ
38460,ﻂ
38461,ﻂ
38462,ﻂ
38463,ﻂ
38464,ﻂ
38465,ﻂ
38466,ﻂ
38467,ﻂ
38468,ﻂ
38469,ﻂ
38470,ﻂ
38471,ﻂ
38472,ﻂ
38473,ﻂ
38474,ﻂ
38475,ﻂ
38476,ﻂ
38477,ﻂ
38478,ﻂ
38479,ﻂ
38480,ﻂ
38481,ﻂ
38482,ﻂ
38483,ﻂ
38484,ﻂ
38485,ﻂ
38486,ﻂ
38487,ﻂ
38488,ﻂ
38489,ﻂ
38490,ﻂ
38491,ﻂ
38492,ﻂ
38493,ﻂ
38494,ﻂ
38495,ﻂ
38496,ﻂ
38497,ﻂ
38498,ﻂ
38499,ﻂ
38500,ﻂ
38501,ﻂ
38502,ﻂ
38503,ﻂ
38504,ﻂ
38505,ﻂ
38506,ﻂ
38507,ﻂ
38508,ﻂ
38509,ﻂ
38510,ﻂ
38511,ﻂ
38512,ﻂ
38513,ﻂ
38514,ﻂ
38515,ﻂ
38516,ﻂ
38517,ﻂ
38518,ﻂ
38519,ﻂ
38520,ﻂ
38521,ﻂ
38522,ﻂ
38523,ﻂ
38524,ﻂ
38525,ﻂ
38526,ﻂ
38527,ﻂ
38528,ﻆ
38529,ﻆ
38530,ﻆ
38531,ﻆ
38532,ﻆ
38533,ﻆ
38534,ﻆ
38535,ﻆ
38536,ﻆ
38537,ﻆ
38538,ﻆ
38539,ﻆ
38540,ﻆ
38541,ﻆ
38542,ﻆ
38543,ﻆ
38544,ﻆ
38545,ﻆ
38546,ﻆ
38547,ﻆ
38548,ﻆ
38549,ﻆ
38550,ﻆ
38551,ﻆ
38552,ﻆ
38553,ﻆ
38554,ﻆ
38555,ﻆ
38556,ﻆ
38557,ﻆ
38558,ﻆ
38559,ﻆ
38560,ﻆ
38561,ﻆ
38562,ﻆ
38563,ﻆ
38564,ﻆ
38565,ﻆ
38566,ﻆ
38567,ﻆ
38568,ﻆ
38569,ﻆ
38570,ﻆ
38571,ﻆ
38572,ﻆ
38573,ﻆ
38574,ﻆ
38575,ﻆ
38576,ﻆ
38577,ﻆ
38578,ﻆ
38579,ﻆ
38580,ﻆ
38581,ﻆ
38582,ﻆ
38583,ﻆ
38584,ﻆ
38585,ﻆ
38586,ﻆ
38587,ﻆ
38588,ﻆ
38589,ﻆ
38590,ﻆ
38591,ﻆ
38592,ﻆ
38593,ﻆ
38594,ﻆ
38595,ﻆ
38596,ﻆ
38597,ﻆ
38598,ﻆ
38599,ﻆ
38600,ﻆ
38601,ﻆ
38602,ﻆ
38603,ﻆ
38604,ﻆ
38605,ﻆ
38606,ﻆ
38607,ﻆ
38608,ﻆ
38609,ﻆ
38610,ﻆ
38611,ﻆ
38612,ﻆ
38613,ﻆ
38614,ﻆ
38615,ﻆ
38616,ﻆ
38617,ﻆ
38618,ﻆ
38619,ﻆ
38620,ﻆ
38621,ﻆ
38622,ﻆ
38623,ﻆ
38624,ﻆ
38625,ﻆ
38626,ﻆ
38627,ﻆ
38628,ﻆ
38629,ﻆ
38630,ﻆ
38631,ﻆ
38632,ﻆ
38633,ﻆ
38634,ﻆ
38635,ﻆ
38636,ﻆ
38637,ﻆ
38638,ﻆ
38639,ﻆ
38640,ﻉ
38641,ﻉ
38642,ﻉ
38643,ﻉ
38644,ﻉ
38645,ﻉ
38646,ﻉ
38647,ﻉ
38648,ﻉ
38649,ﻉ
38650,ﻉ
38651,ﻉ
38652,ﻉ
38653,ﻉ
38654,ﻉ
38655,ﻉ
38656,ﻉ
38657,ﻉ
38658,ﻉ
38659,ﻉ
38660,ﻉ
38661,ﻉ
38662,ﻉ
38663,ﻉ
38664,ﻉ
38665,ﻉ
38666,ﻉ
38667,ﻉ
38668,ﻉ
38669,ﻉ
38670,ﻉ
38671,ﻉ
38672,ﻉ
38673,ﻉ
38674,ﻉ
38675,ﻉ
38676,ﻉ
38677,ﻉ
38678,ﻉ
38679,ﻉ
38680,ﻉ
38681,ﻉ
38682,ﻉ
38683,ﻉ
38684,ﻉ
38685,ﻉ
38686,ﻉ
38687,ﻉ
38688,ﻉ
38689,ﻉ
38690,ﻉ
38691,ﻉ
38692,ﻉ
38693,ﻉ
38694,ﻉ
38695,ﻉ
38696,ﻉ
38697,ﻉ
38698,ﻉ
38699,ﻉ
38700,ﻉ
38701,ﻉ
38702,ﻉ
38703,ﻉ
38704,ﻉ
38705,ﻉ
38706,ﻉ
38707,ﻉ
38708,ﻉ
38709,ﻉ
38710,ﻉ
38711,ﻉ
38712,ﻉ
38713,ﻉ
38714,ﻉ
38715,ﻉ
38716,ﻉ
38717,ﻉ
38718,ﻉ
38719,ﻉ
38720,ﻉ
38721,ﻉ
38722,ﻉ
38723,ﻉ
38724,ﻉ
38725,ﻉ
38726,ﻉ
38727,ﻉ
38728,ﻉ
38729,ﻉ
38730,ﻉ
38731,ﻉ
38732,ﻉ
38733,ﻉ
38734,ﻉ
38735,ﻉ
38736,ﻉ
38737,ﻉ
38738,ﻉ
38739,ﻉ
38740,ﻉ
38741,ﻉ
38742,ﻉ
38743,ﻉ
38744,ﻉ
38745,ﻉ
38746,ﻉ
38747,ﻉ
38748,ﻉ
38749,ﻉ
38750,ﻉ
38751,ﻉ
38752,ﻊ
38753,ﻊ
38754,ﻊ
38755,ﻊ
38756,ﻊ
38757,ﻊ
38758,ﻊ
38759,ﻊ
38760,ﻊ
38761,ﻊ
38762,ﻊ
38763,ﻊ
38764,ﻊ
38765,ﻊ
38766,ﻊ
38767,ﻊ
38768,ﻊ
38769,ﻊ
38770,ﻊ
38771,ﻊ
38772,ﻊ
38773,ﻊ
38774,ﻊ
38775,ﻊ
38776,ﻊ
38777,ﻊ
38778,ﻊ
38779,ﻊ
38780,ﻊ
38781,ﻊ
38782,ﻊ
38783,ﻊ
38784,ﻊ
38785,ﻊ
38786,ﻊ
38787,ﻊ
38788,ﻊ
38789,ﻊ
38790,ﻊ
38791,ﻊ
38792,ﻊ
38793,ﻊ
38794,ﻊ
38795,ﻊ
38796,ﻊ
38797,ﻊ
38798,ﻊ
38799,ﻊ
38800,ﻊ
38801,ﻊ
38802,ﻊ
38803,ﻊ
38804,ﻊ
38805,ﻊ
38806,ﻊ
38807,ﻊ
38808,ﻊ
38809,ﻊ
38810,ﻊ
38811,ﻊ
38812,ﻊ
38813,ﻊ
38814,ﻊ
38815,ﻊ
38816,ﻊ
38817,ﻊ
38818,ﻊ
38819,ﻊ
38820,ﻊ
38821,ﻊ
38822,ﻊ
38823,ﻊ
38824,ﻊ
38825,ﻊ
38826,ﻊ
38827,ﻊ
38828,ﻊ
38829,ﻊ
38830,ﻊ
38831,ﻊ
38832,ﻊ
38833,ﻊ
38834,ﻊ
38835,ﻊ
38836,ﻊ
38837,ﻊ
38838,ﻊ
38839,ﻊ
38840,ﻊ
38841,ﻊ
38842,ﻊ
38843,ﻊ
38844,ﻊ
38845,ﻊ
38846,ﻊ
38847,ﻊ
38848,ﻊ
38849,ﻊ
38850,ﻊ
38851,ﻊ
38852,ﻊ
38853,ﻊ
38854,ﻊ
38855,ﻊ
38856,ﻊ
38857,ﻊ
38858,ﻊ
38859,ﻊ
38860,ﻊ
38861,ﻊ
38862,ﻊ
38863,ﻊ
38864,ﻋ
38865,ﻋ
38866,ﻋ
38867,ﻋ
38868,ﻋ
38869,ﻋ
38870,ﻋ
38871,ﻋ
38872,ﻋ
38873,ﻋ
38874,ﻋ
38875,ﻋ
38876,ﻋ
38877,ﻋ
38878,ﻋ
38879,ﻋ
38880,ﻋ
38881,ﻋ
38882,ﻋ
38883,ﻋ
38884,ﻋ
38885,ﻋ
38886,ﻋ
38887,ﻋ
38888,ﻋ
38889,ﻋ
38890,ﻋ
38891,ﻋ
38892,ﻋ
38893,ﻋ
38894,ﻋ
38895,ﻋ
38896,ﻋ
38897,ﻋ
38898,ﻋ
38899,ﻋ
38900,ﻋ
38901,ﻋ
38902,ﻋ
38903,ﻋ
38904,ﻋ
38905,ﻋ
38906,ﻋ
38907,ﻋ
38908,ﻋ
38909,ﻋ
38910,ﻋ
38911,ﻋ
38912,ﻋ
38913,ﻋ
38914,ﻋ
38915,ﻋ
38916,ﻋ
38917,ﻋ
38918,ﻋ
38919,ﻋ
38920,ﻋ
38921,ﻋ
38922,ﻋ
38923,ﻋ
38924,ﻋ
38925,ﻋ
38926,ﻋ
38927,ﻋ
38928,ﻋ
38929,ﻋ
38930,ﻋ
38931,ﻋ
38932,ﻋ
38933,ﻋ
38934,ﻋ
38935,ﻋ
38936,ﻋ
38937,ﻋ
38938,ﻋ
38939,ﻋ
38940,ﻋ
38941,ﻋ
38942,ﻋ
38943,ﻋ
38944,ﻋ
38945,ﻋ
38946,ﻋ
38947,ﻋ
38948,ﻋ
38949,ﻋ
38950,ﻋ
38951,ﻋ
38952,ﻋ
38953,ﻋ
38954,ﻋ
38955,ﻋ
38956,ﻋ
38957,ﻋ
38958,ﻋ
38959,ﻋ
38960,ﻋ
38961,ﻋ
38962,ﻋ
38963,ﻋ
38964,ﻋ
38965,ﻋ
38966,ﻋ
38967,ﻋ
38968,ﻋ
38969,ﻋ
38970,ﻋ
38971,ﻋ
38972,ﻋ
38973,ﻋ
38974,ﻋ
38975,ﻋ
38976,ﻌ
38977,ﻌ
38978,ﻌ
38979,ﻌ
38980,ﻌ
38981,ﻌ
38982,ﻌ
38983,ﻌ
38984,ﻌ
38985,ﻌ
38986,ﻌ
38987,ﻌ
38988,ﻌ
38989,ﻌ
38990,ﻌ
38991,ﻌ
38992,ﻌ
38993,ﻌ
38994,ﻌ
38995,ﻌ
38996,ﻌ
38997,ﻌ
38998,ﻌ
38999,ﻌ
39000,ﻌ
39001,ﻌ
39002,ﻌ
39003,ﻌ
39004,ﻌ
39005,ﻌ
39006,ﻌ
39007,ﻌ
39008,ﻌ
39009,ﻌ
39010,ﻌ
39011,ﻌ
39012,ﻌ
39013,ﻌ
39014,ﻌ
39015,ﻌ
39016,ﻌ
39017,ﻌ
39018,ﻌ
39019,ﻌ
39020,ﻌ
39021,ﻌ
39022,ﻌ
39023,ﻌ
39024,ﻌ
39025,ﻌ
39026,ﻌ
39027,ﻌ
39028,ﻌ
39029,ﻌ
39030,ﻌ
39031,ﻌ
39032,ﻌ
39033,ﻌ
39034,ﻌ
39035,ﻌ
39036,ﻌ
39037,ﻌ
39038,ﻌ
39039,ﻌ
39040,ﻌ
39041,ﻌ
39042,ﻌ
39043,ﻌ
39044,ﻌ
39045,ﻌ
39046,ﻌ
39047,ﻌ
39048,ﻌ
39049,ﻌ
39050,ﻌ
39051,ﻌ
39052,ﻌ
39053,ﻌ
39054,ﻌ
39055,ﻌ
39056,ﻌ
39057,ﻌ
39058,ﻌ
39059,ﻌ
39060,ﻌ
39061,ﻌ
39062,ﻌ
39063,ﻌ
39064,ﻌ
39065,ﻌ
39066,ﻌ
39067,ﻌ
39068,ﻌ
39069,ﻌ
39070,ﻌ
39071,ﻌ
39072,ﻌ
39073,ﻌ
39074,ﻌ
39075,ﻌ
39076,ﻌ
39077,ﻌ
39078,ﻌ
39079,ﻌ
39080,ﻌ
39081,ﻌ
39082,ﻌ
39083,ﻌ
39084,ﻌ
39085,ﻌ
39086,ﻌ
39087,ﻌ
39088,ﻍ
39089,ﻍ
39090,ﻍ
39091,ﻍ
39092,ﻍ
39093,ﻍ
39094,ﻍ
39095,ﻍ
39096,ﻍ
39097,ﻍ
39098,ﻍ
39099,ﻍ
39100,ﻍ
39101,ﻍ
39102,ﻍ
39103,ﻍ
39104,ﻍ
39105,ﻍ
39106,ﻍ
39107,ﻍ
39108,ﻍ
39109,ﻍ
39110,ﻍ
39111,ﻍ
39112,ﻍ
39113,ﻍ
39114,ﻍ
39115,ﻍ
39116,ﻍ
39117,ﻍ
39118,ﻍ
39119,ﻍ
39120,ﻍ
39121,ﻍ
39122,ﻍ
39123,ﻍ
39124,ﻍ
39125,ﻍ
39126,ﻍ
39127,ﻍ
39128,ﻍ
39129,ﻍ
39130,ﻍ
39131,ﻍ
39132,ﻍ
39133,ﻍ
39134,ﻍ
39135,ﻍ
39136,ﻍ
39137,ﻍ
39138,ﻍ
39139,ﻍ
39140,ﻍ
39141,ﻍ
39142,ﻍ
39143,ﻍ
39144,ﻍ
39145,ﻍ
39146,ﻍ
39147,ﻍ
39148,ﻍ
39149,ﻍ
39150,ﻍ
39151,ﻍ
39152,ﻍ
39153,ﻍ
39154,ﻍ
39155,ﻍ
39156,ﻍ
39157,ﻍ
39158,ﻍ
39159,ﻍ
39160,ﻍ
39161,ﻍ
39162,ﻍ
39163,ﻍ
39164,ﻍ
39165,ﻍ
39166,ﻍ
39167,ﻍ
39168,ﻍ
39169,ﻍ
39170,ﻍ
39171,ﻍ
39172,ﻍ
39173,ﻍ
39174,ﻍ
39175,ﻍ
39176,ﻍ
39177,ﻍ
39178,ﻍ
39179,ﻍ
39180,ﻍ
39181,ﻍ
39182,ﻍ
39183,ﻍ
39184,ﻍ
39185,ﻍ
39186,ﻍ
39187,ﻍ
39188,ﻍ
39189,ﻍ
39190,ﻍ
39191,ﻍ
39192,ﻍ
39193,ﻍ
39194,ﻍ
39195,ﻍ
39196,ﻍ
39197,ﻍ
39198,ﻍ
39199,ﻍ
39200,ﻎ
39201,ﻎ
39202,ﻎ
39203,ﻎ
39204,ﻎ
39205,ﻎ
39206,ﻎ
39207,ﻎ
39208,ﻎ
39209,ﻎ
39210,ﻎ
39211,ﻎ
39212,ﻎ
39213,ﻎ
39214,ﻎ
39215,ﻎ
39216,ﻎ
39217,ﻎ
39218,ﻎ
39219,ﻎ
39220,ﻎ
39221,ﻎ
39222,ﻎ
39223,ﻎ
39224,ﻎ
39225,ﻎ
39226,ﻎ
39227,ﻎ
39228,ﻎ
39229,ﻎ
39230,ﻎ
39231,ﻎ
39232,ﻎ
39233,ﻎ
39234,ﻎ
39235,ﻎ
39236,ﻎ
39237,ﻎ
39238,ﻎ
39239,ﻎ
39240,ﻎ
39241,ﻎ
39242,ﻎ
39243,ﻎ
39244,ﻎ
39245,ﻎ
39246,ﻎ
39247,ﻎ
39248,ﻎ
39249,ﻎ
39250,ﻎ
39251,ﻎ
39252,ﻎ
39253,ﻎ
39254,ﻎ
39255,ﻎ
39256,ﻎ
39257,ﻎ
39258,ﻎ
39259,ﻎ
39260,ﻎ
39261,ﻎ
39262,ﻎ
39263,ﻎ
39264,ﻎ
39265,ﻎ
39266,ﻎ
39267,ﻎ
39268,ﻎ
39269,ﻎ
39270,ﻎ
39271,ﻎ
39272,ﻎ
39273,ﻎ
39274,ﻎ
39275,ﻎ
39276,ﻎ
39277,ﻎ
39278,ﻎ
39279,ﻎ
39280,ﻎ
39281,ﻎ
39282,ﻎ
39283,ﻎ
39284,ﻎ
39285,ﻎ
39286,ﻎ
39287,ﻎ
39288,ﻎ
39289,ﻎ
39290,ﻎ
39291,ﻎ
39292,ﻎ
39293,ﻎ
39294,ﻎ
39295,ﻎ
39296,ﻎ
39297,ﻎ
39298,ﻎ
39299,ﻎ
39300,ﻎ
39301,ﻎ
39302,ﻎ
39303,ﻎ
39304,ﻎ
39305,ﻎ
39306,ﻎ
39307,ﻎ
39308,ﻎ
39309,ﻎ
39310,ﻎ
39311,ﻎ
39312,ﻏ
39313,ﻏ
39314,ﻏ
39315,ﻏ
39316,ﻏ
39317,ﻏ
39318,ﻏ
39319,ﻏ
39320,ﻏ
39321,ﻏ
39322,ﻏ
39323,ﻏ
39324,ﻏ
39325,ﻏ
39326,ﻏ
39327,ﻏ
39328,ﻏ
39329,ﻏ
39330,ﻏ
39331,ﻏ
39332,ﻏ
39333,ﻏ
39334,ﻏ
39335,ﻏ
39336,ﻏ
39337,ﻏ
39338,ﻏ
39339,ﻏ
39340,ﻏ
39341,ﻏ
39342,ﻏ
39343,ﻏ
39344,ﻏ
39345,ﻏ
39346,ﻏ
39347,ﻏ
39348,ﻏ
39349,ﻏ
39350,ﻏ
39351,ﻏ
39352,ﻏ
39353,ﻏ
39354,ﻏ
39355,ﻏ
39356,ﻏ
39357,ﻏ
39358,ﻏ
39359,ﻏ
39360,ﻏ
39361,ﻏ
39362,ﻏ
39363,ﻏ
39364,ﻏ
39365,ﻏ
39366,ﻏ
39367,ﻏ
39368,ﻏ
39369,ﻏ
39370,ﻏ
39371,ﻏ
39372,ﻏ
39373,ﻏ
39374,ﻏ
39375,ﻏ
39376,ﻏ
39377,ﻏ
39378,ﻏ
39379,ﻏ
39380,ﻏ
39381,ﻏ
39382,ﻏ
39383,ﻏ
39384,ﻏ
39385,ﻏ
39386,ﻏ
39387,ﻏ
39388,ﻏ
39389,ﻏ
39390,ﻏ
39391,ﻏ
39392,ﻏ
39393,ﻏ
39394,ﻏ
39395,ﻏ
39396,ﻏ
39397,ﻏ
39398,ﻏ
39399,ﻏ
39400,ﻏ
39401,ﻏ
39402,ﻏ
39403,ﻏ
39404,ﻏ
39405,ﻏ
39406,ﻏ
39407,ﻏ
39408,ﻏ
39409,ﻏ
39410,ﻏ
39411,ﻏ
39412,ﻏ
39413,ﻏ
39414,ﻏ
39415,ﻏ
39416,ﻏ
39417,ﻏ
39418,ﻏ
39419,ﻏ
39420,ﻏ
39421,ﻏ
39422,ﻏ
39423,ﻏ
39424,ﻐ
39425,ﻐ
39426,ﻐ
39427,ﻐ
39428,ﻐ
39429,ﻐ
39430,ﻐ
39431,ﻐ
39432,ﻐ
39433,ﻐ
39434,ﻐ
39435,ﻐ
39436,ﻐ
39437,ﻐ
39438,ﻐ
39439,ﻐ
39440,ﻐ
39441,ﻐ
39442,ﻐ
39443,ﻐ
39444,ﻐ
39445,ﻐ
39446,ﻐ
39447,ﻐ
39448,ﻐ
39449,ﻐ
39450,ﻐ
39451,ﻐ
39452,ﻐ
39453,ﻐ
39454,ﻐ
39455,ﻐ
39456,ﻐ
39457,ﻐ
39458,ﻐ
39459,ﻐ
39460,ﻐ
39461,ﻐ
39462,ﻐ
39463,ﻐ
39464,ﻐ
39465,ﻐ
39466,ﻐ
39467,ﻐ
39468,ﻐ
39469,ﻐ
39470,ﻐ
39471,ﻐ
39472,ﻐ
39473,ﻐ
39474,ﻐ
39475,ﻐ
39476,ﻐ
39477,ﻐ
39478,ﻐ
39479,ﻐ
39480,ﻐ
39481,ﻐ
39482,ﻐ
39483,ﻐ
39484,ﻐ
39485,ﻐ
39486,ﻐ
39487,ﻐ
39488,ﻐ
39489,ﻐ
39490,ﻐ
39491,ﻐ
39492,ﻐ
39493,ﻐ
39494,ﻐ
39495,ﻐ
39496,ﻐ
39497,ﻐ
39498,ﻐ
39499,ﻐ
39500,ﻐ
39501,ﻐ
39502,ﻐ
39503,ﻐ
39504,ﻐ
39505,ﻐ
39506,ﻐ
39507,ﻐ
39508,ﻐ
39509,ﻐ
39510,ﻐ
39511,ﻐ
39512,ﻐ
39513,ﻐ
39514,ﻐ
39515,ﻐ
39516,ﻐ
39517,ﻐ
39518,ﻐ
39519,ﻐ
39520,ﻐ
39521,ﻐ
39522,ﻐ
39523,ﻐ
39524,ﻐ
39525,ﻐ
39526,ﻐ
39527,ﻐ
39528,ﻐ
39529,ﻐ
39530,ﻐ
39531,ﻐ
39532,ﻐ
39533,ﻐ
39534,ﻐ
39535,ﻐ
39536,ﻒ
39537,ﻒ
39538,ﻒ
39539,ﻒ
39540,ﻒ
39541,ﻒ
39542,ﻒ
39543,ﻒ
39544,ﻒ
39545,ﻒ
39546,ﻒ
39547,ﻒ
39548,ﻒ
39549,ﻒ
39550,ﻒ
39551,ﻒ
39552,ﻒ
39553,ﻒ
39554,ﻒ
39555,ﻒ
39556,ﻒ
39557,ﻒ
39558,ﻒ
39559,ﻒ
39560,ﻒ
39561,ﻒ
39562,ﻒ
39563,ﻒ
39564,ﻒ
39565,ﻒ
39566,ﻒ
39567,ﻒ
39568,ﻒ
39569,ﻒ
39570,ﻒ
39571,ﻒ
39572,ﻒ
39573,ﻒ
39574,ﻒ
39575,ﻒ
39576,ﻒ
39577,ﻒ
39578,ﻒ
39579,ﻒ
39580,ﻒ
39581,ﻒ
39582,ﻒ
39583,ﻒ
39584,ﻒ
39585,ﻒ
39586,ﻒ
39587,ﻒ
39588,ﻒ
39589,ﻒ
39590,ﻒ
39591,ﻒ
39592,ﻒ
39593,ﻒ
39594,ﻒ
39595,ﻒ
39596,ﻒ
39597,ﻒ
39598,ﻒ
39599,ﻒ
39600,ﻒ
39601,ﻒ
39602,ﻒ
39603,ﻒ
39604,ﻒ
39605,ﻒ
39606,ﻒ
39607,ﻒ
39608,ﻒ
39609,ﻒ
39610,ﻒ
39611,ﻒ
39612,ﻒ
39613,ﻒ
39614,ﻒ
39615,ﻒ
39616,ﻒ
39617,ﻒ
39618,ﻒ
39619,ﻒ
39620,ﻒ
39621,ﻒ
39622,ﻒ
39623,ﻒ
39624,ﻒ
39625,ﻒ
39626,ﻒ
39627,ﻒ
39628,ﻒ
39629,ﻒ
39630,ﻒ
39631,ﻒ
39632,ﻒ
39633,ﻒ
39634,ﻒ
39635,ﻒ
39636,ﻒ
39637,ﻒ
39638,ﻒ
39639,ﻒ
39640,ﻒ
39641,ﻒ
39642,ﻒ
39643,ﻒ
39644,ﻒ
39645,ﻒ
39646,ﻒ
39647,ﻒ
39648,ﻓ
39649,ﻓ
39650,ﻓ
39651,ﻓ
39652,ﻓ
39653,ﻓ
39654,ﻓ
39655,ﻓ
39656,ﻓ
39657,ﻓ
39658,ﻓ
39659,ﻓ
39660,ﻓ
39661,ﻓ
39662,ﻓ
39663,ﻓ
39664,ﻓ
39665,ﻓ
39666,ﻓ
39667,ﻓ
39668,ﻓ
39669,ﻓ
39670,ﻓ
39671,ﻓ
39672,ﻓ
39673,ﻓ
39674,ﻓ
39675,ﻓ
39676,ﻓ
39677,ﻓ
39678,ﻓ
39679,ﻓ
39680,ﻓ
39681,ﻓ
39682,ﻓ
39683,ﻓ
39684,ﻓ
39685,ﻓ
39686,ﻓ
39687,ﻓ
39688,ﻓ
39689,ﻓ
39690,ﻓ
39691,ﻓ
39692,ﻓ
39693,ﻓ
39694,ﻓ
39695,ﻓ
39696,ﻓ
39697,ﻓ
39698,ﻓ
39699,ﻓ
39700,ﻓ
39701,ﻓ
39702,ﻓ
39703,ﻓ
39704,ﻓ
39705,ﻓ
39706,ﻓ
39707,ﻓ
39708,ﻓ
39709,ﻓ
39710,ﻓ
39711,ﻓ
39712,ﻓ
39713,ﻓ
39714,ﻓ
39715,ﻓ
39716,ﻓ
39717,ﻓ
39718,ﻓ
39719,ﻓ
39720,ﻓ
39721,ﻓ
39722,ﻓ
39723,ﻓ
39724,ﻓ
39725,ﻓ
39726,ﻓ
39727,ﻓ
39728,ﻓ
39729,ﻓ
39730,ﻓ
39731,ﻓ
39732,ﻓ
39733,ﻓ
39734,ﻓ
39735,ﻓ
39736,ﻓ
39737,ﻓ
39738,ﻓ
39739,ﻓ
39740,ﻓ
39741,ﻓ
39742,ﻓ
39743,ﻓ
39744,ﻓ
39745,ﻓ
39746,ﻓ
39747,ﻓ
39748,ﻓ
39749,ﻓ
39750,ﻓ
39751,ﻓ
39752,ﻓ
39753,ﻓ
39754,ﻓ
39755,ﻓ
39756,ﻓ
39757,ﻓ
39758,ﻓ
39759,ﻓ
39760,ﻖ
39761,ﻖ
39762,ﻖ
39763,ﻖ
39764,ﻖ
39765,ﻖ
39766,ﻖ
39767,ﻖ
39768,ﻖ
39769,ﻖ
39770,ﻖ
39771,ﻖ
39772,ﻖ
39773,ﻖ
39774,ﻖ
39775,ﻖ
39776,ﻖ
39777,ﻖ
39778,ﻖ
39779,ﻖ
39780,ﻖ
39781,ﻖ
39782,ﻖ
39783,ﻖ
39784,ﻖ
39785,ﻖ
39786,ﻖ
39787,ﻖ
39788,ﻖ
39789,ﻖ
39790,ﻖ
39791,ﻖ
39792,ﻖ
39793,ﻖ
39794,ﻖ
39795,ﻖ
39796,ﻖ
39797,ﻖ
39798,ﻖ
39799,ﻖ
39800,ﻖ
39801,ﻖ
39802,ﻖ
39803,ﻖ
39804,ﻖ
39805,ﻖ
39806,ﻖ
39807,ﻖ
39808,ﻖ
39809,ﻖ
39810,ﻖ
39811,ﻖ
39812,ﻖ
39813,ﻖ
39814,ﻖ
39815,ﻖ
39816,ﻖ
39817,ﻖ
39818,ﻖ
39819,ﻖ
39820,ﻖ
39821,ﻖ
39822,ﻖ
39823,ﻖ
39824,ﻖ
39825,ﻖ
39826,ﻖ
39827,ﻖ
39828,ﻖ
39829,ﻖ
39830,ﻖ
39831,ﻖ
39832,ﻖ
39833,ﻖ
39834,ﻖ
39835,ﻖ
39836,ﻖ
39837,ﻖ
39838,ﻖ
39839,ﻖ
39840,ﻖ
39841,ﻖ
39842,ﻖ
39843,ﻖ
39844,ﻖ
39845,ﻖ
39846,ﻖ
39847,ﻖ
39848,ﻖ
39849,ﻖ
39850,ﻖ
39851,ﻖ
39852,ﻖ
39853,ﻖ
39854,ﻖ
39855,ﻖ
39856,ﻖ
39857,ﻖ
39858,ﻖ
39859,ﻖ
39860,ﻖ
39861,ﻖ
39862,ﻖ
39863,ﻖ
39864,ﻖ
39865,ﻖ
39866,ﻖ
39867,ﻖ
39868,ﻖ
39869,ﻖ
39870,ﻖ
39871,ﻖ
39872,ﻗ
39873,ﻗ
39874,ﻗ
39875,ﻗ
39876,ﻗ
39877,ﻗ
39878,ﻗ
39879,ﻗ
39880,ﻗ
39881,ﻗ
39882,ﻗ
39883,ﻗ
39884,ﻗ
39885,ﻗ
39886,ﻗ
39887,ﻗ
39888,ﻗ
39889,ﻗ
39890,ﻗ
39891,ﻗ
39892,ﻗ
39893,ﻗ
39894,ﻗ
39895,ﻗ
39896,ﻗ
39897,ﻗ
39898,ﻗ
39899,ﻗ
39900,ﻗ
39901,ﻗ
39902,ﻗ
39903,ﻗ
39904,ﻗ
39905,ﻗ
39906,ﻗ
39907,ﻗ
39908,ﻗ
39909,ﻗ
39910,ﻗ
39911,ﻗ
39912,ﻗ
39913,ﻗ
39914,ﻗ
39915,ﻗ
39916,ﻗ
39917,ﻗ
39918,ﻗ
39919,ﻗ
39920,ﻗ
39921,ﻗ
39922,ﻗ
39923,ﻗ
39924,ﻗ
39925,ﻗ
39926,ﻗ
39927,ﻗ
39928,ﻗ
39929,ﻗ
39930,ﻗ
39931,ﻗ
39932,ﻗ
39933,ﻗ
39934,ﻗ
39935,ﻗ
39936,ﻗ
39937,ﻗ
39938,ﻗ
39939,ﻗ
39940,ﻗ
39941,ﻗ
39942,ﻗ
39943,ﻗ
39944,ﻗ
39945,ﻗ
39946,ﻗ
39947,ﻗ
39948,ﻗ
39949,ﻗ
39950,ﻗ
39951,ﻗ
39952,ﻗ
39953,ﻗ
39954,ﻗ
39955,ﻗ
39956,ﻗ
39957,ﻗ
39958,ﻗ
39959,ﻗ
39960,ﻗ
39961,ﻗ
39962,ﻗ
39963,ﻗ
39964,ﻗ
39965,ﻗ
39966,ﻗ
39967,ﻗ
39968,ﻗ
39969,ﻗ
39970,ﻗ
39971,ﻗ
39972,ﻗ
39973,ﻗ
39974,ﻗ
39975,ﻗ
39976,ﻗ
39977,ﻗ
39978,ﻗ
39979,ﻗ
39980,ﻗ
39981,ﻗ
39982,ﻗ
39983,ﻗ
39984,ﻘ
39985,ﻘ
39986,ﻘ
39987,ﻘ
39988,ﻘ
39989,ﻘ
39990,ﻘ
39991,ﻘ
39992,ﻘ
39993,ﻘ
39994,ﻘ
39995,ﻘ
39996,ﻘ
39997,ﻘ
39998,ﻘ
39999,ﻘ
40000,ﻘ
40001,ﻘ
40002,ﻘ
40003,ﻘ
40004,ﻘ
40005,ﻘ
40006,ﻘ
40007,ﻘ
40008,ﻘ
40009,ﻘ
40010,ﻘ
40011,ﻘ
40012,ﻘ
40013,ﻘ
40014,ﻘ
40015,ﻘ
40016,ﻘ
40017,ﻘ
40018,ﻘ
40019,ﻘ
40020,ﻘ
40021,ﻘ
40022,ﻘ
40023,ﻘ
40024,ﻘ
40025,ﻘ
40026,ﻘ
40027,ﻘ
40028,ﻘ
40029,ﻘ
40030,ﻘ
40031,ﻘ
40032,ﻘ
40033,ﻘ
40034,ﻘ
40035,ﻘ
40036,ﻘ
40037,ﻘ
40038,ﻘ
40039,ﻘ
40040,ﻘ
40041,ﻘ
40042,ﻘ
40043,ﻘ
40044,ﻘ
40045,ﻘ
40046,ﻘ
40047,ﻘ
40048,ﻘ
40049,ﻘ
40050,ﻘ
40051,ﻘ
40052,ﻘ
40053,ﻘ
40054,ﻘ
40055,ﻘ
40056,ﻘ
40057,ﻘ
40058,ﻘ
40059,ﻘ
40060,ﻘ
40061,ﻘ
40062,ﻘ
40063,ﻘ
40064,ﻘ
40065,ﻘ
40066,ﻘ
40067,ﻘ
40068,ﻘ
40069,ﻘ
40070,ﻘ
40071,ﻘ
40072,ﻘ
40073,ﻘ
40074,ﻘ
40075,ﻘ
40076,ﻘ
40077,ﻘ
40078,ﻘ
40079,ﻘ
40080,ﻘ
40081,ﻘ
40082,ﻘ
40083,ﻘ
40084,ﻘ
40085,ﻘ
40086,ﻘ
40087,ﻘ
40088,ﻘ
40089,ﻘ
40090,ﻘ
40091,ﻘ
40092,ﻘ
40093,ﻘ
40094,ﻘ
40095,ﻘ
40096,ﻚ
40097,ﻚ
40098,ﻚ
40099,ﻚ
40100,ﻚ
40101,ﻚ
40102,ﻚ
40103,ﻚ
40104,ﻚ
40105,ﻚ
40106,ﻚ
40107,ﻚ
40108,ﻚ
40109,ﻚ
40110,ﻚ
40111,ﻚ
40112,ﻚ
40113,ﻚ
40114,ﻚ
40115,ﻚ
40116,ﻚ
40117,ﻚ
40118,ﻚ
40119,ﻚ
40120,ﻚ
40121,ﻚ
40122,ﻚ
40123,ﻚ
40124,ﻚ
40125,ﻚ
40126,ﻚ
40127,ﻚ
40128,ﻚ
40129,ﻚ
40130,ﻚ
40131,ﻚ
40132,ﻚ
40133,ﻚ
40134,ﻚ
40135,ﻚ
40136,ﻚ
40137,ﻚ
40138,ﻚ
40139,ﻚ
40140,ﻚ
40141,ﻚ
40142,ﻚ
40143,ﻚ
40144,ﻚ
40145,ﻚ
40146,ﻚ
40147,ﻚ
40148,ﻚ
40149,ﻚ
40150,ﻚ
40151,ﻚ
40152,ﻚ
40153,ﻚ
40154,ﻚ
40155,ﻚ
40156,ﻚ
40157,ﻚ
40158,ﻚ
40159,ﻚ
40160,ﻚ
40161,ﻚ
40162,ﻚ
40163,ﻚ
40164,ﻚ
40165,ﻚ
40166,ﻚ
40167,ﻚ
40168,ﻚ
40169,ﻚ
40170,ﻚ
40171,ﻚ
40172,ﻚ
40173,ﻚ
40174,ﻚ
40175,ﻚ
40176,ﻚ
40177,ﻚ
40178,ﻚ
40179,ﻚ
40180,ﻚ
40181,ﻚ
40182,ﻚ
40183,ﻚ
40184,ﻚ
40185,ﻚ
40186,ﻚ
40187,ﻚ
40188,ﻚ
40189,ﻚ
40190,ﻚ
40191,ﻚ
40192,ﻚ
40193,ﻚ
40194,ﻚ
40195,ﻚ
40196,ﻚ
40197,ﻚ
40198,ﻚ
40199,ﻚ
40200,ﻚ
40201,ﻚ
40202,ﻚ
40203,ﻚ
40204,ﻚ
40205,ﻚ
40206,ﻚ
40207,ﻚ
40208,ﻛ
40209,ﻛ
40210,ﻛ
40211,ﻛ
40212,ﻛ
40213,ﻛ
40214,ﻛ
40215,ﻛ
40216,ﻛ
40217,ﻛ
40218,ﻛ
40219,ﻛ
40220,ﻛ
40221,ﻛ
40222,ﻛ
40223,ﻛ
40224,ﻛ
40225,ﻛ
40226,ﻛ
40227,ﻛ
40228,ﻛ
40229,ﻛ
40230,ﻛ
40231,ﻛ
40232,ﻛ
40233,ﻛ
40234,ﻛ
40235,ﻛ
40236,ﻛ
40237,ﻛ
40238,ﻛ
40239,ﻛ
40240,ﻛ
40241,ﻛ
40242,ﻛ
40243,ﻛ
40244,ﻛ
40245,ﻛ
40246,ﻛ
40247,ﻛ
40248,ﻛ
40249,ﻛ
40250,ﻛ
40251,ﻛ
40252,ﻛ
40253,ﻛ
40254,ﻛ
40255,ﻛ
40256,ﻛ
40257,ﻛ
40258,ﻛ
40259,ﻛ
40260,ﻛ
40261,ﻛ
40262,ﻛ
40263,ﻛ
40264,ﻛ
40265,ﻛ
40266,ﻛ
40267,ﻛ
40268,ﻛ
40269,ﻛ
40270,ﻛ
40271,ﻛ
40272,ﻛ
40273,ﻛ
40274,ﻛ
40275,ﻛ
40276,ﻛ
40277,ﻛ
40278,ﻛ
40279,ﻛ
40280,ﻛ
40281,ﻛ
40282,ﻛ
40283,ﻛ
40284,ﻛ
40285,ﻛ
40286,ﻛ
40287,ﻛ
40288,ﻛ
40289,ﻛ
40290,ﻛ
40291,ﻛ
40292,ﻛ
40293,ﻛ
40294,ﻛ
40295,ﻛ
40296,ﻛ
40297,ﻛ
40298,ﻛ
40299,ﻛ
40300,ﻛ
40301,ﻛ
40302,ﻛ
40303,ﻛ
40304,ﻛ
40305,ﻛ
40306,ﻛ
40307,ﻛ
40308,ﻛ
40309,ﻛ
40310,ﻛ
40311,ﻛ
40312,ﻛ
40313,ﻛ
40314,ﻛ
40315,ﻛ
40316,ﻛ
40317,ﻛ
40318,ﻛ
40319,ﻛ
40320,ﻞ
40321,ﻞ
40322,ﻞ
40323,ﻞ
40324,ﻞ
40325,ﻞ
40326,ﻞ
40327,ﻞ
40328,ﻞ
40329,ﻞ
40330,ﻞ
40331,ﻞ
40332,ﻞ
40333,ﻞ
40334,ﻞ
40335,ﻞ
40336,ﻞ
40337,ﻞ
40338,ﻞ
40339,ﻞ
40340,ﻞ
40341,ﻞ
40342,ﻞ
40343,ﻞ
40344,ﻞ
40345,ﻞ
40346,ﻞ
40347,ﻞ
40348,ﻞ
40349,ﻞ
40350,ﻞ
40351,ﻞ
40352,ﻞ
40353,ﻞ
40354,ﻞ
40355,ﻞ
40356,ﻞ
40357,ﻞ
40358,ﻞ
40359,ﻞ
40360,ﻞ
40361,ﻞ
40362,ﻞ
40363,ﻞ
40364,ﻞ
40365,ﻞ
40366,ﻞ
40367,ﻞ
40368,ﻞ
40369,ﻞ
40370,ﻞ
40371,ﻞ
40372,ﻞ
40373,ﻞ
40374,ﻞ
40375,ﻞ
40376,ﻞ
40377,ﻞ
40378,ﻞ
40379,ﻞ
40380,ﻞ
40381,ﻞ
40382,ﻞ
40383,ﻞ
40384,ﻞ
40385,ﻞ
40386,ﻞ
40387,ﻞ
40388,ﻞ
40389,ﻞ
40390,ﻞ
40391,ﻞ
40392,ﻞ
40393,ﻞ
40394,ﻞ
40395,ﻞ
40396,ﻞ
40397,ﻞ
40398,ﻞ
40399,ﻞ
40400,ﻞ
40401,ﻞ
40402,ﻞ
40403,ﻞ
40404,ﻞ
40405,ﻞ
40406,ﻞ
40407,ﻞ
40408,ﻞ
40409,ﻞ
40410,ﻞ
40411,ﻞ
40412,ﻞ
40413,ﻞ
40414,ﻞ
40415,ﻞ
40416,ﻞ
40417,ﻞ
40418,ﻞ
40419,ﻞ
40420,ﻞ
40421,ﻞ
40422,ﻞ
40423,ﻞ
40424,ﻞ
40425,ﻞ
40426,ﻞ
40427,ﻞ
40428,ﻞ
40429,ﻞ
40430,ﻞ
40431,ﻞ
40432,ﻟ
40433,ﻟ
40434,ﻟ
40435,ﻟ
40436,ﻟ
40437,ﻟ
40438,ﻟ
40439,ﻟ
40440,ﻟ
40441,ﻟ
40442,ﻟ
40443,ﻟ
40444,ﻟ
40445,ﻟ
40446,ﻟ
40447,ﻟ
40448,ﻟ
40449,ﻟ
40450,ﻟ
40451,ﻟ
40452,ﻟ
40453,ﻟ
40454,ﻟ
40455,ﻟ
40456,ﻟ
40457,ﻟ
40458,ﻟ
40459,ﻟ
40460,ﻟ
40461,ﻟ
40462,ﻟ
40463,ﻟ
40464,ﻟ
40465,ﻟ
40466,ﻟ
40467,ﻟ
40468,ﻟ
40469,ﻟ
40470,ﻟ
40471,ﻟ
40472,ﻟ
40473,ﻟ
40474,ﻟ
40475,ﻟ
40476,ﻟ
40477,ﻟ
40478,ﻟ
40479,ﻟ
40480,ﻟ
40481,ﻟ
40482,ﻟ
40483,ﻟ
40484,ﻟ
40485,ﻟ
40486,ﻟ
40487,ﻟ
40488,ﻟ
40489,ﻟ
40490,ﻟ
40491,ﻟ
40492,ﻟ
40493,ﻟ
40494,ﻟ
40495,ﻟ
40496,ﻟ
40497,ﻟ
40498,ﻟ
40499,ﻟ
40500,ﻟ
40501,ﻟ
40502,ﻟ
40503,ﻟ
40504,ﻟ
40505,ﻟ
40506,ﻟ
40507,ﻟ
40508,ﻟ
40509,ﻟ
40510,ﻟ
40511,ﻟ
40512,ﻟ
40513,ﻟ
40514,ﻟ
40515,ﻟ
40516,ﻟ
40517,ﻟ
40518,ﻟ
40519,ﻟ
40520,ﻟ
40521,ﻟ
40522,ﻟ
40523,ﻟ
40524,ﻟ
40525,ﻟ
40526,ﻟ
40527,ﻟ
40528,ﻟ
40529,ﻟ
40530,ﻟ
40531,ﻟ
40532,ﻟ
40533,ﻟ
40534,ﻟ
40535,ﻟ
40536,ﻟ
40537,ﻟ
40538,ﻟ
40539,ﻟ
40540,ﻟ
40541,ﻟ
40542,ﻟ
40543,ﻟ
40544,ﻠ
40545,ﻠ
40546,ﻠ
40547,ﻠ
40548,ﻠ
40549,ﻠ
40550,ﻠ
40551,ﻠ
40552,ﻠ
40553,ﻠ
40554,ﻠ
40555,ﻠ
40556,ﻠ
40557,ﻠ
40558,ﻠ
40559,ﻠ
40560,ﻠ
40561,ﻠ
40562,ﻠ
40563,ﻠ
40564,ﻠ
40565,ﻠ
40566,ﻠ
40567,ﻠ
40568,ﻠ
40569,ﻠ
40570,ﻠ
40571,ﻠ
40572,ﻠ
40573,ﻠ
40574,ﻠ
40575,ﻠ
40576,ﻠ
40577,ﻠ
40578,ﻠ
40579,ﻠ
40580,ﻠ
40581,ﻠ
40582,ﻠ
40583,ﻠ
40584,ﻠ
40585,ﻠ
40586,ﻠ
40587,ﻠ
40588,ﻠ
40589,ﻠ
40590,ﻠ
40591,ﻠ
40592,ﻠ
40593,ﻠ
40594,ﻠ
40595,ﻠ
40596,ﻠ
40597,ﻠ
40598,ﻠ
40599,ﻠ
40600,ﻠ
40601,ﻠ
40602,ﻠ
40603,ﻠ
40604,ﻠ
40605,ﻠ
40606,ﻠ
40607,ﻠ
40608,ﻠ
40609,ﻠ
40610,ﻠ
40611,ﻠ
40612,ﻠ
40613,ﻠ
40614,ﻠ
40615,ﻠ
40616,ﻠ
40617,ﻠ
40618,ﻠ
40619,ﻠ
40620,ﻠ
40621,ﻠ
40622,ﻠ
40623,ﻠ
40624,ﻠ
40625,ﻠ
40626,ﻠ
40627,ﻠ
40628,ﻠ
40629,ﻠ
40630,ﻠ
40631,ﻠ
40632,ﻠ
40633,ﻠ
40634,ﻠ
40635,ﻠ
40636,ﻠ
40637,ﻠ
40638,ﻠ
40639,ﻠ
40640,ﻠ
40641,ﻠ
40642,ﻠ
40643,ﻠ
40644,ﻠ
40645,ﻠ
40646,ﻠ
40647,ﻠ
40648,ﻠ
40649,ﻠ
40650,ﻠ
40651,ﻠ
40652,ﻠ
40653,ﻠ
40654,ﻠ
40655,ﻠ
40656,ﻢ
40657,ﻢ
40658,ﻢ
40659,ﻢ
40660,ﻢ
40661,ﻢ
40662,ﻢ
40663,ﻢ
40664,ﻢ
40665,ﻢ
40666,ﻢ
40667,ﻢ
40668,ﻢ
40669,ﻢ
40670,ﻢ
40671,ﻢ
40672,ﻢ
40673,ﻢ
40674,ﻢ
40675,ﻢ
40676,ﻢ
40677,ﻢ
40678,ﻢ
40679,ﻢ
40680,ﻢ
40681,ﻢ
40682,ﻢ
40683,ﻢ
40684,ﻢ
40685,ﻢ
40686,ﻢ
40687,ﻢ
40688,ﻢ
40689,ﻢ
40690,ﻢ
40691,ﻢ
40692,ﻢ
40693,ﻢ
40694,ﻢ
40695,ﻢ
40696,ﻢ
40697,ﻢ
40698,ﻢ
40699,ﻢ
40700,ﻢ
40701,ﻢ
40702,ﻢ
40703,ﻢ
40704,ﻢ
40705,ﻢ
40706,ﻢ
40707,ﻢ
40708,ﻢ
40709,ﻢ
40710,ﻢ
40711,ﻢ
40712,ﻢ
40713,ﻢ
40714,ﻢ
40715,ﻢ
40716,ﻢ
40717,ﻢ
40718,ﻢ
40719,ﻢ
40720,ﻢ
40721,ﻢ
40722,ﻢ
40723,ﻢ
40724,ﻢ
40725,ﻢ
40726,ﻢ
40727,ﻢ
40728,ﻢ
40729,ﻢ
40730,ﻢ
40731,ﻢ
40732,ﻢ
40733,ﻢ
40734,ﻢ
40735,ﻢ
40736,ﻢ
40737,ﻢ
40738,ﻢ
40739,ﻢ
40740,ﻢ
40741,ﻢ
40742,ﻢ
40743,ﻢ
40744,ﻢ
40745,ﻢ
40746,ﻢ
40747,ﻢ
40748,ﻢ
40749,ﻢ
40750,ﻢ
40751,ﻢ
40752,ﻢ
40753,ﻢ
40754,ﻢ
40755,ﻢ
40756,ﻢ
40757,ﻢ
40758,ﻢ
40759,ﻢ
40760,ﻢ
40761,ﻢ
40762,ﻢ
40763,ﻢ
40764,ﻢ
40765,ﻢ
40766,ﻢ
40767,ﻢ
40768,ﻣ
40769,ﻣ
40770,ﻣ
40771,ﻣ
40772,ﻣ
40773,ﻣ
40774,ﻣ
40775,ﻣ
40776,ﻣ
40777,ﻣ
40778,ﻣ
40779,ﻣ
40780,ﻣ
40781,ﻣ
40782,ﻣ
40783,ﻣ
40784,ﻣ
40785,ﻣ
40786,ﻣ
40787,ﻣ
40788,ﻣ
40789,ﻣ
40790,ﻣ
40791,ﻣ
40792,ﻣ
40793,ﻣ
40794,ﻣ
40795,ﻣ
40796,ﻣ
40797,ﻣ
40798,ﻣ
40799,ﻣ
40800,ﻣ
40801,ﻣ
40802,ﻣ
40803,ﻣ
40804,ﻣ
40805,ﻣ
40806,ﻣ
40807,ﻣ
40808,ﻣ
40809,ﻣ
40810,ﻣ
40811,ﻣ
40812,ﻣ
40813,ﻣ
40814,ﻣ
40815,ﻣ
40816,ﻣ
40817,ﻣ
40818,ﻣ
40819,ﻣ
40820,ﻣ
40821,ﻣ
40822,ﻣ
40823,ﻣ
40824,ﻣ
40825,ﻣ
40826,ﻣ
40827,ﻣ
40828,ﻣ
40829,ﻣ
40830,ﻣ
40831,ﻣ
40832,ﻣ
40833,ﻣ
40834,ﻣ
40835,ﻣ
40836,ﻣ
40837,ﻣ
40838,ﻣ
40839,ﻣ
40840,ﻣ
40841,ﻣ
40842,ﻣ
40843,ﻣ
40844,ﻣ
40845,ﻣ
40846,ﻣ
40847,ﻣ
40848,ﻣ
40849,ﻣ
40850,ﻣ
40851,ﻣ
40852,ﻣ
40853,ﻣ
40854,ﻣ
40855,ﻣ
40856,ﻣ
40857,ﻣ
40858,ﻣ
40859,ﻣ
40860,ﻣ
40861,ﻣ
40862,ﻣ
40863,ﻣ
40864,ﻣ
40865,ﻣ
40866,ﻣ
40867,ﻣ
40868,ﻣ
40869,ﻣ
40870,ﻣ
40871,ﻣ
40872,ﻣ
40873,ﻣ
40874,ﻣ
40875,ﻣ
40876,ﻣ
40877,ﻣ
40878,ﻣ
40879,ﻣ
40880,ﻦ
40881,ﻦ
40882,ﻦ
40883,ﻦ
40884,ﻦ
40885,ﻦ
40886,ﻦ
40887,ﻦ
40888,ﻦ
40889,ﻦ
40890,ﻦ
40891,ﻦ
40892,ﻦ
40893,ﻦ
40894,ﻦ
40895,ﻦ
40896,ﻦ
40897,ﻦ
40898,ﻦ
40899,ﻦ
40900,ﻦ
40901,ﻦ
40902,ﻦ
40903,ﻦ
40904,ﻦ
40905,ﻦ
40906,ﻦ
40907,ﻦ
40908,ﻦ
40909,ﻦ
40910,ﻦ
40911,ﻦ
40912,ﻦ
40913,ﻦ
40914,ﻦ
40915,ﻦ
40916,ﻦ
40917,ﻦ
40918,ﻦ
40919,ﻦ
40920,ﻦ
40921,ﻦ
40922,ﻦ
40923,ﻦ
40924,ﻦ
40925,ﻦ
40926,ﻦ
40927,ﻦ
40928,ﻦ
40929,ﻦ
40930,ﻦ
40931,ﻦ
40932,ﻦ
40933,ﻦ
40934,ﻦ
40935,ﻦ
40936,ﻦ
40937,ﻦ
40938,ﻦ
40939,ﻦ
40940,ﻦ
40941,ﻦ
40942,ﻦ
40943,ﻦ
40944,ﻦ
40945,ﻦ
40946,ﻦ
40947,ﻦ
40948,ﻦ
40949,ﻦ
40950,ﻦ
40951,ﻦ
40952,ﻦ
40953,ﻦ
40954,ﻦ
40955,ﻦ
40956,ﻦ
40957,ﻦ
40958,ﻦ
40959,ﻦ
40960,ﻦ
40961,ﻦ
40962,ﻦ
40963,ﻦ
40964,ﻦ
40965,ﻦ
40966,ﻦ
40967,ﻦ
40968,ﻦ
40969,ﻦ
40970,ﻦ
40971,ﻦ
40972,ﻦ
40973,ﻦ
40974,ﻦ
40975,ﻦ
40976,ﻦ
40977,ﻦ
40978,ﻦ
40979,ﻦ
40980,ﻦ
40981,ﻦ
40982,ﻦ
40983,ﻦ
40984,ﻦ
40985,ﻦ
40986,ﻦ
40987,ﻦ
40988,ﻦ
40989,ﻦ
40990,ﻦ
40991,ﻦ
40992,ﻧ
40993,ﻧ
40994,ﻧ
40995,ﻧ
40996,ﻧ
40997,ﻧ
40998,ﻧ
40999,ﻧ
41000,ﻧ
41001,ﻧ
41002,ﻧ
41003,ﻧ
41004,ﻧ
41005,ﻧ
41006,ﻧ
41007,ﻧ
41008,ﻧ
41009,ﻧ
41010,ﻧ
41011,ﻧ
41012,ﻧ
41013,ﻧ
41014,ﻧ
41015,ﻧ
41016,ﻧ
41017,ﻧ
41018,ﻧ
41019,ﻧ
41020,ﻧ
41021,ﻧ
41022,ﻧ
41023,ﻧ
41024,ﻧ
41025,ﻧ
41026,ﻧ
41027,ﻧ
41028,ﻧ
41029,ﻧ
41030,ﻧ
41031,ﻧ
41032,ﻧ
41033,ﻧ
41034,ﻧ
41035,ﻧ
41036,ﻧ
41037,ﻧ
41038,ﻧ
41039,ﻧ
41040,ﻧ
41041,ﻧ
41042,ﻧ
41043,ﻧ
41044,ﻧ
41045,ﻧ
41046,ﻧ
41047,ﻧ
41048,ﻧ
41049,ﻧ
41050,ﻧ
41051,ﻧ
41052,ﻧ
41053,ﻧ
41054,ﻧ
41055,ﻧ
41056,ﻧ
41057,ﻧ
41058,ﻧ
41059,ﻧ
41060,ﻧ
41061,ﻧ
41062,ﻧ
41063,ﻧ
41064,ﻧ
41065,ﻧ
41066,ﻧ
41067,ﻧ
41068,ﻧ
41069,ﻧ
41070,ﻧ
41071,ﻧ
41072,ﻧ
41073,ﻧ
41074,ﻧ
41075,ﻧ
41076,ﻧ
41077,ﻧ
41078,ﻧ
41079,ﻧ
41080,ﻧ
41081,ﻧ
41082,ﻧ
41083,ﻧ
41084,ﻧ
41085,ﻧ
41086,ﻧ
41087,ﻧ
41088,ﻧ
41089,ﻧ
41090,ﻧ
41091,ﻧ
41092,ﻧ
41093,ﻧ
41094,ﻧ
41095,ﻧ
41096,ﻧ
41097,ﻧ
41098,ﻧ
41099,ﻧ
41100,ﻧ
41101,ﻧ
41102,ﻧ
41103,ﻧ
41104,ﻩ
41105,ﻩ
41106,ﻩ
41107,ﻩ
41108,ﻩ
41109,ﻩ
41110,ﻩ
41111,ﻩ
41112,ﻩ
41113,ﻩ
41114,ﻩ
41115,ﻩ
41116,ﻩ
41117,ﻩ
41118,ﻩ
41119,ﻩ
41120,ﻩ
41121,ﻩ
41122,ﻩ
41123,ﻩ
41124,ﻩ
41125,ﻩ
41126,ﻩ
41127,ﻩ
41128,ﻩ
41129,ﻩ
41130,ﻩ
41131,ﻩ
41132,ﻩ
41133,ﻩ
41134,ﻩ
41135,ﻩ
41136,ﻩ
41137,ﻩ
41138,ﻩ
41139,ﻩ
41140,ﻩ
41141,ﻩ
41142,ﻩ
41143,ﻩ
41144,ﻩ
41145,ﻩ
41146,ﻩ
41147,ﻩ
41148,ﻩ
41149,ﻩ
41150,ﻩ
41151,ﻩ
41152,ﻩ
41153,ﻩ
41154,ﻩ
41155,ﻩ
41156,ﻩ
41157,ﻩ
41158,ﻩ
41159,ﻩ
41160,ﻩ
41161,ﻩ
41162,ﻩ
41163,ﻩ
41164,ﻩ
41165,ﻩ
41166,ﻩ
41167,ﻩ
41168,ﻩ
41169,ﻩ
41170,ﻩ
41171,ﻩ
41172,ﻩ
41173,ﻩ
41174,ﻩ
41175,ﻩ
41176,ﻩ
41177,ﻩ
41178,ﻩ
41179,ﻩ
41180,ﻩ
41181,ﻩ
41182,ﻩ
41183,ﻩ
41184,ﻩ
41185,ﻩ
41186,ﻩ
41187,ﻩ
41188,ﻩ
41189,ﻩ
41190,ﻩ
41191,ﻩ
41192,ﻩ
41193,ﻩ
41194,ﻩ
41195,ﻩ
41196,ﻩ
41197,ﻩ
41198,ﻩ
41199,ﻩ
41200,ﻩ
41201,ﻩ
41202,ﻩ
41203,ﻩ
41204,ﻩ
41205,ﻩ
41206,ﻩ
41207,ﻩ
41208,ﻩ
41209,ﻩ
41210,ﻩ
41211,ﻩ
41212,ﻩ
41213,ﻩ
41214,ﻩ
41215,ﻩ
41216,ﻪ
41217,ﻪ
41218,ﻪ
41219,ﻪ
41220,ﻪ
41221,ﻪ
41222,ﻪ
41223,ﻪ
41224,ﻪ
41225,ﻪ
41226,ﻪ
41227,ﻪ
41228,ﻪ
41229,ﻪ
41230,ﻪ
41231,ﻪ
41232,ﻪ
41233,ﻪ
41234,ﻪ
41235,ﻪ
41236,ﻪ
41237,ﻪ
41238,ﻪ
41239,ﻪ
41240,ﻪ
41241,ﻪ
41242,ﻪ
41243,ﻪ
41244,ﻪ
41245,ﻪ
41246,ﻪ
41247,ﻪ
41248,ﻪ
41249,ﻪ
41250,ﻪ
41251,ﻪ
41252,ﻪ
41253,ﻪ
41254,ﻪ
41255,ﻪ
41256,ﻪ
41257,ﻪ
41258,ﻪ
41259,ﻪ
41260,ﻪ
41261,ﻪ
41262,ﻪ
41263,ﻪ
41264,ﻪ
41265,ﻪ
41266,ﻪ
41267,ﻪ
41268,ﻪ
41269,ﻪ
41270,ﻪ
41271,ﻪ
41272,ﻪ
41273,ﻪ
41274,ﻪ
41275,ﻪ
41276,ﻪ
41277,ﻪ
41278,ﻪ
41279,ﻪ
41280,ﻪ
41281,ﻪ
41282,ﻪ
41283,ﻪ
41284,ﻪ
41285,ﻪ
41286,ﻪ
41287,ﻪ
41288,ﻪ
41289,ﻪ
41290,ﻪ
41291,ﻪ
41292,ﻪ
41293,ﻪ
41294,ﻪ
41295,ﻪ
41296,ﻪ
41297,ﻪ
41298,ﻪ
41299,ﻪ
41300,ﻪ
41301,ﻪ
41302,ﻪ
41303,ﻪ
41304,ﻪ
41305,ﻪ
41306,ﻪ
41307,ﻪ
41308,ﻪ
41309,ﻪ
41310,ﻪ
41311,ﻪ
41312,ﻪ
41313,ﻪ
41314,ﻪ
41315,ﻪ
41316,ﻪ
41317,ﻪ
41318,ﻪ
41319,ﻪ
41320,ﻪ
41321,ﻪ
41322,ﻪ
41323,ﻪ
41324,ﻪ
41325,ﻪ
41326,ﻪ
41327,ﻪ
41328,ﻫ
41329,ﻫ
41330,ﻫ
41331,ﻫ
41332,ﻫ
41333,ﻫ
41334,ﻫ
41335,ﻫ
41336,ﻫ
41337,ﻫ
41338,ﻫ
41339,ﻫ
41340,ﻫ
41341,ﻫ
41342,ﻫ
41343,ﻫ
41344,ﻫ
41345,ﻫ
41346,ﻫ
41347,ﻫ
41348,ﻫ
41349,ﻫ
41350,ﻫ
41351,ﻫ
41352,ﻫ
41353,ﻫ
41354,ﻫ
41355,ﻫ
41356,ﻫ
41357,ﻫ
41358,ﻫ
41359,ﻫ
41360,ﻫ
41361,ﻫ
41362,ﻫ
41363,ﻫ
41364,ﻫ
41365,ﻫ
41366,ﻫ
41367,ﻫ
41368,ﻫ
41369,ﻫ
41370,ﻫ
41371,ﻫ
41372,ﻫ
41373,ﻫ
41374,ﻫ
41375,ﻫ
41376,ﻫ
41377,ﻫ
41378,ﻫ
41379,ﻫ
41380,ﻫ
41381,ﻫ
41382,ﻫ
41383,ﻫ
41384,ﻫ
41385,ﻫ
41386,ﻫ
41387,ﻫ
41388,ﻫ
41389,ﻫ
41390,ﻫ
41391,ﻫ
41392,ﻫ
41393,ﻫ
41394,ﻫ
41395,ﻫ
41396,ﻫ
41397,ﻫ
41398,ﻫ
41399,ﻫ
41400,ﻫ
41401,ﻫ
41402,ﻫ
41403,ﻫ
41404,ﻫ
41405,ﻫ
41406,ﻫ
41407,ﻫ
41408,ﻫ
41409,ﻫ
41410,ﻫ
41411,ﻫ
41412,ﻫ
41413,ﻫ
41414,ﻫ
41415,ﻫ
41416,ﻫ
41417,ﻫ
41418,ﻫ
41419,ﻫ
41420,ﻫ
41421,ﻫ
41422,ﻫ
41423,ﻫ
41424,ﻫ
41425,ﻫ
41426,ﻫ
41427,ﻫ
41428,ﻫ
41429,ﻫ
41430,ﻫ
41431,ﻫ
41432,ﻫ
41433,ﻫ
41434,ﻫ
41435,ﻫ
41436,ﻫ
41437,ﻫ
41438,ﻫ
41439,ﻫ
41440,ﻬ
41441,ﻬ
41442,ﻬ
41443,ﻬ
41444,ﻬ
41445,ﻬ
41446,ﻬ
41447,ﻬ
41448,ﻬ
41449,ﻬ
41450,ﻬ
41451,ﻬ
41452,ﻬ
41453,ﻬ
41454,ﻬ
41455,ﻬ
41456,ﻬ
41457,ﻬ
41458,ﻬ
41459,ﻬ
41460,ﻬ
41461,ﻬ
41462,ﻬ
41463,ﻬ
41464,ﻬ
41465,ﻬ
41466,ﻬ
41467,ﻬ
41468,ﻬ
41469,ﻬ
41470,ﻬ
41471,ﻬ
41472,ﻬ
41473,ﻬ
41474,ﻬ
41475,ﻬ
41476,ﻬ
41477,ﻬ
41478,ﻬ
41479,ﻬ
41480,ﻬ
41481,ﻬ
41482,ﻬ
41483,ﻬ
41484,ﻬ
41485,ﻬ
41486,ﻬ
41487,ﻬ
41488,ﻬ
41489,ﻬ
41490,ﻬ
41491,ﻬ
41492,ﻬ
41493,ﻬ
41494,ﻬ
41495,ﻬ
41496,ﻬ
41497,ﻬ
41498,ﻬ
41499,ﻬ
41500,ﻬ
41501,ﻬ
41502,ﻬ
41503,ﻬ
41504,ﻬ
41505,ﻬ
41506,ﻬ
41507,ﻬ
41508,ﻬ
41509,ﻬ
41510,ﻬ
41511,ﻬ
41512,ﻬ
41513,ﻬ
41514,ﻬ
41515,ﻬ
41516,ﻬ
41517,ﻬ
41518,ﻬ
41519,ﻬ
41520,ﻬ
41521,ﻬ
41522,ﻬ
41523,ﻬ
41524,ﻬ
41525,ﻬ
41526,ﻬ
41527,ﻬ
41528,ﻬ
41529,ﻬ
41530,ﻬ
41531,ﻬ
41532,ﻬ
41533,ﻬ
41534,ﻬ
41535,ﻬ
41536,ﻬ
41537,ﻬ
41538,ﻬ
41539,ﻬ
41540,ﻬ
41541,ﻬ
41542,ﻬ
41543,ﻬ
41544,ﻬ
41545,ﻬ
41546,ﻬ
41547,ﻬ
41548,ﻬ
41549,ﻬ
41550,ﻬ
41551,ﻬ
41552,ﻮ
41553,ﻮ
41554,ﻮ
41555,ﻮ
41556,ﻮ
41557,ﻮ
41558,ﻮ
41559,ﻮ
41560,ﻮ
41561,ﻮ
41562,ﻮ
41563,ﻮ
41564,ﻮ
41565,ﻮ
41566,ﻮ
41567,ﻮ
41568,ﻮ
41569,ﻮ
41570,ﻮ
41571,ﻮ
41572,ﻮ
41573,ﻮ
41574,ﻮ
41575,ﻮ
41576,ﻮ
41577,ﻮ
41578,ﻮ
41579,ﻮ
41580,ﻮ
41581,ﻮ
41582,ﻮ
41583,ﻮ
41584,ﻮ
41585,ﻮ
41586,ﻮ
41587,ﻮ
41588,ﻮ
41589,ﻮ
41590,ﻮ
41591,ﻮ
41592,ﻮ
41593,ﻮ
41594,ﻮ
41595,ﻮ
41596,ﻮ
41597,ﻮ
41598,ﻮ
41599,ﻮ
41600,ﻮ
41601,ﻮ
41602,ﻮ
41603,ﻮ
41604,ﻮ
41605,ﻮ
41606,ﻮ
41607,ﻮ
41608,ﻮ
41609,ﻮ
41610,ﻮ
41611,ﻮ
41612,ﻮ
41613,ﻮ
41614,ﻮ
41615,ﻮ
41616,ﻮ
41617,ﻮ
41618,ﻮ
41619,ﻮ
41620,ﻮ
41621,ﻮ
41622,ﻮ
41623,ﻮ
41624,ﻮ
41625,ﻮ
41626,ﻮ
41627,ﻮ
41628,ﻮ
41629,ﻮ
41630,ﻮ
41631,ﻮ
41632,ﻮ
41633,ﻮ
41634,ﻮ
41635,ﻮ
41636,ﻮ
41637,ﻮ
41638,ﻮ
41639,ﻮ
41640,ﻮ
41641,ﻮ
41642,ﻮ
41643,ﻮ
41644,ﻮ
41645,ﻮ
41646,ﻮ
41647,ﻮ
41648,ﻮ
41649,ﻮ
41650,ﻮ
41651,ﻮ
41652,ﻮ
41653,ﻮ
41654,ﻮ
41655,ﻮ
41656,ﻮ
41657,ﻮ
41658,ﻮ
41659,ﻮ
41660,ﻮ
41661,ﻮ
41662,ﻮ
41663,ﻮ
41664,ﯼ
41665,ﯼ
41666,ﯼ
41667,ﯼ
41668,ﯼ
41669,ﯼ
41670,ﯼ
41671,ﯼ
41672,ﯼ
41673,ﯼ
41674,ﯼ
41675,ﯼ
41676,ﯼ
41677,ﯼ
41678,ﯼ
41679,ﯼ
41680,ﯼ
41681,ﯼ
41682,ﯼ
41683,ﯼ
41684,ﯼ
41685,ﯼ
41686,ﯼ
41687,ﯼ
41688,ﯼ
41689,ﯼ
41690,ﯼ
41691,ﯼ
41692,ﯼ
41693,ﯼ
41694,ﯼ
41695,ﯼ
41696,ﯼ
41697,ﯼ
41698,ﯼ
41699,ﯼ
41700,ﯼ
41701,ﯼ
41702,ﯼ
41703,ﯼ
41704,ﯼ
41705,ﯼ
41706,ﯼ
41707,ﯼ
41708,ﯼ
41709,ﯼ
41710,ﯼ
41711,ﯼ
41712,ﯼ
41713,ﯼ
41714,ﯼ
41715,ﯼ
41716,ﯼ
41717,ﯼ
41718,ﯼ
41719,ﯼ
41720,ﯼ
41721,ﯼ
41722,ﯼ
41723,ﯼ
41724,ﯼ
41725,ﯼ
41726,ﯼ
41727,ﯼ
41728,ﯼ
41729,ﯼ
41730,ﯼ
41731,ﯼ
41732,ﯼ
41733,ﯼ
41734,ﯼ
41735,ﯼ
41736,ﯼ
41737,ﯼ
41738,ﯼ
41739,ﯼ
41740,ﯼ
41741,ﯼ
41742,ﯼ
41743,ﯼ
41744,ﯼ
41745,ﯼ
41746,ﯼ
41747,ﯼ
41748,ﯼ
41749,ﯼ
41750,ﯼ
41751,ﯼ
41752,ﯼ
41753,ﯼ
41754,ﯼ
41755,ﯼ
41756,ﯼ
41757,ﯼ
41758,ﯼ
41759,ﯼ
41760,ﯼ
41761,ﯼ
41762,ﯼ
41763,ﯼ
41764,ﯼ
41765,ﯼ
41766,ﯼ
41767,ﯼ
41768,ﯼ
41769,ﯼ
41770,ﯼ
41771,ﯼ
41772,ﯼ
41773,ﯼ
41774,ﯼ
41775,ﯼ
41776,ﯾ
41777,ﯾ
41778,ﯾ
41779,ﯾ
41780,ﯾ
41781,ﯾ
41782,ﯾ
41783,ﯾ
41784,ﯾ
41785,ﯾ
41786,ﯾ
41787,ﯾ
41788,ﯾ
41789,ﯾ
41790,ﯾ
41791,ﯾ
41792,ﯾ
41793,ﯾ
41794,ﯾ
41795,ﯾ
41796,ﯾ
41797,ﯾ
41798,ﯾ
41799,ﯾ
41800,ﯾ
41801,ﯾ
41802,ﯾ
41803,ﯾ
41804,ﯾ
41805,ﯾ
41806,ﯾ
41807,ﯾ
41808,ﯾ
41809,ﯾ
41810,ﯾ
41811,ﯾ
41812,ﯾ
41813,ﯾ
41814,ﯾ
41815,ﯾ
41816,ﯾ
41817,ﯾ
41818,ﯾ
41819,ﯾ
41820,ﯾ
41821,ﯾ
41822,ﯾ
41823,ﯾ
41824,ﯾ
41825,ﯾ
41826,ﯾ
41827,ﯾ
41828,ﯾ
41829,ﯾ
41830,ﯾ
41831,ﯾ
41832,ﯾ
41833,ﯾ
41834,ﯾ
41835,ﯾ
41836,ﯾ
41837,ﯾ
41838,ﯾ
41839,ﯾ
41840,ﯾ
41841,ﯾ
41842,ﯾ
41843,ﯾ
41844,ﯾ
41845,ﯾ
41846,ﯾ
41847,ﯾ
41848,ﯾ
41849,ﯾ
41850,ﯾ
41851,ﯾ
41852,ﯾ
41853,ﯾ
41854,ﯾ
41855,ﯾ
41856,ﯾ
41857,ﯾ
41858,ﯾ
41859,ﯾ
41860,ﯾ
41861,ﯾ
41862,ﯾ
41863,ﯾ
41864,ﯾ
41865,ﯾ
41866,ﯾ
41867,ﯾ
41868,ﯾ
41869,ﯾ
41870,ﯾ
41871,ﯾ
41872,ﯾ
41873,ﯾ
41874,ﯾ
41875,ﯾ
41876,ﯾ
41877,ﯾ
41878,ﯾ
41879,ﯾ
41880,ﯾ
41881,ﯾ
41882,ﯾ
41883,ﯾ
41884,ﯾ
41885,ﯾ
41886,ﯾ
41887,ﯾ
41888,ﭗ
41889,ﭗ
41890,ﭗ
41891,ﭗ
41892,ﭗ
41893,ﭗ
41894,ﭗ
41895,ﭗ
41896,ﭗ
41897,ﭗ
41898,ﭗ
41899,ﭗ
41900,ﭗ
41901,ﭗ
41902,ﭗ
41903,ﭗ
41904,ﭗ
41905,ﭗ
41906,ﭗ
41907,ﭗ
41908,ﭗ
41909,ﭗ
41910,ﭗ
41911,ﭗ
41912,ﭗ
41913,ﭗ
41914,ﭗ
41915,ﭗ
41916,ﭗ
41917,ﭗ
41918,ﭗ
41919,ﭗ
41920,ﭗ
41921,ﭗ
41922,ﭗ
41923,ﭗ
41924,ﭗ
41925,ﭗ
41926,ﭗ
41927,ﭗ
41928,ﭗ
41929,ﭗ
41930,ﭗ
41931,ﭗ
41932,ﭗ
41933,ﭗ
41934,ﭗ
41935,ﭗ
41936,ﭗ
41937,ﭗ
41938,ﭗ
41939,ﭗ
41940,ﭗ
41941,ﭗ
41942,ﭗ
41943,ﭗ
41944,ﭗ
41945,ﭗ
41946,ﭗ
41947,ﭗ
41948,ﭗ
41949,ﭗ
41950,ﭗ
41951,ﭗ
41952,ﭗ
41953,ﭗ
41954,ﭗ
41955,ﭗ
41956,ﭗ
41957,ﭗ
41958,ﭗ
41959,ﭗ
41960,ﭗ
41961,ﭗ
41962,ﭗ
41963,ﭗ
41964,ﭗ
41965,ﭗ
41966,ﭗ
41967,ﭗ
41968,ﭗ
41969,ﭗ
41970,ﭗ
41971,ﭗ
41972,ﭗ
41973,ﭗ
41974,ﭗ
41975,ﭗ
41976,ﭗ
41977,ﭗ
41978,ﭗ
41979,ﭗ
41980,ﭗ
41981,ﭗ
41982,ﭗ
41983,ﭗ
41984,ﭗ
41985,ﭗ
41986,ﭗ
41987,ﭗ
41988,ﭗ
41989,ﭗ
41990,ﭗ
41991,ﭗ
41992,ﭗ
41993,ﭗ
41994,ﭗ
41995,ﭗ
41996,ﭗ
41997,ﭗ
41998,ﭗ
41999,ﭗ
42000,ﭘ
42001,ﭘ
42002,ﭘ
42003,ﭘ
42004,ﭘ
42005,ﭘ
42006,ﭘ
42007,ﭘ
42008,ﭘ
42009,ﭘ
42010,ﭘ
42011,ﭘ
42012,ﭘ
42013,ﭘ
42014,ﭘ
42015,ﭘ
42016,ﭘ
42017,ﭘ
42018,ﭘ
42019,ﭘ
42020,ﭘ
42021,ﭘ
42022,ﭘ
42023,ﭘ
42024,ﭘ
42025,ﭘ
42026,ﭘ
42027,ﭘ
42028,ﭘ
42029,ﭘ
42030,ﭘ
42031,ﭘ
42032,ﭘ
42033,ﭘ
42034,ﭘ
42035,ﭘ
42036,ﭘ
42037,ﭘ
42038,ﭘ
42039,ﭘ
42040,ﭘ
42041,ﭘ
42042,ﭘ
42043,ﭘ
42044,ﭘ
42045,ﭘ
42046,ﭘ
42047,ﭘ
42048,ﭘ
42049,ﭘ
42050,ﭘ
42051,ﭘ
42052,ﭘ
42053,ﭘ
42054,ﭘ
42055,ﭘ
42056,ﭘ
42057,ﭘ
42058,ﭘ
42059,ﭘ
42060,ﭘ
42061,ﭘ
42062,ﭘ
42063,ﭘ
42064,ﭘ
42065,ﭘ
42066,ﭘ
42067,ﭘ
42068,ﭘ
42069,ﭘ
42070,ﭘ
42071,ﭘ
42072,ﭘ
42073,ﭘ
42074,ﭘ
42075,ﭘ
42076,ﭘ
42077,ﭘ
42078,ﭘ
42079,ﭘ
42080,ﭘ
42081,ﭘ
42082,ﭘ
42083,ﭘ
42084,ﭘ
42085,ﭘ
42086,ﭘ
42087,ﭘ
42088,ﭘ
42089,ﭘ
42090,ﭘ
42091,ﭘ
42092,ﭘ
42093,ﭘ
42094,ﭘ
42095,ﭘ
42096,ﭘ
42097,ﭘ
42098,ﭘ
42099,ﭘ
42100,ﭘ
42101,ﭘ
42102,ﭘ
42103,ﭘ
42104,ﭘ
42105,ﭘ
42106,ﭘ
42107,ﭘ
42108,ﭘ
42109,ﭘ
42110,ﭘ
42111,ﭘ
42112,ﭻ
42113,ﭻ
42114,ﭻ
42115,ﭻ
42116,ﭻ
42117,ﭻ
42118,ﭻ
42119,ﭻ
42120,ﭻ
42121,ﭻ
42122,ﭻ
42123,ﭻ
42124,ﭻ
42125,ﭻ
42126,ﭻ
42127,ﭻ
42128,ﭻ
42129,ﭻ
42130,ﭻ
42131,ﭻ
42132,ﭻ
42133,ﭻ
42134,ﭻ
42135,ﭻ
42136,ﭻ
42137,ﭻ
42138,ﭻ
42139,ﭻ
42140,ﭻ
42141,ﭻ
42142,ﭻ
42143,ﭻ
42144,ﭻ
42145,ﭻ
42146,ﭻ
42147,ﭻ
42148,ﭻ
42149,ﭻ
42150,ﭻ
42151,ﭻ
42152,ﭻ
42153,ﭻ
42154,ﭻ
42155,ﭻ
42156,ﭻ
42157,ﭻ
42158,ﭻ
42159,ﭻ
42160,ﭻ
42161,ﭻ
42162,ﭻ
42163,ﭻ
42164,ﭻ
42165,ﭻ
42166,ﭻ
42167,ﭻ
42168,ﭻ
42169,ﭻ
42170,ﭻ
42171,ﭻ
42172,ﭻ
42173,ﭻ
42174,ﭻ
42175,ﭻ
42176,ﭻ
42177,ﭻ
42178,ﭻ
42179,ﭻ
42180,ﭻ
42181,ﭻ
42182,ﭻ
42183,ﭻ
42184,ﭻ
42185,ﭻ
42186,ﭻ
42187,ﭻ
42188,ﭻ
42189,ﭻ
42190,ﭻ
42191,ﭻ
42192,ﭻ
42193,ﭻ
42194,ﭻ
42195,ﭻ
42196,ﭻ
42197,ﭻ
42198,ﭻ
42199,ﭻ
42200,ﭻ
42201,ﭻ
42202,ﭻ
42203,ﭻ
42204,ﭻ
42205,ﭻ
42206,ﭻ
42207,ﭻ
42208,ﭻ
42209,ﭻ
42210,ﭻ
42211,ﭻ
42212,ﭻ
42213,ﭻ
42214,ﭻ
42215,ﭻ
42216,ﭻ
42217,ﭻ
42218,ﭻ
42219,ﭻ
42220,ﭻ
42221,ﭻ
42222,ﭻ
42223,ﭻ
42224,ﭼ
42225,ﭼ
42226,ﭼ
42227,ﭼ
42228,ﭼ
42229,ﭼ
42230,ﭼ
42231,ﭼ
42232,ﭼ
42233,ﭼ
42234,ﭼ
42235,ﭼ
42236,ﭼ
42237,ﭼ
42238,ﭼ
42239,ﭼ
42240,ﭼ
42241,ﭼ
42242,ﭼ
42243,ﭼ
42244,ﭼ
42245,ﭼ
42246,ﭼ
42247,ﭼ
42248,ﭼ
42249,ﭼ
42250,ﭼ
42251,ﭼ
42252,ﭼ
42253,ﭼ
42254,ﭼ
42255,ﭼ
42256,ﭼ
42257,ﭼ
42258,ﭼ
42259,ﭼ
42260,ﭼ
42261,ﭼ
42262,ﭼ
42263,ﭼ
42264,ﭼ
42265,ﭼ
42266,ﭼ
42267,ﭼ
42268,ﭼ
42269,ﭼ
42270,ﭼ
42271,ﭼ
42272,ﭼ
42273,ﭼ
42274,ﭼ
42275,ﭼ
42276,ﭼ
42277,ﭼ
42278,ﭼ
42279,ﭼ
42280,ﭼ
42281,ﭼ
42282,ﭼ
42283,ﭼ
42284,ﭼ
42285,ﭼ
42286,ﭼ
42287,ﭼ
42288,ﭼ
42289,ﭼ
42290,ﭼ
42291,ﭼ
42292,ﭼ
42293,ﭼ
42294,ﭼ
42295,ﭼ
42296,ﭼ
42297,ﭼ
42298,ﭼ
42299,ﭼ
42300,ﭼ
42301,ﭼ
42302,ﭼ
42303,ﭼ
42304,ﭼ
42305,ﭼ
42306,ﭼ
42307,ﭼ
42308,ﭼ
42309,ﭼ
42310,ﭼ
42311,ﭼ
42312,ﭼ
42313,ﭼ
42314,ﭼ
42315,ﭼ
42316,ﭼ
42317,ﭼ
42318,ﭼ
42319,ﭼ
42320,ﭼ
42321,ﭼ
42322,ﭼ
42323,ﭼ
42324,ﭼ
42325,ﭼ
42326,ﭼ
42327,ﭼ
42328,ﭼ
42329,ﭼ
42330,ﭼ
42331,ﭼ
42332,ﭼ
42333,ﭼ
42334,ﭼ
42335,ﭼ
42336,ﮋ
42337,ﮋ
42338,ﮋ
42339,ﮋ
42340,ﮋ
42341,ﮋ
42342,ﮋ
42343,ﮋ
42344,ﮋ
42345,ﮋ
42346,ﮋ
42347,ﮋ
42348,ﮋ
42349,ﮋ
42350,ﮋ
42351,ﮋ
42352,ﮋ
42353,ﮋ
42354,ﮋ
42355,ﮋ
42356,ﮋ
42357,ﮋ
42358,ﮋ
42359,ﮋ
42360,ﮋ
42361,ﮋ
42362,ﮋ
42363,ﮋ
42364,ﮋ
42365,ﮋ
42366,ﮋ
42367,ﮋ
42368,ﮋ
42369,ﮋ
42370,ﮋ
42371,ﮋ
42372,ﮋ
42373,ﮋ
42374,ﮋ
42375,ﮋ
42376,ﮋ
42377,ﮋ
42378,ﮋ
42379,ﮋ
42380,ﮋ
42381,ﮋ
42382,ﮋ
42383,ﮋ
42384,ﮋ
42385,ﮋ
42386,ﮋ
42387,ﮋ
42388,ﮋ
42389,ﮋ
42390,ﮋ
42391,ﮋ
42392,ﮋ
42393,ﮋ
42394,ﮋ
42395,ﮋ
42396,ﮋ
42397,ﮋ
42398,ﮋ
42399,ﮋ
42400,ﮋ
42401,ﮋ
42402,ﮋ
42403,ﮋ
42404,ﮋ
42405,ﮋ
42406,ﮋ
42407,ﮋ
42408,ﮋ
42409,ﮋ
42410,ﮋ
42411,ﮋ
42412,ﮋ
42413,ﮋ
42414,ﮋ
42415,ﮋ
42416,ﮋ
42417,ﮋ
42418,ﮋ
42419,ﮋ
42420,ﮋ
42421,ﮋ
42422,ﮋ
42423,ﮋ
42424,ﮋ
42425,ﮋ
42426,ﮋ
42427,ﮋ
42428,ﮋ
42429,ﮋ
42430,ﮋ
42431,ﮋ
42432,ﮋ
42433,ﮋ
42434,ﮋ
42435,ﮋ
42436,ﮋ
42437,ﮋ
42438,ﮋ
42439,ﮋ
42440,ﮋ
42441,ﮋ
42442,ﮋ
42443,ﮋ
42444,ﮋ
42445,ﮋ
42446,ﮋ
42447,ﮋ
42448,ﮓ
42449,ﮓ
42450,ﮓ
42451,ﮓ
42452,ﮓ
42453,ﮓ
42454,ﮓ
42455,ﮓ
42456,ﮓ
42457,ﮓ
42458,ﮓ
42459,ﮓ
42460,ﮓ
42461,ﮓ
42462,ﮓ
42463,ﮓ
42464,ﮓ
42465,ﮓ
42466,ﮓ
42467,ﮓ
42468,ﮓ
42469,ﮓ
42470,ﮓ
42471,ﮓ
42472,ﮓ
42473,ﮓ
42474,ﮓ
42475,ﮓ
42476,ﮓ
42477,ﮓ
42478,ﮓ
42479,ﮓ
42480,ﮓ
42481,ﮓ
42482,ﮓ
42483,ﮓ
42484,ﮓ
42485,ﮓ
42486,ﮓ
42487,ﮓ
42488,ﮓ
42489,ﮓ
42490,ﮓ
42491,ﮓ
42492,ﮓ
42493,ﮓ
42494,ﮓ
42495,ﮓ
42496,ﮓ
42497,ﮓ
42498,ﮓ
42499,ﮓ
42500,ﮓ
42501,ﮓ
42502,ﮓ
42503,ﮓ
42504,ﮓ
42505,ﮓ
42506,ﮓ
42507,ﮓ
42508,ﮓ
42509,ﮓ
42510,ﮓ
42511,ﮓ
42512,ﮓ
42513,ﮓ
42514,ﮓ
42515,ﮓ
42516,ﮓ
42517,ﮓ
42518,ﮓ
42519,ﮓ
42520,ﮓ
42521,ﮓ
42522,ﮓ
42523,ﮓ
42524,ﮓ
42525,ﮓ
42526,ﮓ
42527,ﮓ
42528,ﮓ
42529,ﮓ
42530,ﮓ
42531,ﮓ
42532,ﮓ
42533,ﮓ
42534,ﮓ
42535,ﮓ
42536,ﮓ
42537,ﮓ
42538,ﮓ
42539,ﮓ
42540,ﮓ
42541,ﮓ
42542,ﮓ
42543,ﮓ
42544,ﮓ
42545,ﮓ
42546,ﮓ
42547,ﮓ
42548,ﮓ
42549,ﮓ
42550,ﮓ
42551,ﮓ
42552,ﮓ
42553,ﮓ
42554,ﮓ
42555,ﮓ
42556,ﮓ
42557,ﮓ
42558,ﮓ
42559,ﮓ
42560,ﮔ
42561,ﮔ
42562,ﮔ
42563,ﮔ
42564,ﮔ
42565,ﮔ
42566,ﮔ
42567,ﮔ
42568,ﮔ
42569,ﮔ
42570,ﮔ
42571,ﮔ
42572,ﮔ
42573,ﮔ
42574,ﮔ
42575,ﮔ
42576,ﮔ
42577,ﮔ
42578,ﮔ
42579,ﮔ
42580,ﮔ
42581,ﮔ
42582,ﮔ
42583,ﮔ
42584,ﮔ
42585,ﮔ
42586,ﮔ
42587,ﮔ
42588,ﮔ
42589,ﮔ
42590,ﮔ
42591,ﮔ
42592,ﮔ
42593,ﮔ
42594,ﮔ
42595,ﮔ
42596,ﮔ
42597,ﮔ
42598,ﮔ
42599,ﮔ
42600,ﮔ
42601,ﮔ
42602,ﮔ
42603,ﮔ
42604,ﮔ
42605,ﮔ
42606,ﮔ
42607,ﮔ
42608,ﮔ
42609,ﮔ
42610,ﮔ
42611,ﮔ
42612,ﮔ
42613,ﮔ
42614,ﮔ
42615,ﮔ
42616,ﮔ
42617,ﮔ
42618,ﮔ
42619,ﮔ
42620,ﮔ
42621,ﮔ
42622,ﮔ
42623,ﮔ
42624,ﮔ
42625,ﮔ
42626,ﮔ
42627,ﮔ
42628,ﮔ
42629,ﮔ
42630,ﮔ
42631,ﮔ
42632,ﮔ
42633,ﮔ
42634,ﮔ
42635,ﮔ
42636,ﮔ
42637,ﮔ
42638,ﮔ
42639,ﮔ
42640,ﮔ
42641,ﮔ
42642,ﮔ
42643,ﮔ
42644,ﮔ
42645,ﮔ
42646,ﮔ
42647,ﮔ
42648,ﮔ
42649,ﮔ
42650,ﮔ
42651,ﮔ
42652,ﮔ
42653,ﮔ
42654,ﮔ
42655,ﮔ
42656,ﮔ
42657,ﮔ
42658,ﮔ
42659,ﮔ
42660,ﮔ
42661,ﮔ
42662,ﮔ
42663,ﮔ
42664,ﮔ
42665,ﮔ
42666,ﮔ
42667,ﮔ
42668,ﮔ
42669,ﮔ
42670,ﮔ
42671,ﮔ
42672,ﺋ
42673,ﺋ
42674,ﺋ
42675,ﺋ
42676,ﺋ
42677,ﺋ
42678,ﺋ
42679,ﺋ
42680,ﺋ
42681,ﺋ
42682,ﺋ
42683,ﺋ
42684,ﺋ
42685,ﺋ
42686,ﺋ
42687,ﺋ
42688,ﺋ
42689,ﺋ
42690,ﺋ
42691,ﺋ
42692,ﺋ
42693,ﺋ
42694,ﺋ
42695,ﺋ
42696,ﺋ
42697,ﺋ
42698,ﺋ
42699,ﺋ
42700,ﺋ
42701,ﺋ
42702,ﺋ
42703,ﺋ
42704,ﺋ
42705,ﺋ
42706,ﺋ
42707,ﺋ
42708,ﺋ
42709,ﺋ
42710,ﺋ
42711,ﺋ
42712,ﺋ
42713,ﺋ
42714,ﺋ
42715,ﺋ
42716,ﺋ
42717,ﺋ
42718,ﺋ
42719,ﺋ
42720,ﺋ
42721,ﺋ
42722,ﺋ
42723,ﺋ
42724,ﺋ
42725,ﺋ
42726,ﺋ
42727,ﺋ
42728,ﺋ
42729,ﺋ
42730,ﺋ
42731,ﺋ
42732,ﺋ
42733,ﺋ
42734,ﺋ
42735,ﺋ
42736,ﺋ
42737,ﺋ
42738,ﺋ
42739,ﺋ
42740,ﺋ
42741,ﺋ
42742,ﺋ
42743,ﺋ
42744,ﺋ
42745,ﺋ
42746,ﺋ
42747,ﺋ
42748,ﺋ
42749,ﺋ
42750,ﺋ
42751,ﺋ
42752,ﺋ
42753,ﺋ
42754,ﺋ
42755,ﺋ
42756,ﺋ
42757,ﺋ
42758,ﺋ
42759,ﺋ
42760,ﺋ
42761,ﺋ
42762,ﺋ
42763,ﺋ
42764,ﺋ
42765,ﺋ
42766,ﺋ
42767,ﺋ
42768,ﺋ
42769,ﺋ
42770,ﺋ
42771,ﺋ
42772,ﺋ
42773,ﺋ
42774,ﺋ
42775,ﺋ
42776,ﺋ
42777,ﺋ
42778,ﺋ
42779,ﺋ
42780,ﺋ
42781,ﺋ
42782,ﺋ
42783,ﺋ
42784,ﺁ
42785,ﺁ
42786,ﺁ
42787,ﺁ
42788,ﺁ
42789,ﺁ
42790,ﺁ
42791,ﺁ
42792,ﺁ
42793,ﺁ
42794,ﺁ
42795,ﺁ
42796,ﺁ
42797,ﺁ
42798,ﺁ
42799,ﺁ
42800,ﺁ
42801,ﺁ
42802,ﺁ
42803,ﺁ
42804,ﺁ
42805,ﺁ
42806,ﺁ
42807,ﺁ
42808,ﺁ
42809,ﺁ
42810,ﺁ
42811,ﺁ
42812,ﺁ
42813,ﺁ
42814,ﺁ
42815,ﺁ
42816,ﺁ
42817,ﺁ
42818,ﺁ
42819,ﺁ
42820,ﺁ
42821,ﺁ
42822,ﺁ
42823,ﺁ
42824,ﺁ
42825,ﺁ
42826,ﺁ
42827,ﺁ
42828,ﺁ
42829,ﺁ
42830,ﺁ
42831,ﺁ
42832,ﺁ
42833,ﺁ
42834,ﺁ
42835,ﺁ
42836,ﺁ
42837,ﺁ
42838,ﺁ
42839,ﺁ
42840,ﺁ
42841,ﺁ
42842,ﺁ
42843,ﺁ
42844,ﺁ
42845,ﺁ
42846,ﺁ
42847,ﺁ
42848,ﺁ
42849,ﺁ
42850,ﺁ
42851,ﺁ
42852,ﺁ
42853,ﺁ
42854,ﺁ
42855,ﺁ
42856,ﺁ
42857,ﺁ
42858,ﺁ
42859,ﺁ
42860,ﺁ
42861,ﺁ
42862,ﺁ
42863,ﺁ
42864,ﺁ
42865,ﺁ
42866,ﺁ
42867,ﺁ
42868,ﺁ
42869,ﺁ
42870,ﺁ
42871,ﺁ
42872,ﺁ
42873,ﺁ
42874,ﺁ
42875,ﺁ
42876,ﺁ
42877,ﺁ
42878,ﺁ
42879,ﺁ
42880,ﺁ
42881,ﺁ
42882,ﺁ
42883,ﺁ
42884,ﺁ
42885,ﺁ
42886,ﺁ
42887,ﺁ
42888,ﺁ
42889,ﺁ
42890,ﺁ
42891,ﺁ
42892,ﺁ
42893,ﺁ
42894,ﺁ
42895,ﺁ
42896,،
42897,،
42898,،
42899,،
42900,،
42901,،
42902,،
42903,،
42904,،
42905,،
42906,،
42907,،
42908,،
42909,،
42910,،
42911,،
42912,،
42913,،
42914,،
42915,،
42916,،
42917,،
42918,،
42919,،
42920,،
42921,،
42922,،
42923,،
42924,،
42925,،
42926,،
42927,،
42928,،
42929,،
42930,،
42931,،
42932,،
42933,،
42934,،
42935,،
42936,،
42937,،
42938,،
42939,،
42940,،
42941,،
42942,،
42943,،
42944,،
42945,،
42946,،
42947,،
42948,،
42949,،
42950,،
42951,،
42952,،
42953,،
42954,،
42955,،
42956,،
42957,،
42958,،
42959,،
42960,،
42961,،
42962,،
42963,،
42964,،
42965,،
42966,،
42967,،
42968,،
42969,،
42970,،
42971,،
42972,،
42973,،
42974,،
42975,،
42976,،
42977,،
42978,،
42979,،
42980,،
42981,،
42982,،
42983,،
42984,،
42985,،
42986,،
42987,،
42988,،
42989,،
42990,،
42991,،
42992,،
42993,،
42994,،
42995,،
42996,،
42997,،
42998,،
42999,،
43000,،
43001,،
43002,،
43003,،
43004,،
43005,،
43006,،
43007,،
43008,؛
43009,؛
43010,؛
43011,؛
43012,؛
43013,؛
43014,؛
43015,؛
43016,؛
43017,؛
43018,؛
43019,؛
43020,؛
43021,؛
43022,؛
43023,؛
43024,؛
43025,؛
43026,؛
43027,؛
43028,؛
43029,؛
43030,؛
43031,؛
43032,؛
43033,؛
43034,؛
43035,؛
43036,؛
43037,؛
43038,؛
43039,؛
43040,؛
43041,؛
43042,؛
43043,؛
43044,؛
43045,؛
43046,؛
43047,؛
43048,؛
43049,؛
43050,؛
43051,؛
43052,؛
43053,؛
43054,؛
43055,؛
43056,؛
43057,؛
43058,؛
43059,؛
43060,؛
43061,؛
43062,؛
43063,؛
43064,؛
43065,؛
43066,؛
43067,؛
43068,؛
43069,؛
43070,؛
43071,؛
43072,؛
43073,؛
43074,؛
43075,؛
43076,؛
43077,؛
43078,؛
43079,؛
43080,؛
43081,؛
43082,؛
43083,؛
43084,؛
43085,؛
43086,؛
43087,؛
43088,؛
43089,؛
43090,؛
43091,؛
43092,؛
43093,؛
43094,؛
43095,؛
43096,؛
43097,؛
43098,؛
43099,؛
43100,؛
43101,؛
43102,؛
43103,؛
43104,؛
43105,؛
43106,؛
43107,؛
43108,؛
43109,؛
43110,؛
43111,؛
43112,؛
43113,؛
43114,؛
43115,؛
43116,؛
43117,؛
43118,؛
43119,؛
43120,0
43121,0
43122,0
43123,0
43124,0
43125,0
43126,0
43127,0
43128,0
43129,0
43130,0
43131,0
43132,0
43133,0
43134,0
43135,0
43136,0
43137,0
43138,0
43139,0
43140,0
43141,0
43142,0
43143,0
43144,0
43145,0
43146,0
43147,0
43148,0
43149,0
43150,0
43151,0
43152,0
43153,0
43154,0
43155,0
43156,0
43157,0
43158,0
43159,0
43160,0
43161,0
43162,0
43163,0
43164,0
43165,0
43166,0
43167,0
43168,0
43169,0
43170,0
43171,0
43172,0
43173,0
43174,0
43175,0
43176,0
43177,0
43178,0
43179,0
43180,0
43181,0
43182,0
43183,0
43184,0
43185,0
43186,0
43187,0
43188,0
43189,0
43190,0
43191,0
43192,0
43193,0
43194,0
43195,0
43196,0
43197,0
43198,0
43199,0
43200,0
43201,0
43202,0
43203,0
43204,0
43205,0
43206,0
43207,0
43208,0
43209,0
43210,0
43211,0
43212,0
43213,0
43214,0
43215,0
43216,0
43217,0
43218,0
43219,0
43220,0
43221,0
43222,0
43223,0
43224,0
43225,0
43226,0
43227,0
43228,0
43229,0
43230,0
43231,0
43232,1
43233,1
43234,1
43235,1
43236,1
43237,1
43238,1
43239,1
43240,1
43241,1
43242,1
43243,1
43244,1
43245,1
43246,1
43247,1
43248,1
43249,1
43250,1
43251,1
43252,1
43253,1
43254,1
43255,1
43256,1
43257,1
43258,1
43259,1
43260,1
43261,1
43262,1
43263,1
43264,1
43265,1
43266,1
43267,1
43268,1
43269,1
43270,1
43271,1
43272,1
43273,1
43274,1
43275,1
43276,1
43277,1
43278,1
43279,1
43280,1
43281,1
43282,1
43283,1
43284,1
43285,1
43286,1
43287,1
43288,1
43289,1
43290,1
43291,1
43292,1
43293,1
43294,1
43295,1
43296,1
43297,1
43298,1
43299,1
43300,1
43301,1
43302,1
43303,1
43304,1
43305,1
43306,1
43307,1
43308,1
43309,1
43310,1
43311,1
43312,1
43313,1
43314,1
43315,1
43316,1
43317,1
43318,1
43319,1
43320,1
43321,1
43322,1
43323,1
43324,1
43325,1
43326,1
43327,1
43328,1
43329,1
43330,1
43331,1
43332,1
43333,1
43334,1
43335,1
43336,1
43337,1
43338,1
43339,1
43340,1
43341,1
43342,1
43343,1
43344,2
43345,2
43346,2
43347,2
43348,2
43349,2
43350,2
43351,2
43352,2
43353,2
43354,2
43355,2
43356,2
43357,2
43358,2
43359,2
43360,2
43361,2
43362,2
43363,2
43364,2
43365,2
43366,2
43367,2
43368,2
43369,2
43370,2
43371,2
43372,2
43373,2
43374,2
43375,2
43376,2
43377,2
43378,2
43379,2
43380,2
43381,2
43382,2
43383,2
43384,2
43385,2
43386,2
43387,2
43388,2
43389,2
43390,2
43391,2
43392,2
43393,2
43394,2
43395,2
43396,2
43397,2
43398,2
43399,2
43400,2
43401,2
43402,2
43403,2
43404,2
43405,2
43406,2
43407,2
43408,2
43409,2
43410,2
43411,2
43412,2
43413,2
43414,2
43415,2
43416,2
43417,2
43418,2
43419,2
43420,2
43421,2
43422,2
43423,2
43424,2
43425,2
43426,2
43427,2
43428,2
43429,2
43430,2
43431,2
43432,2
43433,2
43434,2
43435,2
43436,2
43437,2
43438,2
43439,2
43440,2
43441,2
43442,2
43443,2
43444,2
43445,2
43446,2
43447,2
43448,2
43449,2
43450,2
43451,2
43452,2
43453,2
43454,2
43455,2
43456,3
43457,3
43458,3
43459,3
43460,3
43461,3
43462,3
43463,3
43464,3
43465,3
43466,3
43467,3
43468,3
43469,3
43470,3
43471,3
43472,3
43473,3
43474,3
43475,3
43476,3
43477,3
43478,3
43479,3
43480,3
43481,3
43482,3
43483,3
43484,3
43485,3
43486,3
43487,3
43488,3
43489,3
43490,3
43491,3
43492,3
43493,3
43494,3
43495,3
43496,3
43497,3
43498,3
43499,3
43500,3
43501,3
43502,3
43503,3
43504,3
43505,3
43506,3
43507,3
43508,3
43509,3
43510,3
43511,3
43512,3
43513,3
43514,3
43515,3
43516,3
43517,3
43518,3
43519,3
43520,3
43521,3
43522,3
43523,3
43524,3
43525,3
43526,3
43527,3
43528,3
43529,3
43530,3
43531,3
43532,3
43533,3
43534,3
43535,3
43536,3
43537,3
43538,3
43539,3
43540,3
43541,3
43542,3
43543,3
43544,3
43545,3
43546,3
43547,3
43548,3
43549,3
43550,3
43551,3
43552,3
43553,3
43554,3
43555,3
43556,3
43557,3
43558,3
43559,3
43560,3
43561,3
43562,3
43563,3
43564,3
43565,3
43566,3
43567,3
43568,4
43569,4
43570,4
43571,4
43572,4
43573,4
43574,4
43575,4
43576,4
43577,4
43578,4
43579,4
43580,4
43581,4
43582,4
43583,4
43584,4
43585,4
43586,4
43587,4
43588,4
43589,4
43590,4
43591,4
43592,4
43593,4
43594,4
43595,4
43596,4
43597,4
43598,4
43599,4
43600,4
43601,4
43602,4
43603,4
43604,4
43605,4
43606,4
43607,4
43608,4
43609,4
43610,4
43611,4
43612,4
43613,4
43614,4
43615,4
43616,4
43617,4
43618,4
43619,4
43620,4
43621,4
43622,4
43623,4
43624,4
43625,4
43626,4
43627,4
43628,4
43629,4
43630,4
43631,4
43632,4
43633,4
43634,4
43635,4
43636,4
43637,4
43638,4
43639,4
43640,4
43641,4
43642,4
43643,4
43644,4
43645,4
43646,4
43647,4
43648,4
43649,4
43650,4
43651,4
43652,4
43653,4
43654,4
43655,4
43656,4
43657,4
43658,4
43659,4
43660,4
43661,4
43662,4
43663,4
43664,4
43665,4
43666,4
43667,4
43668,4
43669,4
43670,4
43671,4
43672,4
43673,4
43674,4
43675,4
43676,4
43677,4
43678,4
43679,4
43680,5
43681,5
43682,5
43683,5
43684,5
43685,5
43686,5
43687,5
43688,5
43689,5
43690,5
43691,5
43692,5
43693,5
43694,5
43695,5
43696,5
43697,5
43698,5
43699,5
43700,5
43701,5
43702,5
43703,5
43704,5
43705,5
43706,5
43707,5
43708,5
43709,5
43710,5
43711,5
43712,5
43713,5
43714,5
43715,5
43716,5
43717,5
43718,5
43719,5
43720,5
43721,5
43722,5
43723,5
43724,5
43725,5
43726,5
43727,5
43728,5
43729,5
43730,5
43731,5
43732,5
43733,5
43734,5
43735,5
43736,5
43737,5
43738,5
43739,5
43740,5
43741,5
43742,5
43743,5
43744,5
43745,5
43746,5
43747,5
43748,5
43749,5
43750,5
43751,5
43752,5
43753,5
43754,5
43755,5
43756,5
43757,5
43758,5
43759,5
43760,5
43761,5
43762,5
43763,5
43764,5
43765,5
43766,5
43767,5
43768,5
43769,5
43770,5
43771,5
43772,5
43773,5
43774,5
43775,5
43776,5
43777,5
43778,5
43779,5
43780,5
43781,5
43782,5
43783,5
43784,5
43785,5
43786,5
43787,5
43788,5
43789,5
43790,5
43791,5
43792,6
43793,6
43794,6
43795,6
43796,6
43797,6
43798,6
43799,6
43800,6
43801,6
43802,6
43803,6
43804,6
43805,6
43806,6
43807,6
43808,6
43809,6
43810,6
43811,6
43812,6
43813,6
43814,6
43815,6
43816,6
43817,6
43818,6
43819,6
43820,6
43821,6
43822,6
43823,6
43824,6
43825,6
43826,6
43827,6
43828,6
43829,6
43830,6
43831,6
43832,6
43833,6
43834,6
43835,6
43836,6
43837,6
43838,6
43839,6
43840,6
43841,6
43842,6
43843,6
43844,6
43845,6
43846,6
43847,6
43848,6
43849,6
43850,6
43851,6
43852,6
43853,6
43854,6
43855,6
43856,6
43857,6
43858,6
43859,6
43860,6
43861,6
43862,6
43863,6
43864,6
43865,6
43866,6
43867,6
43868,6
43869,6
43870,6
43871,6
43872,6
43873,6
43874,6
43875,6
43876,6
43877,6
43878,6
43879,6
43880,6
43881,6
43882,6
43883,6
43884,6
43885,6
43886,6
43887,6
43888,6
43889,6
43890,6
43891,6
43892,6
43893,6
43894,6
43895,6
43896,6
43897,6
43898,6
43899,6
43900,6
43901,6
43902,6
43903,6
43904,7
43905,7
43906,7
43907,7
43908,7
43909,7
43910,7
43911,7
43912,7
43913,7
43914,7
43915,7
43916,7
43917,7
43918,7
43919,7
43920,7
43921,7
43922,7
43923,7
43924,7
43925,7
43926,7
43927,7
43928,7
43929,7
43930,7
43931,7
43932,7
43933,7
43934,7
43935,7
43936,7
43937,7
43938,7
43939,7
43940,7
43941,7
43942,7
43943,7
43944,7
43945,7
43946,7
43947,7
43948,7
43949,7
43950,7
43951,7
43952,7
43953,7
43954,7
43955,7
43956,7
43957,7
43958,7
43959,7
43960,7
43961,7
43962,7
43963,7
43964,7
43965,7
43966,7
43967,7
43968,7
43969,7
43970,7
43971,7
43972,7
43973,7
43974,7
43975,7
43976,7
43977,7
43978,7
43979,7
43980,7
43981,7
43982,7
43983,7
43984,7
43985,7
43986,7
43987,7
43988,7
43989,7
43990,7
43991,7
43992,7
43993,7
43994,7
43995,7
43996,7
43997,7
43998,7
43999,7
44000,7
44001,7
44002,7
44003,7
44004,7
44005,7
44006,7
44007,7
44008,7
44009,7
44010,7
44011,7
44012,7
44013,7
44014,7
44015,7
44016,8
44017,8
44018,8
44019,8
44020,8
44021,8
44022,8
44023,8
44024,8
44025,8
44026,8
44027,8
44028,8
44029,8
44030,8
44031,8
44032,8
44033,8
44034,8
44035,8
44036,8
44037,8
44038,8
44039,8
44040,8
44041,8
44042,8
44043,8
44044,8
44045,8
44046,8
44047,8
44048,8
44049,8
44050,8
44051,8
44052,8
44053,8
44054,8
44055,8
44056,8
44057,8
44058,8
44059,8
44060,8
44061,8
44062,8
44063,8
44064,8
44065,8
44066,8
44067,8
44068,8
44069,8
44070,8
44071,8
44072,8
44073,8
44074,8
44075,8
44076,8
44077,8
44078,8
44079,8
44080,8
44081,8
44082,8
44083,8
44084,8
44085,8
44086,8
44087,8
44088,8
44089,8
44090,8
44091,8
44092,8
44093,8
44094,8
44095,8
44096,8
44097,8
44098,8
44099,8
44100,8
44101,8
44102,8
44103,8
44104,8
44105,8
44106,8
44107,8
44108,8
44109,8
44110,8
44111,8
44112,8
44113,8
44114,8
44115,8
44116,8
44117,8
44118,8
44119,8
44120,8
44121,8
44122,8
44123,8
44124,8
44125,8
44126,8
44127,8
44128,9
44129,9
44130,9
44131,9
44132,9
44133,9
44134,9
44135,9
44136,9
44137,9
44138,9
44139,9
44140,9
44141,9
44142,9
44143,9
44144,9
44145,9
44146,9
44147,9
44148,9
44149,9
44150,9
44151,9
44152,9
44153,9
44154,9
44155,9
44156,9
44157,9
44158,9
44159,9
44160,9
44161,9
44162,9
44163,9
44164,9
44165,9
44166,9
44167,9
44168,9
44169,9
44170,9
44171,9
44172,9
44173,9
44174,9
44175,9
44176,9
44177,9
44178,9
44179,9
44180,9
44181,9
44182,9
44183,9
44184,9
44185,9
44186,9
44187,9
44188,9
44189,9
44190,9
44191,9
44192,9
44193,9
44194,9
44195,9
44196,9
44197,9
44198,9
44199,9
44200,9
44201,9
44202,9
44203,9
44204,9
44205,9
44206,9
44207,9
44208,9
44209,9
44210,9
44211,9
44212,9
44213,9
44214,9
44215,9
44216,9
44217,9
44218,9
44219,9
44220,9
44221,9
44222,9
44223,9
44224,9
44225,9
44226,9
44227,9
44228,9
44229,9
44230,9
44231,9
44232,9
44233,9
44234,9
44235,9
44236,9
44237,9
44238,9
44239,9
44240,ﺎ
44241,ﺎ
44242,ﺎ
44243,ﺎ
44244,ﺎ
44245,ﺎ
44246,ﺎ
44247,ﺎ
44248,ﺎ
44249,ﺎ
44250,ﺎ
44251,ﺎ
44252,ﺎ
44253,ﺎ
44254,ﺎ
44255,ﺎ
44256,ﺎ
44257,ﺎ
44258,ﺎ
44259,ﺎ
44260,ﺎ
44261,ﺎ
44262,ﺎ
44263,ﺎ
44264,ﺎ
44265,ﺎ
44266,ﺎ
44267,ﺎ
44268,ﺎ
44269,ﺎ
44270,ﺎ
44271,ﺎ
44272,ﺎ
44273,ﺎ
44274,ﺎ
44275,ﺎ
44276,ﺎ
44277,ﺎ
44278,ﺎ
44279,ﺎ
44280,ﺎ
44281,ﺎ
44282,ﺎ
44283,ﺎ
44284,ﺎ
44285,ﺎ
44286,ﺎ
44287,ﺎ
44288,ﺎ
44289,ﺎ
44290,ﺎ
44291,ﺎ
44292,ﺎ
44293,ﺎ
44294,ﺎ
44295,ﺎ
44296,ﺎ
44297,ﺎ
44298,ﺎ
44299,ﺎ
44300,ﺎ
44301,ﺎ
44302,ﺎ
44303,ﺎ
44304,ﺎ
44305,ﺎ
44306,ﺎ
44307,ﺎ
44308,ﺎ
44309,ﺎ
44310,ﺎ
44311,ﺎ
44312,ﺎ
44313,ﺎ
44314,ﺎ
44315,ﺎ
44316,ﺎ
44317,ﺎ
44318,ﺎ
44319,ﺎ
44320,ﺎ
44321,ﺎ
44322,ﺎ
44323,ﺎ
44324,ﺎ
44325,ﺎ
44326,ﺎ
44327,ﺎ
44328,ﺎ
44329,ﺎ
44330,ﺎ
44331,ﺎ
44332,ﺎ
44333,ﺎ
44334,ﺎ
44335,ﺎ
44336,ﺎ
44337,ﺎ
44338,ﺎ
44339,ﺎ
44340,ﺎ
44341,ﺎ
44342,ﺎ
44343,ﺎ
44344,ﺎ
44345,ﺎ
44346,ﺎ
44347,ﺎ
44348,ﺎ
44349,ﺎ
44350,ﺎ
44351,ﺎ
44352,ﺐ
44353,ﺐ
44354,ﺐ
44355,ﺐ
44356,ﺐ
44357,ﺐ
44358,ﺐ
44359,ﺐ
44360,ﺐ
44361,ﺐ
44362,ﺐ
44363,ﺐ
44364,ﺐ
44365,ﺐ
44366,ﺐ
44367,ﺐ
44368,ﺐ
44369,ﺐ
44370,ﺐ
44371,ﺐ
44372,ﺐ
44373,ﺐ
44374,ﺐ
44375,ﺐ
44376,ﺐ
44377,ﺐ
44378,ﺐ
44379,ﺐ
44380,ﺐ
44381,ﺐ
44382,ﺐ
44383,ﺐ
44384,ﺐ
44385,ﺐ
44386,ﺐ
44387,ﺐ
44388,ﺐ
44389,ﺐ
44390,ﺐ
44391,ﺐ
44392,ﺐ
44393,ﺐ
44394,ﺐ
44395,ﺐ
44396,ﺐ
44397,ﺐ
44398,ﺐ
44399,ﺐ
44400,ﺐ
44401,ﺐ
44402,ﺐ
44403,ﺐ
44404,ﺐ
44405,ﺐ
44406,ﺐ
44407,ﺐ
44408,ﺐ
44409,ﺐ
44410,ﺐ
44411,ﺐ
44412,ﺐ
44413,ﺐ
44414,ﺐ
44415,ﺐ
44416,ﺐ
44417,ﺐ
44418,ﺐ
44419,ﺐ
44420,ﺐ
44421,ﺐ
44422,ﺐ
44423,ﺐ
44424,ﺐ
44425,ﺐ
44426,ﺐ
44427,ﺐ
44428,ﺐ
44429,ﺐ
44430,ﺐ
44431,ﺐ
44432,ﺐ
44433,ﺐ
44434,ﺐ
44435,ﺐ
44436,ﺐ
44437,ﺐ
44438,ﺐ
44439,ﺐ
44440,ﺐ
44441,ﺐ
44442,ﺐ
44443,ﺐ
44444,ﺐ
44445,ﺐ
44446,ﺐ
44447,ﺐ
44448,ﺐ
44449,ﺐ
44450,ﺐ
44451,ﺐ
44452,ﺐ
44453,ﺐ
44454,ﺐ
44455,ﺐ
44456,ﺐ
44457,ﺐ
44458,ﺐ
44459,ﺐ
44460,ﺐ
44461,ﺐ
44462,ﺐ
44463,ﺐ
44464,ﺑ
44465,ﺑ
44466,ﺑ
44467,ﺑ
44468,ﺑ
44469,ﺑ
44470,ﺑ
44471,ﺑ
44472,ﺑ
44473,ﺑ
44474,ﺑ
44475,ﺑ
44476,ﺑ
44477,ﺑ
44478,ﺑ
44479,ﺑ
44480,ﺑ
44481,ﺑ
44482,ﺑ
44483,ﺑ
44484,ﺑ
44485,ﺑ
44486,ﺑ
44487,ﺑ
44488,ﺑ
44489,ﺑ
44490,ﺑ
44491,ﺑ
44492,ﺑ
44493,ﺑ
44494,ﺑ
44495,ﺑ
44496,ﺑ
44497,ﺑ
44498,ﺑ
44499,ﺑ
44500,ﺑ
44501,ﺑ
44502,ﺑ
44503,ﺑ
44504,ﺑ
44505,ﺑ
44506,ﺑ
44507,ﺑ
44508,ﺑ
44509,ﺑ
44510,ﺑ
44511,ﺑ
44512,ﺑ
44513,ﺑ
44514,ﺑ
44515,ﺑ
44516,ﺑ
44517,ﺑ
44518,ﺑ
44519,ﺑ
44520,ﺑ
44521,ﺑ
44522,ﺑ
44523,ﺑ
44524,ﺑ
44525,ﺑ
44526,ﺑ
44527,ﺑ
44528,ﺑ
44529,ﺑ
44530,ﺑ
44531,ﺑ
44532,ﺑ
44533,ﺑ
44534,ﺑ
44535,ﺑ
44536,ﺑ
44537,ﺑ
44538,ﺑ
44539,ﺑ
44540,ﺑ
44541,ﺑ
44542,ﺑ
44543,ﺑ
44544,ﺑ
44545,ﺑ
44546,ﺑ
44547,ﺑ
44548,ﺑ
44549,ﺑ
44550,ﺑ
44551,ﺑ
44552,ﺑ
44553,ﺑ
44554,ﺑ
44555,ﺑ
44556,ﺑ
44557,ﺑ
44558,ﺑ
44559,ﺑ
44560,ﺑ
44561,ﺑ
44562,ﺑ
44563,ﺑ
44564,ﺑ
44565,ﺑ
44566,ﺑ
44567,ﺑ
44568,ﺑ
44569,ﺑ
44570,ﺑ
44571,ﺑ
44572,ﺑ
44573,ﺑ
44574,ﺑ
44575,ﺑ
44576,ﺖ
44577,ﺖ
44578,ﺖ
44579,ﺖ
44580,ﺖ
44581,ﺖ
44582,ﺖ
44583,ﺖ
44584,ﺖ
44585,ﺖ
44586,ﺖ
44587,ﺖ
44588,ﺖ
44589,ﺖ
44590,ﺖ
44591,ﺖ
44592,ﺖ
44593,ﺖ
44594,ﺖ
44595,ﺖ
44596,ﺖ
44597,ﺖ
44598,ﺖ
44599,ﺖ
44600,ﺖ
44601,ﺖ
44602,ﺖ
44603,ﺖ
44604,ﺖ
44605,ﺖ
44606,ﺖ
44607,ﺖ
44608,ﺖ
44609,ﺖ
44610,ﺖ
44611,ﺖ
44612,ﺖ
44613,ﺖ
44614,ﺖ
44615,ﺖ
44616,ﺖ
44617,ﺖ
44618,ﺖ
44619,ﺖ
44620,ﺖ
44621,ﺖ
44622,ﺖ
44623,ﺖ
44624,ﺖ
44625,ﺖ
44626,ﺖ
44627,ﺖ
44628,ﺖ
44629,ﺖ
44630,ﺖ
44631,ﺖ
44632,ﺖ
44633,ﺖ
44634,ﺖ
44635,ﺖ
44636,ﺖ
44637,ﺖ
44638,ﺖ
44639,ﺖ
44640,ﺖ
44641,ﺖ
44642,ﺖ
44643,ﺖ
44644,ﺖ
44645,ﺖ
44646,ﺖ
44647,ﺖ
44648,ﺖ
44649,ﺖ
44650,ﺖ
44651,ﺖ
44652,ﺖ
44653,ﺖ
44654,ﺖ
44655,ﺖ
44656,ﺖ
44657,ﺖ
44658,ﺖ
44659,ﺖ
44660,ﺖ
44661,ﺖ
44662,ﺖ
44663,ﺖ
44664,ﺖ
44665,ﺖ
44666,ﺖ
44667,ﺖ
44668,ﺖ
44669,ﺖ
44670,ﺖ
44671,ﺖ
44672,ﺖ
44673,ﺖ
44674,ﺖ
44675,ﺖ
44676,ﺖ
44677,ﺖ
44678,ﺖ
44679,ﺖ
44680,ﺖ
44681,ﺖ
44682,ﺖ
44683,ﺖ
44684,ﺖ
44685,ﺖ
44686,ﺖ
44687,ﺖ
44688,ﺗ
44689,ﺗ
44690,ﺗ
44691,ﺗ
44692,ﺗ
44693,ﺗ
44694,ﺗ
44695,ﺗ
44696,ﺗ
44697,ﺗ
44698,ﺗ
44699,ﺗ
44700,ﺗ
44701,ﺗ
44702,ﺗ
44703,ﺗ
44704,ﺗ
44705,ﺗ
44706,ﺗ
44707,ﺗ
44708,ﺗ
44709,ﺗ
44710,ﺗ
44711,ﺗ
44712,ﺗ
44713,ﺗ
44714,ﺗ
44715,ﺗ
44716,ﺗ
44717,ﺗ
44718,ﺗ
44719,ﺗ
44720,ﺗ
44721,ﺗ
44722,ﺗ
44723,ﺗ
44724,ﺗ
44725,ﺗ
44726,ﺗ
44727,ﺗ
44728,ﺗ
44729,ﺗ
44730,ﺗ
44731,ﺗ
44732,ﺗ
44733,ﺗ
44734,ﺗ
44735,ﺗ
44736,ﺗ
44737,ﺗ
44738,ﺗ
44739,ﺗ
44740,ﺗ
44741,ﺗ
44742,ﺗ
44743,ﺗ
44744,ﺗ
44745,ﺗ
44746,ﺗ
44747,ﺗ
44748,ﺗ
44749,ﺗ
44750,ﺗ
44751,ﺗ
44752,ﺗ
44753,ﺗ
44754,ﺗ
44755,ﺗ
44756,ﺗ
44757,ﺗ
44758,ﺗ
44759,ﺗ
44760,ﺗ
44761,ﺗ
44762,ﺗ
44763,ﺗ
44764,ﺗ
44765,ﺗ
44766,ﺗ
44767,ﺗ
44768,ﺗ
44769,ﺗ
44770,ﺗ
44771,ﺗ
44772,ﺗ
44773,ﺗ
44774,ﺗ
44775,ﺗ
44776,ﺗ
44777,ﺗ
44778,ﺗ
44779,ﺗ
44780,ﺗ
44781,ﺗ
44782,ﺗ
44783,ﺗ
44784,ﺗ
44785,ﺗ
44786,ﺗ
44787,ﺗ
44788,ﺗ
44789,ﺗ
44790,ﺗ
44791,ﺗ
44792,ﺗ
44793,ﺗ
44794,ﺗ
44795,ﺗ
44796,ﺗ
44797,ﺗ
44798,ﺗ
44799,ﺗ
44800,ﺚ
44801,ﺚ
44802,ﺚ
44803,ﺚ
44804,ﺚ
44805,ﺚ
44806,ﺚ
44807,ﺚ
44808,ﺚ
44809,ﺚ
44810,ﺚ
44811,ﺚ
44812,ﺚ
44813,ﺚ
44814,ﺚ
44815,ﺚ
44816,ﺚ
44817,ﺚ
44818,ﺚ
44819,ﺚ
44820,ﺚ
44821,ﺚ
44822,ﺚ
44823,ﺚ
44824,ﺚ
44825,ﺚ
44826,ﺚ
44827,ﺚ
44828,ﺚ
44829,ﺚ
44830,ﺚ
44831,ﺚ
44832,ﺚ
44833,ﺚ
44834,ﺚ
44835,ﺚ
44836,ﺚ
44837,ﺚ
44838,ﺚ
44839,ﺚ
44840,ﺚ
44841,ﺚ
44842,ﺚ
44843,ﺚ
44844,ﺚ
44845,ﺚ
44846,ﺚ
44847,ﺚ
44848,ﺚ
44849,ﺚ
44850,ﺚ
44851,ﺚ
44852,ﺚ
44853,ﺚ
44854,ﺚ
44855,ﺚ
44856,ﺚ
44857,ﺚ
44858,ﺚ
44859,ﺚ
44860,ﺚ
44861,ﺚ
44862,ﺚ
44863,ﺚ
44864,ﺚ
44865,ﺚ
44866,ﺚ
44867,ﺚ
44868,ﺚ
44869,ﺚ
44870,ﺚ
44871,ﺚ
44872,ﺚ
44873,ﺚ
44874,ﺚ
44875,ﺚ
44876,ﺚ
44877,ﺚ
44878,ﺚ
44879,ﺚ
44880,ﺚ
44881,ﺚ
44882,ﺚ
44883,ﺚ
44884,ﺚ
44885,ﺚ
44886,ﺚ
44887,ﺚ
44888,ﺚ
44889,ﺚ
44890,ﺚ
44891,ﺚ
44892,ﺚ
44893,ﺚ
44894,ﺚ
44895,ﺚ
44896,ﺚ
44897,ﺚ
44898,ﺚ
44899,ﺚ
44900,ﺚ
44901,ﺚ
44902,ﺚ
44903,ﺚ
44904,ﺚ
44905,ﺚ
44906,ﺚ
44907,ﺚ
44908,ﺚ
44909,ﺚ
44910,ﺚ
44911,ﺚ
44912,ﺛ
44913,ﺛ
44914,ﺛ
44915,ﺛ
44916,ﺛ
44917,ﺛ
44918,ﺛ
44919,ﺛ
44920,ﺛ
44921,ﺛ
44922,ﺛ
44923,ﺛ
44924,ﺛ
44925,ﺛ
44926,ﺛ
44927,ﺛ
44928,ﺛ
44929,ﺛ
44930,ﺛ
44931,ﺛ
44932,ﺛ
44933,ﺛ
44934,ﺛ
44935,ﺛ
44936,ﺛ
44937,ﺛ
44938,ﺛ
44939,ﺛ
44940,ﺛ
44941,ﺛ
44942,ﺛ
44943,ﺛ
44944,ﺛ
44945,ﺛ
44946,ﺛ
44947,ﺛ
44948,ﺛ
44949,ﺛ
44950,ﺛ
44951,ﺛ
44952,ﺛ
44953,ﺛ
44954,ﺛ
44955,ﺛ
44956,ﺛ
44957,ﺛ
44958,ﺛ
44959,ﺛ
44960,ﺛ
44961,ﺛ
44962,ﺛ
44963,ﺛ
44964,ﺛ
44965,ﺛ
44966,ﺛ
44967,ﺛ
44968,ﺛ
44969,ﺛ
44970,ﺛ
44971,ﺛ
44972,ﺛ
44973,ﺛ
44974,ﺛ
44975,ﺛ
44976,ﺛ
44977,ﺛ
44978,ﺛ
44979,ﺛ
44980,ﺛ
44981,ﺛ
44982,ﺛ
44983,ﺛ
44984,ﺛ
44985,ﺛ
44986,ﺛ
44987,ﺛ
44988,ﺛ
44989,ﺛ
44990,ﺛ
44991,ﺛ
44992,ﺛ
44993,ﺛ
44994,ﺛ
44995,ﺛ
44996,ﺛ
44997,ﺛ
44998,ﺛ
44999,ﺛ
45000,ﺛ
45001,ﺛ
45002,ﺛ
45003,ﺛ
45004,ﺛ
45005,ﺛ
45006,ﺛ
45007,ﺛ
45008,ﺛ
45009,ﺛ
45010,ﺛ
45011,ﺛ
45012,ﺛ
45013,ﺛ
45014,ﺛ
45015,ﺛ
45016,ﺛ
45017,ﺛ
45018,ﺛ
45019,ﺛ
45020,ﺛ
45021,ﺛ
45022,ﺛ
45023,ﺛ
45024,ﺞ
45025,ﺞ
45026,ﺞ
45027,ﺞ
45028,ﺞ
45029,ﺞ
45030,ﺞ
45031,ﺞ
45032,ﺞ
45033,ﺞ
45034,ﺞ
45035,ﺞ
45036,ﺞ
45037,ﺞ
45038,ﺞ
45039,ﺞ
45040,ﺞ
45041,ﺞ
45042,ﺞ
45043,ﺞ
45044,ﺞ
45045,ﺞ
45046,ﺞ
45047,ﺞ
45048,ﺞ
45049,ﺞ
45050,ﺞ
45051,ﺞ
45052,ﺞ
45053,ﺞ
45054,ﺞ
45055,ﺞ
45056,ﺞ
45057,ﺞ
45058,ﺞ
45059,ﺞ
45060,ﺞ
45061,ﺞ
45062,ﺞ
45063,ﺞ
45064,ﺞ
45065,ﺞ
45066,ﺞ
45067,ﺞ
45068,ﺞ
45069,ﺞ
45070,ﺞ
45071,ﺞ
45072,ﺞ
45073,ﺞ
45074,ﺞ
45075,ﺞ
45076,ﺞ
45077,ﺞ
45078,ﺞ
45079,ﺞ
45080,ﺞ
45081,ﺞ
45082,ﺞ
45083,ﺞ
45084,ﺞ
45085,ﺞ
45086,ﺞ
45087,ﺞ
45088,ﺞ
45089,ﺞ
45090,ﺞ
45091,ﺞ
45092,ﺞ
45093,ﺞ
45094,ﺞ
45095,ﺞ
45096,ﺞ
45097,ﺞ
45098,ﺞ
45099,ﺞ
45100,ﺞ
45101,ﺞ
45102,ﺞ
45103,ﺞ
45104,ﺞ
45105,ﺞ
45106,ﺞ
45107,ﺞ
45108,ﺞ
45109,ﺞ
45110,ﺞ
45111,ﺞ
45112,ﺞ
45113,ﺞ
45114,ﺞ
45115,ﺞ
45116,ﺞ
45117,ﺞ
45118,ﺞ
45119,ﺞ
45120,ﺞ
45121,ﺞ
45122,ﺞ
45123,ﺞ
45124,ﺞ
45125,ﺞ
45126,ﺞ
45127,ﺞ
45128,ﺞ
45129,ﺞ
45130,ﺞ
45131,ﺞ
45132,ﺞ
45133,ﺞ
45134,ﺞ
45135,ﺞ
45136,ﺟ
45137,ﺟ
45138,ﺟ
45139,ﺟ
45140,ﺟ
45141,ﺟ
45142,ﺟ
45143,ﺟ
45144,ﺟ
45145,ﺟ
45146,ﺟ
45147,ﺟ
45148,ﺟ
45149,ﺟ
45150,ﺟ
45151,ﺟ
45152,ﺟ
45153,ﺟ
45154,ﺟ
45155,ﺟ
45156,ﺟ
45157,ﺟ
45158,ﺟ
45159,ﺟ
45160,ﺟ
45161,ﺟ
45162,ﺟ
45163,ﺟ
45164,ﺟ
45165,ﺟ
45166,ﺟ
45167,ﺟ
45168,ﺟ
45169,ﺟ
45170,ﺟ
45171,ﺟ
45172,ﺟ
45173,ﺟ
45174,ﺟ
45175,ﺟ
45176,ﺟ
45177,ﺟ
45178,ﺟ
45179,ﺟ
45180,ﺟ
45181,ﺟ
45182,ﺟ
45183,ﺟ
45184,ﺟ
45185,ﺟ
45186,ﺟ
45187,ﺟ
45188,ﺟ
45189,ﺟ
45190,ﺟ
45191,ﺟ
45192,ﺟ
45193,ﺟ
45194,ﺟ
45195,ﺟ
45196,ﺟ
45197,ﺟ
45198,ﺟ
45199,ﺟ
45200,ﺟ
45201,ﺟ
45202,ﺟ
45203,ﺟ
45204,ﺟ
45205,ﺟ
45206,ﺟ
45207,ﺟ
45208,ﺟ
45209,ﺟ
45210,ﺟ
45211,ﺟ
45212,ﺟ
45213,ﺟ
45214,ﺟ
45215,ﺟ
45216,ﺟ
45217,ﺟ
45218,ﺟ
45219,ﺟ
45220,ﺟ
45221,ﺟ
45222,ﺟ
45223,ﺟ
45224,ﺟ
45225,ﺟ
45226,ﺟ
45227,ﺟ
45228,ﺟ
45229,ﺟ
45230,ﺟ
45231,ﺟ
45232,ﺟ
45233,ﺟ
45234,ﺟ
45235,ﺟ
45236,ﺟ
45237,ﺟ
45238,ﺟ
45239,ﺟ
45240,ﺟ
45241,ﺟ
45242,ﺟ
45243,ﺟ
45244,ﺟ
45245,ﺟ
45246,ﺟ
45247,ﺟ
45248,ﺢ
45249,ﺢ
45250,ﺢ
45251,ﺢ
45252,ﺢ
45253,ﺢ
45254,ﺢ
45255,ﺢ
45256,ﺢ
45257,ﺢ
45258,ﺢ
45259,ﺢ
45260,ﺢ
45261,ﺢ
45262,ﺢ
45263,ﺢ
45264,ﺢ
45265,ﺢ
45266,ﺢ
45267,ﺢ
45268,ﺢ
45269,ﺢ
45270,ﺢ
45271,ﺢ
45272,ﺢ
45273,ﺢ
45274,ﺢ
45275,ﺢ
45276,ﺢ
45277,ﺢ
45278,ﺢ
45279,ﺢ
45280,ﺢ
45281,ﺢ
45282,ﺢ
45283,ﺢ
45284,ﺢ
45285,ﺢ
45286,ﺢ
45287,ﺢ
45288,ﺢ
45289,ﺢ
45290,ﺢ
45291,ﺢ
45292,ﺢ
45293,ﺢ
45294,ﺢ
45295,ﺢ
45296,ﺢ
45297,ﺢ
45298,ﺢ
45299,ﺢ
45300,ﺢ
45301,ﺢ
45302,ﺢ
45303,ﺢ
45304,ﺢ
45305,ﺢ
45306,ﺢ
45307,ﺢ
45308,ﺢ
45309,ﺢ
45310,ﺢ
45311,ﺢ
45312,ﺢ
45313,ﺢ
45314,ﺢ
45315,ﺢ
45316,ﺢ
45317,ﺢ
45318,ﺢ
45319,ﺢ
45320,ﺢ
45321,ﺢ
45322,ﺢ
45323,ﺢ
45324,ﺢ
45325,ﺢ
45326,ﺢ
45327,ﺢ
45328,ﺢ
45329,ﺢ
45330,ﺢ
45331,ﺢ
45332,ﺢ
45333,ﺢ
45334,ﺢ
45335,ﺢ
45336,ﺢ
45337,ﺢ
45338,ﺢ
45339,ﺢ
45340,ﺢ
45341,ﺢ
45342,ﺢ
45343,ﺢ
45344,ﺢ
45345,ﺢ
45346,ﺢ
45347,ﺢ
45348,ﺢ
45349,ﺢ
45350,ﺢ
45351,ﺢ
45352,ﺢ
45353,ﺢ
45354,ﺢ
45355,ﺢ
45356,ﺢ
45357,ﺢ
45358,ﺢ
45359,ﺢ
45360,ﺣ
45361,ﺣ
45362,ﺣ
45363,ﺣ
45364,ﺣ
45365,ﺣ
45366,ﺣ
45367,ﺣ
45368,ﺣ
45369,ﺣ
45370,ﺣ
45371,ﺣ
45372,ﺣ
45373,ﺣ
45374,ﺣ
45375,ﺣ
45376,ﺣ
45377,ﺣ
45378,ﺣ
45379,ﺣ
45380,ﺣ
45381,ﺣ
45382,ﺣ
45383,ﺣ
45384,ﺣ
45385,ﺣ
45386,ﺣ
45387,ﺣ
45388,ﺣ
45389,ﺣ
45390,ﺣ
45391,ﺣ
45392,ﺣ
45393,ﺣ
45394,ﺣ
45395,ﺣ
45396,ﺣ
45397,ﺣ
45398,ﺣ
45399,ﺣ
45400,ﺣ
45401,ﺣ
45402,ﺣ
45403,ﺣ
45404,ﺣ
45405,ﺣ
45406,ﺣ
45407,ﺣ
45408,ﺣ
45409,ﺣ
45410,ﺣ
45411,ﺣ
45412,ﺣ
45413,ﺣ
45414,ﺣ
45415,ﺣ
45416,ﺣ
45417,ﺣ
45418,ﺣ
45419,ﺣ
45420,ﺣ
45421,ﺣ
45422,ﺣ
45423,ﺣ
45424,ﺣ
45425,ﺣ
45426,ﺣ
45427,ﺣ
45428,ﺣ
45429,ﺣ
45430,ﺣ
45431,ﺣ
45432,ﺣ
45433,ﺣ
45434,ﺣ
45435,ﺣ
45436,ﺣ
45437,ﺣ
45438,ﺣ
45439,ﺣ
45440,ﺣ
45441,ﺣ
45442,ﺣ
45443,ﺣ
45444,ﺣ
45445,ﺣ
45446,ﺣ
45447,ﺣ
45448,ﺣ
45449,ﺣ
45450,ﺣ
45451,ﺣ
45452,ﺣ
45453,ﺣ
45454,ﺣ
45455,ﺣ
45456,ﺣ
45457,ﺣ
45458,ﺣ
45459,ﺣ
45460,ﺣ
45461,ﺣ
45462,ﺣ
45463,ﺣ
45464,ﺣ
45465,ﺣ
45466,ﺣ
45467,ﺣ
45468,ﺣ
45469,ﺣ
45470,ﺣ
45471,ﺣ
45472,ﺦ
45473,ﺦ
45474,ﺦ
45475,ﺦ
45476,ﺦ
45477,ﺦ
45478,ﺦ
45479,ﺦ
45480,ﺦ
45481,ﺦ
45482,ﺦ
45483,ﺦ
45484,ﺦ
45485,ﺦ
45486,ﺦ
45487,ﺦ
45488,ﺦ
45489,ﺦ
45490,ﺦ
45491,ﺦ
45492,ﺦ
45493,ﺦ
45494,ﺦ
45495,ﺦ
45496,ﺦ
45497,ﺦ
45498,ﺦ
45499,ﺦ
45500,ﺦ
45501,ﺦ
45502,ﺦ
45503,ﺦ
45504,ﺦ
45505,ﺦ
45506,ﺦ
45507,ﺦ
45508,ﺦ
45509,ﺦ
45510,ﺦ
45511,ﺦ
45512,ﺦ
45513,ﺦ
45514,ﺦ
45515,ﺦ
45516,ﺦ
45517,ﺦ
45518,ﺦ
45519,ﺦ
45520,ﺦ
45521,ﺦ
45522,ﺦ
45523,ﺦ
45524,ﺦ
45525,ﺦ
45526,ﺦ
45527,ﺦ
45528,ﺦ
45529,ﺦ
45530,ﺦ
45531,ﺦ
45532,ﺦ
45533,ﺦ
45534,ﺦ
45535,ﺦ
45536,ﺦ
45537,ﺦ
45538,ﺦ
45539,ﺦ
45540,ﺦ
45541,ﺦ
45542,ﺦ
45543,ﺦ
45544,ﺦ
45545,ﺦ
45546,ﺦ
45547,ﺦ
45548,ﺦ
45549,ﺦ
45550,ﺦ
45551,ﺦ
45552,ﺦ
45553,ﺦ
45554,ﺦ
45555,ﺦ
45556,ﺦ
45557,ﺦ
45558,ﺦ
45559,ﺦ
45560,ﺦ
45561,ﺦ
45562,ﺦ
45563,ﺦ
45564,ﺦ
45565,ﺦ
45566,ﺦ
45567,ﺦ
45568,ﺦ
45569,ﺦ
45570,ﺦ
45571,ﺦ
45572,ﺦ
45573,ﺦ
45574,ﺦ
45575,ﺦ
45576,ﺦ
45577,ﺦ
45578,ﺦ
45579,ﺦ
45580,ﺦ
45581,ﺦ
45582,ﺦ
45583,ﺦ
45584,ﺧ
45585,ﺧ
45586,ﺧ
45587,ﺧ
45588,ﺧ
45589,ﺧ
45590,ﺧ
45591,ﺧ
45592,ﺧ
45593,ﺧ
45594,ﺧ
45595,ﺧ
45596,ﺧ
45597,ﺧ
45598,ﺧ
45599,ﺧ
45600,ﺧ
45601,ﺧ
45602,ﺧ
45603,ﺧ
45604,ﺧ
45605,ﺧ
45606,ﺧ
45607,ﺧ
45608,ﺧ
45609,ﺧ
45610,ﺧ
45611,ﺧ
45612,ﺧ
45613,ﺧ
45614,ﺧ
45615,ﺧ
45616,ﺧ
45617,ﺧ
45618,ﺧ
45619,ﺧ
45620,ﺧ
45621,ﺧ
45622,ﺧ
45623,ﺧ
45624,ﺧ
45625,ﺧ
45626,ﺧ
45627,ﺧ
45628,ﺧ
45629,ﺧ
45630,ﺧ
45631,ﺧ
45632,ﺧ
45633,ﺧ
45634,ﺧ
45635,ﺧ
45636,ﺧ
45637,ﺧ
45638,ﺧ
45639,ﺧ
45640,ﺧ
45641,ﺧ
45642,ﺧ
45643,ﺧ
45644,ﺧ
45645,ﺧ
45646,ﺧ
45647,ﺧ
45648,ﺧ
45649,ﺧ
45650,ﺧ
45651,ﺧ
45652,ﺧ
45653,ﺧ
45654,ﺧ
45655,ﺧ
45656,ﺧ
45657,ﺧ
45658,ﺧ
45659,ﺧ
45660,ﺧ
45661,ﺧ
45662,ﺧ
45663,ﺧ
45664,ﺧ
45665,ﺧ
45666,ﺧ
45667,ﺧ
45668,ﺧ
45669,ﺧ
45670,ﺧ
45671,ﺧ
45672,ﺧ
45673,ﺧ
45674,ﺧ
45675,ﺧ
45676,ﺧ
45677,ﺧ
45678,ﺧ
45679,ﺧ
45680,ﺧ
45681,ﺧ
45682,ﺧ
45683,ﺧ
45684,ﺧ
45685,ﺧ
45686,ﺧ
45687,ﺧ
45688,ﺧ
45689,ﺧ
45690,ﺧ
45691,ﺧ
45692,ﺧ
45693,ﺧ
45694,ﺧ
45695,ﺧ
45696,ﺪ
45697,ﺪ
45698,ﺪ
45699,ﺪ
45700,ﺪ
45701,ﺪ
45702,ﺪ
45703,ﺪ
45704,ﺪ
45705,ﺪ
45706,ﺪ
45707,ﺪ
45708,ﺪ
45709,ﺪ
45710,ﺪ
45711,ﺪ
45712,ﺪ
45713,ﺪ
45714,ﺪ
45715,ﺪ
45716,ﺪ
45717,ﺪ
45718,ﺪ
45719,ﺪ
45720,ﺪ
45721,ﺪ
45722,ﺪ
45723,ﺪ
45724,ﺪ
45725,ﺪ
45726,ﺪ
45727,ﺪ
45728,ﺪ
45729,ﺪ
45730,ﺪ
45731,ﺪ
45732,ﺪ
45733,ﺪ
45734,ﺪ
45735,ﺪ
45736,ﺪ
45737,ﺪ
45738,ﺪ
45739,ﺪ
45740,ﺪ
45741,ﺪ
45742,ﺪ
45743,ﺪ
45744,ﺪ
45745,ﺪ
45746,ﺪ
45747,ﺪ
45748,ﺪ
45749,ﺪ
45750,ﺪ
45751,ﺪ
45752,ﺪ
45753,ﺪ
45754,ﺪ
45755,ﺪ
45756,ﺪ
45757,ﺪ
45758,ﺪ
45759,ﺪ
45760,ﺪ
45761,ﺪ
45762,ﺪ
45763,ﺪ
45764,ﺪ
45765,ﺪ
45766,ﺪ
45767,ﺪ
45768,ﺪ
45769,ﺪ
45770,ﺪ
45771,ﺪ
45772,ﺪ
45773,ﺪ
45774,ﺪ
45775,ﺪ
45776,ﺪ
45777,ﺪ
45778,ﺪ
45779,ﺪ
45780,ﺪ
45781,ﺪ
45782,ﺪ
45783,ﺪ
45784,ﺪ
45785,ﺪ
45786,ﺪ
45787,ﺪ
45788,ﺪ
45789,ﺪ
45790,ﺪ
45791,ﺪ
45792,ﺪ
45793,ﺪ
45794,ﺪ
45795,ﺪ
45796,ﺪ
45797,ﺪ
45798,ﺪ
45799,ﺪ
45800,ﺪ
45801,ﺪ
45802,ﺪ
45803,ﺪ
45804,ﺪ
45805,ﺪ
45806,ﺪ
45807,ﺪ
45808,ﺬ
45809,ﺬ
45810,ﺬ
45811,ﺬ
45812,ﺬ
45813,ﺬ
45814,ﺬ
45815,ﺬ
45816,ﺬ
45817,ﺬ
45818,ﺬ
45819,ﺬ
45820,ﺬ
45821,ﺬ
45822,ﺬ
45823,ﺬ
45824,ﺬ
45825,ﺬ
45826,ﺬ
45827,ﺬ
45828,ﺬ
45829,ﺬ
45830,ﺬ
45831,ﺬ
45832,ﺬ
45833,ﺬ
45834,ﺬ
45835,ﺬ
45836,ﺬ
45837,ﺬ
45838,ﺬ
45839,ﺬ
45840,ﺬ
45841,ﺬ
45842,ﺬ
45843,ﺬ
45844,ﺬ
45845,ﺬ
45846,ﺬ
45847,ﺬ
45848,ﺬ
45849,ﺬ
45850,ﺬ
45851,ﺬ
45852,ﺬ
45853,ﺬ
45854,ﺬ
45855,ﺬ
45856,ﺬ
45857,ﺬ
45858,ﺬ
45859,ﺬ
45860,ﺬ
45861,ﺬ
45862,ﺬ
45863,ﺬ
45864,ﺬ
45865,ﺬ
45866,ﺬ
45867,ﺬ
45868,ﺬ
45869,ﺬ
45870,ﺬ
45871,ﺬ
45872,ﺬ
45873,ﺬ
45874,ﺬ
45875,ﺬ
45876,ﺬ
45877,ﺬ
45878,ﺬ
45879,ﺬ
45880,ﺬ
45881,ﺬ
45882,ﺬ
45883,ﺬ
45884,ﺬ
45885,ﺬ
45886,ﺬ
45887,ﺬ
45888,ﺬ
45889,ﺬ
45890,ﺬ
45891,ﺬ
45892,ﺬ
45893,ﺬ
45894,ﺬ
45895,ﺬ
45896,ﺬ
45897,ﺬ
45898,ﺬ
45899,ﺬ
45900,ﺬ
45901,ﺬ
45902,ﺬ
45903,ﺬ
45904,ﺬ
45905,ﺬ
45906,ﺬ
45907,ﺬ
45908,ﺬ
45909,ﺬ
45910,ﺬ
45911,ﺬ
45912,ﺬ
45913,ﺬ
45914,ﺬ
45915,ﺬ
45916,ﺬ
45917,ﺬ
45918,ﺬ
45919,ﺬ
45920,ﺮ
45921,ﺮ
45922,ﺮ
45923,ﺮ
45924,ﺮ
45925,ﺮ
45926,ﺮ
45927,ﺮ
45928,ﺮ
45929,ﺮ
45930,ﺮ
45931,ﺮ
45932,ﺮ
45933,ﺮ
45934,ﺮ
45935,ﺮ
45936,ﺮ
45937,ﺮ
45938,ﺮ
45939,ﺮ
45940,ﺮ
45941,ﺮ
45942,ﺮ
45943,ﺮ
45944,ﺮ
45945,ﺮ
45946,ﺮ
45947,ﺮ
45948,ﺮ
45949,ﺮ
45950,ﺮ
45951,ﺮ
45952,ﺮ
45953,ﺮ
45954,ﺮ
45955,ﺮ
45956,ﺮ
45957,ﺮ
45958,ﺮ
45959,ﺮ
45960,ﺮ
45961,ﺮ
45962,ﺮ
45963,ﺮ
45964,ﺮ
45965,ﺮ
45966,ﺮ
45967,ﺮ
45968,ﺮ
45969,ﺮ
45970,ﺮ
45971,ﺮ
45972,ﺮ
45973,ﺮ
45974,ﺮ
45975,ﺮ
45976,ﺮ
45977,ﺮ
45978,ﺮ
45979,ﺮ
45980,ﺮ
45981,ﺮ
45982,ﺮ
45983,ﺮ
45984,ﺮ
45985,ﺮ
45986,ﺮ
45987,ﺮ
45988,ﺮ
45989,ﺮ
45990,ﺮ
45991,ﺮ
45992,ﺮ
45993,ﺮ
45994,ﺮ
45995,ﺮ
45996,ﺮ
45997,ﺮ
45998,ﺮ
45999,ﺮ
46000,ﺮ
46001,ﺮ
46002,ﺮ
46003,ﺮ
46004,ﺮ
46005,ﺮ
46006,ﺮ
46007,ﺮ
46008,ﺮ
46009,ﺮ
46010,ﺮ
46011,ﺮ
46012,ﺮ
46013,ﺮ
46014,ﺮ
46015,ﺮ
46016,ﺮ
46017,ﺮ
46018,ﺮ
46019,ﺮ
46020,ﺮ
46021,ﺮ
46022,ﺮ
46023,ﺮ
46024,ﺮ
46025,ﺮ
46026,ﺮ
46027,ﺮ
46028,ﺮ
46029,ﺮ
46030,ﺮ
46031,ﺮ
46032,ﺰ
46033,ﺰ
46034,ﺰ
46035,ﺰ
46036,ﺰ
46037,ﺰ
46038,ﺰ
46039,ﺰ
46040,ﺰ
46041,ﺰ
46042,ﺰ
46043,ﺰ
46044,ﺰ
46045,ﺰ
46046,ﺰ
46047,ﺰ
46048,ﺰ
46049,ﺰ
46050,ﺰ
46051,ﺰ
46052,ﺰ
46053,ﺰ
46054,ﺰ
46055,ﺰ
46056,ﺰ
46057,ﺰ
46058,ﺰ
46059,ﺰ
46060,ﺰ
46061,ﺰ
46062,ﺰ
46063,ﺰ
46064,ﺰ
46065,ﺰ
46066,ﺰ
46067,ﺰ
46068,ﺰ
46069,ﺰ
46070,ﺰ
46071,ﺰ
46072,ﺰ
46073,ﺰ
46074,ﺰ
46075,ﺰ
46076,ﺰ
46077,ﺰ
46078,ﺰ
46079,ﺰ
46080,ﺰ
46081,ﺰ
46082,ﺰ
46083,ﺰ
46084,ﺰ
46085,ﺰ
46086,ﺰ
46087,ﺰ
46088,ﺰ
46089,ﺰ
46090,ﺰ
46091,ﺰ
46092,ﺰ
46093,ﺰ
46094,ﺰ
46095,ﺰ
46096,ﺰ
46097,ﺰ
46098,ﺰ
46099,ﺰ
46100,ﺰ
46101,ﺰ
46102,ﺰ
46103,ﺰ
46104,ﺰ
46105,ﺰ
46106,ﺰ
46107,ﺰ
46108,ﺰ
46109,ﺰ
46110,ﺰ
46111,ﺰ
46112,ﺰ
46113,ﺰ
46114,ﺰ
46115,ﺰ
46116,ﺰ
46117,ﺰ
46118,ﺰ
46119,ﺰ
46120,ﺰ
46121,ﺰ
46122,ﺰ
46123,ﺰ
46124,ﺰ
46125,ﺰ
46126,ﺰ
46127,ﺰ
46128,ﺰ
46129,ﺰ
46130,ﺰ
46131,ﺰ
46132,ﺰ
46133,ﺰ
46134,ﺰ
46135,ﺰ
46136,ﺰ
46137,ﺰ
46138,ﺰ
46139,ﺰ
46140,ﺰ
46141,ﺰ
46142,ﺰ
46143,ﺰ
46144,ﺲ
46145,ﺲ
46146,ﺲ
46147,ﺲ
46148,ﺲ
46149,ﺲ
46150,ﺲ
46151,ﺲ
46152,ﺲ
46153,ﺲ
46154,ﺲ
46155,ﺲ
46156,ﺲ
46157,ﺲ
46158,ﺲ
46159,ﺲ
46160,ﺲ
46161,ﺲ
46162,ﺲ
46163,ﺲ
46164,ﺲ
46165,ﺲ
46166,ﺲ
46167,ﺲ
46168,ﺲ
46169,ﺲ
46170,ﺲ
46171,ﺲ
46172,ﺲ
46173,ﺲ
46174,ﺲ
46175,ﺲ
46176,ﺲ
46177,ﺲ
46178,ﺲ
46179,ﺲ
46180,ﺲ
46181,ﺲ
46182,ﺲ
46183,ﺲ
46184,ﺲ
46185,ﺲ
46186,ﺲ
46187,ﺲ
46188,ﺲ
46189,ﺲ
46190,ﺲ
46191,ﺲ
46192,ﺲ
46193,ﺲ
46194,ﺲ
46195,ﺲ
46196,ﺲ
46197,ﺲ
46198,ﺲ
46199,ﺲ
46200,ﺲ
46201,ﺲ
46202,ﺲ
46203,ﺲ
46204,ﺲ
46205,ﺲ
46206,ﺲ
46207,ﺲ
46208,ﺲ
46209,ﺲ
46210,ﺲ
46211,ﺲ
46212,ﺲ
46213,ﺲ
46214,ﺲ
46215,ﺲ
46216,ﺲ
46217,ﺲ
46218,ﺲ
46219,ﺲ
46220,ﺲ
46221,ﺲ
46222,ﺲ
46223,ﺲ
46224,ﺲ
46225,ﺲ
46226,ﺲ
46227,ﺲ
46228,ﺲ
46229,ﺲ
46230,ﺲ
46231,ﺲ
46232,ﺲ
46233,ﺲ
46234,ﺲ
46235,ﺲ
46236,ﺲ
46237,ﺲ
46238,ﺲ
46239,ﺲ
46240,ﺲ
46241,ﺲ
46242,ﺲ
46243,ﺲ
46244,ﺲ
46245,ﺲ
46246,ﺲ
46247,ﺲ
46248,ﺲ
46249,ﺲ
46250,ﺲ
46251,ﺲ
46252,ﺲ
46253,ﺲ
46254,ﺲ
46255,ﺲ
46256,ﺳ
46257,ﺳ
46258,ﺳ
46259,ﺳ
46260,ﺳ
46261,ﺳ
46262,ﺳ
46263,ﺳ
46264,ﺳ
46265,ﺳ
46266,ﺳ
46267,ﺳ
46268,ﺳ
46269,ﺳ
46270,ﺳ
46271,ﺳ
46272,ﺳ
46273,ﺳ
46274,ﺳ
46275,ﺳ
46276,ﺳ
46277,ﺳ
46278,ﺳ
46279,ﺳ
46280,ﺳ
46281,ﺳ
46282,ﺳ
46283,ﺳ
46284,ﺳ
46285,ﺳ
46286,ﺳ
46287,ﺳ
46288,ﺳ
46289,ﺳ
46290,ﺳ
46291,ﺳ
46292,ﺳ
46293,ﺳ
46294,ﺳ
46295,ﺳ
46296,ﺳ
46297,ﺳ
46298,ﺳ
46299,ﺳ
46300,ﺳ
46301,ﺳ
46302,ﺳ
46303,ﺳ
46304,ﺳ
46305,ﺳ
46306,ﺳ
46307,ﺳ
46308,ﺳ
46309,ﺳ
46310,ﺳ
46311,ﺳ
46312,ﺳ
46313,ﺳ
46314,ﺳ
46315,ﺳ
46316,ﺳ
46317,ﺳ
46318,ﺳ
46319,ﺳ
46320,ﺳ
46321,ﺳ
46322,ﺳ
46323,ﺳ
46324,ﺳ
46325,ﺳ
46326,ﺳ
46327,ﺳ
46328,ﺳ
46329,ﺳ
46330,ﺳ
46331,ﺳ
46332,ﺳ
46333,ﺳ
46334,ﺳ
46335,ﺳ
46336,ﺳ
46337,ﺳ
46338,ﺳ
46339,ﺳ
46340,ﺳ
46341,ﺳ
46342,ﺳ
46343,ﺳ
46344,ﺳ
46345,ﺳ
46346,ﺳ
46347,ﺳ
46348,ﺳ
46349,ﺳ
46350,ﺳ
46351,ﺳ
46352,ﺳ
46353,ﺳ
46354,ﺳ
46355,ﺳ
46356,ﺳ
46357,ﺳ
46358,ﺳ
46359,ﺳ
46360,ﺳ
46361,ﺳ
46362,ﺳ
46363,ﺳ
46364,ﺳ
46365,ﺳ
46366,ﺳ
46367,ﺳ
46368,ﺶ
46369,ﺶ
46370,ﺶ
46371,ﺶ
46372,ﺶ
46373,ﺶ
46374,ﺶ
46375,ﺶ
46376,ﺶ
46377,ﺶ
46378,ﺶ
46379,ﺶ
46380,ﺶ
46381,ﺶ
46382,ﺶ
46383,ﺶ
46384,ﺶ
46385,ﺶ
46386,ﺶ
46387,ﺶ
46388,ﺶ
46389,ﺶ
46390,ﺶ
46391,ﺶ
46392,ﺶ
46393,ﺶ
46394,ﺶ
46395,ﺶ
46396,ﺶ
46397,ﺶ
46398,ﺶ
46399,ﺶ
46400,ﺶ
46401,ﺶ
46402,ﺶ
46403,ﺶ
46404,ﺶ
46405,ﺶ
46406,ﺶ
46407,ﺶ
46408,ﺶ
46409,ﺶ
46410,ﺶ
46411,ﺶ
46412,ﺶ
46413,ﺶ
46414,ﺶ
46415,ﺶ
46416,ﺶ
46417,ﺶ
46418,ﺶ
46419,ﺶ
46420,ﺶ
46421,ﺶ
46422,ﺶ
46423,ﺶ
46424,ﺶ
46425,ﺶ
46426,ﺶ
46427,ﺶ
46428,ﺶ
46429,ﺶ
46430,ﺶ
46431,ﺶ
46432,ﺶ
46433,ﺶ
46434,ﺶ
46435,ﺶ
46436,ﺶ
46437,ﺶ
46438,ﺶ
46439,ﺶ
46440,ﺶ
46441,ﺶ
46442,ﺶ
46443,ﺶ
46444,ﺶ
46445,ﺶ
46446,ﺶ
46447,ﺶ
46448,ﺶ
46449,ﺶ
46450,ﺶ
46451,ﺶ
46452,ﺶ
46453,ﺶ
46454,ﺶ
46455,ﺶ
46456,ﺶ
46457,ﺶ
46458,ﺶ
46459,ﺶ
46460,ﺶ
46461,ﺶ
46462,ﺶ
46463,ﺶ
46464,ﺶ
46465,ﺶ
46466,ﺶ
46467,ﺶ
46468,ﺶ
46469,ﺶ
46470,ﺶ
46471,ﺶ
46472,ﺶ
46473,ﺶ
46474,ﺶ
46475,ﺶ
46476,ﺶ
46477,ﺶ
46478,ﺶ
46479,ﺶ
46480,ﺷ
46481,ﺷ
46482,ﺷ
46483,ﺷ
46484,ﺷ
46485,ﺷ
46486,ﺷ
46487,ﺷ
46488,ﺷ
46489,ﺷ
46490,ﺷ
46491,ﺷ
46492,ﺷ
46493,ﺷ
46494,ﺷ
46495,ﺷ
46496,ﺷ
46497,ﺷ
46498,ﺷ
46499,ﺷ
46500,ﺷ
46501,ﺷ
46502,ﺷ
46503,ﺷ
46504,ﺷ
46505,ﺷ
46506,ﺷ
46507,ﺷ
46508,ﺷ
46509,ﺷ
46510,ﺷ
46511,ﺷ
46512,ﺷ
46513,ﺷ
46514,ﺷ
46515,ﺷ
46516,ﺷ
46517,ﺷ
46518,ﺷ
46519,ﺷ
46520,ﺷ
46521,ﺷ
46522,ﺷ
46523,ﺷ
46524,ﺷ
46525,ﺷ
46526,ﺷ
46527,ﺷ
46528,ﺷ
46529,ﺷ
46530,ﺷ
46531,ﺷ
46532,ﺷ
46533,ﺷ
46534,ﺷ
46535,ﺷ
46536,ﺷ
46537,ﺷ
46538,ﺷ
46539,ﺷ
46540,ﺷ
46541,ﺷ
46542,ﺷ
46543,ﺷ
46544,ﺷ
46545,ﺷ
46546,ﺷ
46547,ﺷ
46548,ﺷ
46549,ﺷ
46550,ﺷ
46551,ﺷ
46552,ﺷ
46553,ﺷ
46554,ﺷ
46555,ﺷ
46556,ﺷ
46557,ﺷ
46558,ﺷ
46559,ﺷ
46560,ﺷ
46561,ﺷ
46562,ﺷ
46563,ﺷ
46564,ﺷ
46565,ﺷ
46566,ﺷ
46567,ﺷ
46568,ﺷ
46569,ﺷ
46570,ﺷ
46571,ﺷ
46572,ﺷ
46573,ﺷ
46574,ﺷ
46575,ﺷ
46576,ﺷ
46577,ﺷ
46578,ﺷ
46579,ﺷ
46580,ﺷ
46581,ﺷ
46582,ﺷ
46583,ﺷ
46584,ﺷ
46585,ﺷ
46586,ﺷ
46587,ﺷ
46588,ﺷ
46589,ﺷ
46590,ﺷ
46591,ﺷ
46592,ﺺ
46593,ﺺ
46594,ﺺ
46595,ﺺ
46596,ﺺ
46597,ﺺ
46598,ﺺ
46599,ﺺ
46600,ﺺ
46601,ﺺ
46602,ﺺ
46603,ﺺ
46604,ﺺ
46605,ﺺ
46606,ﺺ
46607,ﺺ
46608,ﺺ
46609,ﺺ
46610,ﺺ
46611,ﺺ
46612,ﺺ
46613,ﺺ
46614,ﺺ
46615,ﺺ
46616,ﺺ
46617,ﺺ
46618,ﺺ
46619,ﺺ
46620,ﺺ
46621,ﺺ
46622,ﺺ
46623,ﺺ
46624,ﺺ
46625,ﺺ
46626,ﺺ
46627,ﺺ
46628,ﺺ
46629,ﺺ
46630,ﺺ
46631,ﺺ
46632,ﺺ
46633,ﺺ
46634,ﺺ
46635,ﺺ
46636,ﺺ
46637,ﺺ
46638,ﺺ
46639,ﺺ
46640,ﺺ
46641,ﺺ
46642,ﺺ
46643,ﺺ
46644,ﺺ
46645,ﺺ
46646,ﺺ
46647,ﺺ
46648,ﺺ
46649,ﺺ
46650,ﺺ
46651,ﺺ
46652,ﺺ
46653,ﺺ
46654,ﺺ
46655,ﺺ
46656,ﺺ
46657,ﺺ
46658,ﺺ
46659,ﺺ
46660,ﺺ
46661,ﺺ
46662,ﺺ
46663,ﺺ
46664,ﺺ
46665,ﺺ
46666,ﺺ
46667,ﺺ
46668,ﺺ
46669,ﺺ
46670,ﺺ
46671,ﺺ
46672,ﺺ
46673,ﺺ
46674,ﺺ
46675,ﺺ
46676,ﺺ
46677,ﺺ
46678,ﺺ
46679,ﺺ
46680,ﺺ
46681,ﺺ
46682,ﺺ
46683,ﺺ
46684,ﺺ
46685,ﺺ
46686,ﺺ
46687,ﺺ
46688,ﺺ
46689,ﺺ
46690,ﺺ
46691,ﺺ
46692,ﺺ
46693,ﺺ
46694,ﺺ
46695,ﺺ
46696,ﺺ
46697,ﺺ
46698,ﺺ
46699,ﺺ
46700,ﺺ
46701,ﺺ
46702,ﺺ
46703,ﺺ
46704,ﺻ
46705,ﺻ
46706,ﺻ
46707,ﺻ
46708,ﺻ
46709,ﺻ
46710,ﺻ
46711,ﺻ
46712,ﺻ
46713,ﺻ
46714,ﺻ
46715,ﺻ
46716,ﺻ
46717,ﺻ
46718,ﺻ
46719,ﺻ
46720,ﺻ
46721,ﺻ
46722,ﺻ
46723,ﺻ
46724,ﺻ
46725,ﺻ
46726,ﺻ
46727,ﺻ
46728,ﺻ
46729,ﺻ
46730,ﺻ
46731,ﺻ
46732,ﺻ
46733,ﺻ
46734,ﺻ
46735,ﺻ
46736,ﺻ
46737,ﺻ
46738,ﺻ
46739,ﺻ
46740,ﺻ
46741,ﺻ
46742,ﺻ
46743,ﺻ
46744,ﺻ
46745,ﺻ
46746,ﺻ
46747,ﺻ
46748,ﺻ
46749,ﺻ
46750,ﺻ
46751,ﺻ
46752,ﺻ
46753,ﺻ
46754,ﺻ
46755,ﺻ
46756,ﺻ
46757,ﺻ
46758,ﺻ
46759,ﺻ
46760,ﺻ
46761,ﺻ
46762,ﺻ
46763,ﺻ
46764,ﺻ
46765,ﺻ
46766,ﺻ
46767,ﺻ
46768,ﺻ
46769,ﺻ
46770,ﺻ
46771,ﺻ
46772,ﺻ
46773,ﺻ
46774,ﺻ
46775,ﺻ
46776,ﺻ
46777,ﺻ
46778,ﺻ
46779,ﺻ
46780,ﺻ
46781,ﺻ
46782,ﺻ
46783,ﺻ
46784,ﺻ
46785,ﺻ
46786,ﺻ
46787,ﺻ
46788,ﺻ
46789,ﺻ
46790,ﺻ
46791,ﺻ
46792,ﺻ
46793,ﺻ
46794,ﺻ
46795,ﺻ
46796,ﺻ
46797,ﺻ
46798,ﺻ
46799,ﺻ
46800,ﺻ
46801,ﺻ
46802,ﺻ
46803,ﺻ
46804,ﺻ
46805,ﺻ
46806,ﺻ
46807,ﺻ
46808,ﺻ
46809,ﺻ
46810,ﺻ
46811,ﺻ
46812,ﺻ
46813,ﺻ
46814,ﺻ
46815,ﺻ
46816,ﺾ
46817,ﺾ
46818,ﺾ
46819,ﺾ
46820,ﺾ
46821,ﺾ
46822,ﺾ
46823,ﺾ
46824,ﺾ
46825,ﺾ
46826,ﺾ
46827,ﺾ
46828,ﺾ
46829,ﺾ
46830,ﺾ
46831,ﺾ
46832,ﺾ
46833,ﺾ
46834,ﺾ
46835,ﺾ
46836,ﺾ
46837,ﺾ
46838,ﺾ
46839,ﺾ
46840,ﺾ
46841,ﺾ
46842,ﺾ
46843,ﺾ
46844,ﺾ
46845,ﺾ
46846,ﺾ
46847,ﺾ
46848,ﺾ
46849,ﺾ
46850,ﺾ
46851,ﺾ
46852,ﺾ
46853,ﺾ
46854,ﺾ
46855,ﺾ
46856,ﺾ
46857,ﺾ
46858,ﺾ
46859,ﺾ
46860,ﺾ
46861,ﺾ
46862,ﺾ
46863,ﺾ
46864,ﺾ
46865,ﺾ
46866,ﺾ
46867,ﺾ
46868,ﺾ
46869,ﺾ
46870,ﺾ
46871,ﺾ
46872,ﺾ
46873,ﺾ
46874,ﺾ
46875,ﺾ
46876,ﺾ
46877,ﺾ
46878,ﺾ
46879,ﺾ
46880,ﺾ
46881,ﺾ
46882,ﺾ
46883,ﺾ
46884,ﺾ
46885,ﺾ
46886,ﺾ
46887,ﺾ
46888,ﺾ
46889,ﺾ
46890,ﺾ
46891,ﺾ
46892,ﺾ
46893,ﺾ
46894,ﺾ
46895,ﺾ
46896,ﺾ
46897,ﺾ
46898,ﺾ
46899,ﺾ
46900,ﺾ
46901,ﺾ
46902,ﺾ
46903,ﺾ
46904,ﺾ
46905,ﺾ
46906,ﺾ
46907,ﺾ
46908,ﺾ
46909,ﺾ
46910,ﺾ
46911,ﺾ
46912,ﺾ
46913,ﺾ
46914,ﺾ
46915,ﺾ
46916,ﺾ
46917,ﺾ
46918,ﺾ
46919,ﺾ
46920,ﺾ
46921,ﺾ
46922,ﺾ
46923,ﺾ
46924,ﺾ
46925,ﺾ
46926,ﺾ
46927,ﺾ
46928,ﺿ
46929,ﺿ
46930,ﺿ
46931,ﺿ
46932,ﺿ
46933,ﺿ
46934,ﺿ
46935,ﺿ
46936,ﺿ
46937,ﺿ
46938,ﺿ
46939,ﺿ
46940,ﺿ
46941,ﺿ
46942,ﺿ
46943,ﺿ
46944,ﺿ
46945,ﺿ
46946,ﺿ
46947,ﺿ
46948,ﺿ
46949,ﺿ
46950,ﺿ
46951,ﺿ
46952,ﺿ
46953,ﺿ
46954,ﺿ
46955,ﺿ
46956,ﺿ
46957,ﺿ
46958,ﺿ
46959,ﺿ
46960,ﺿ
46961,ﺿ
46962,ﺿ
46963,ﺿ
46964,ﺿ
46965,ﺿ
46966,ﺿ
46967,ﺿ
46968,ﺿ
46969,ﺿ
46970,ﺿ
46971,ﺿ
46972,ﺿ
46973,ﺿ
46974,ﺿ
46975,ﺿ
46976,ﺿ
46977,ﺿ
46978,ﺿ
46979,ﺿ
46980,ﺿ
46981,ﺿ
46982,ﺿ
46983,ﺿ
46984,ﺿ
46985,ﺿ
46986,ﺿ
46987,ﺿ
46988,ﺿ
46989,ﺿ
46990,ﺿ
46991,ﺿ
46992,ﺿ
46993,ﺿ
46994,ﺿ
46995,ﺿ
46996,ﺿ
46997,ﺿ
46998,ﺿ
46999,ﺿ
47000,ﺿ
47001,ﺿ
47002,ﺿ
47003,ﺿ
47004,ﺿ
47005,ﺿ
47006,ﺿ
47007,ﺿ
47008,ﺿ
47009,ﺿ
47010,ﺿ
47011,ﺿ
47012,ﺿ
47013,ﺿ
47014,ﺿ
47015,ﺿ
47016,ﺿ
47017,ﺿ
47018,ﺿ
47019,ﺿ
47020,ﺿ
47021,ﺿ
47022,ﺿ
47023,ﺿ
47024,ﺿ
47025,ﺿ
47026,ﺿ
47027,ﺿ
47028,ﺿ
47029,ﺿ
47030,ﺿ
47031,ﺿ
47032,ﺿ
47033,ﺿ
47034,ﺿ
47035,ﺿ
47036,ﺿ
47037,ﺿ
47038,ﺿ
47039,ﺿ
47040,ﻂ
47041,ﻂ
47042,ﻂ
47043,ﻂ
47044,ﻂ
47045,ﻂ
47046,ﻂ
47047,ﻂ
47048,ﻂ
47049,ﻂ
47050,ﻂ
47051,ﻂ
47052,ﻂ
47053,ﻂ
47054,ﻂ
47055,ﻂ
47056,ﻂ
47057,ﻂ
47058,ﻂ
47059,ﻂ
47060,ﻂ
47061,ﻂ
47062,ﻂ
47063,ﻂ
47064,ﻂ
47065,ﻂ
47066,ﻂ
47067,ﻂ
47068,ﻂ
47069,ﻂ
47070,ﻂ
47071,ﻂ
47072,ﻂ
47073,ﻂ
47074,ﻂ
47075,ﻂ
47076,ﻂ
47077,ﻂ
47078,ﻂ
47079,ﻂ
47080,ﻂ
47081,ﻂ
47082,ﻂ
47083,ﻂ
47084,ﻂ
47085,ﻂ
47086,ﻂ
47087,ﻂ
47088,ﻂ
47089,ﻂ
47090,ﻂ
47091,ﻂ
47092,ﻂ
47093,ﻂ
47094,ﻂ
47095,ﻂ
47096,ﻂ
47097,ﻂ
47098,ﻂ
47099,ﻂ
47100,ﻂ
47101,ﻂ
47102,ﻂ
47103,ﻂ
47104,ﻂ
47105,ﻂ
47106,ﻂ
47107,ﻂ
47108,ﻂ
47109,ﻂ
47110,ﻂ
47111,ﻂ
47112,ﻂ
47113,ﻂ
47114,ﻂ
47115,ﻂ
47116,ﻂ
47117,ﻂ
47118,ﻂ
47119,ﻂ
47120,ﻂ
47121,ﻂ
47122,ﻂ
47123,ﻂ
47124,ﻂ
47125,ﻂ
47126,ﻂ
47127,ﻂ
47128,ﻂ
47129,ﻂ
47130,ﻂ
47131,ﻂ
47132,ﻂ
47133,ﻂ
47134,ﻂ
47135,ﻂ
47136,ﻂ
47137,ﻂ
47138,ﻂ
47139,ﻂ
47140,ﻂ
47141,ﻂ
47142,ﻂ
47143,ﻂ
47144,ﻂ
47145,ﻂ
47146,ﻂ
47147,ﻂ
47148,ﻂ
47149,ﻂ
47150,ﻂ
47151,ﻂ
47152,ﻆ
47153,ﻆ
47154,ﻆ
47155,ﻆ
47156,ﻆ
47157,ﻆ
47158,ﻆ
47159,ﻆ
47160,ﻆ
47161,ﻆ
47162,ﻆ
47163,ﻆ
47164,ﻆ
47165,ﻆ
47166,ﻆ
47167,ﻆ
47168,ﻆ
47169,ﻆ
47170,ﻆ
47171,ﻆ
47172,ﻆ
47173,ﻆ
47174,ﻆ
47175,ﻆ
47176,ﻆ
47177,ﻆ
47178,ﻆ
47179,ﻆ
47180,ﻆ
47181,ﻆ
47182,ﻆ
47183,ﻆ
47184,ﻆ
47185,ﻆ
47186,ﻆ
47187,ﻆ
47188,ﻆ
47189,ﻆ
47190,ﻆ
47191,ﻆ
47192,ﻆ
47193,ﻆ
47194,ﻆ
47195,ﻆ
47196,ﻆ
47197,ﻆ
47198,ﻆ
47199,ﻆ
47200,ﻆ
47201,ﻆ
47202,ﻆ
47203,ﻆ
47204,ﻆ
47205,ﻆ
47206,ﻆ
47207,ﻆ
47208,ﻆ
47209,ﻆ
47210,ﻆ
47211,ﻆ
47212,ﻆ
47213,ﻆ
47214,ﻆ
47215,ﻆ
47216,ﻆ
47217,ﻆ
47218,ﻆ
47219,ﻆ
47220,ﻆ
47221,ﻆ
47222,ﻆ
47223,ﻆ
47224,ﻆ
47225,ﻆ
47226,ﻆ
47227,ﻆ
47228,ﻆ
47229,ﻆ
47230,ﻆ
47231,ﻆ
47232,ﻆ
47233,ﻆ
47234,ﻆ
47235,ﻆ
47236,ﻆ
47237,ﻆ
47238,ﻆ
47239,ﻆ
47240,ﻆ
47241,ﻆ
47242,ﻆ
47243,ﻆ
47244,ﻆ
47245,ﻆ
47246,ﻆ
47247,ﻆ
47248,ﻆ
47249,ﻆ
47250,ﻆ
47251,ﻆ
47252,ﻆ
47253,ﻆ
47254,ﻆ
47255,ﻆ
47256,ﻆ
47257,ﻆ
47258,ﻆ
47259,ﻆ
47260,ﻆ
47261,ﻆ
47262,ﻆ
47263,ﻆ
47264,ﻉ
47265,ﻉ
47266,ﻉ
47267,ﻉ
47268,ﻉ
47269,ﻉ
47270,ﻉ
47271,ﻉ
47272,ﻉ
47273,ﻉ
47274,ﻉ
47275,ﻉ
47276,ﻉ
47277,ﻉ
47278,ﻉ
47279,ﻉ
47280,ﻉ
47281,ﻉ
47282,ﻉ
47283,ﻉ
47284,ﻉ
47285,ﻉ
47286,ﻉ
47287,ﻉ
47288,ﻉ
47289,ﻉ
47290,ﻉ
47291,ﻉ
47292,ﻉ
47293,ﻉ
47294,ﻉ
47295,ﻉ
47296,ﻉ
47297,ﻉ
47298,ﻉ
47299,ﻉ
47300,ﻉ
47301,ﻉ
47302,ﻉ
47303,ﻉ
47304,ﻉ
47305,ﻉ
47306,ﻉ
47307,ﻉ
47308,ﻉ
47309,ﻉ
47310,ﻉ
47311,ﻉ
47312,ﻉ
47313,ﻉ
47314,ﻉ
47315,ﻉ
47316,ﻉ
47317,ﻉ
47318,ﻉ
47319,ﻉ
47320,ﻉ
47321,ﻉ
47322,ﻉ
47323,ﻉ
47324,ﻉ
47325,ﻉ
47326,ﻉ
47327,ﻉ
47328,ﻉ
47329,ﻉ
47330,ﻉ
47331,ﻉ
47332,ﻉ
47333,ﻉ
47334,ﻉ
47335,ﻉ
47336,ﻉ
47337,ﻉ
47338,ﻉ
47339,ﻉ
47340,ﻉ
47341,ﻉ
47342,ﻉ
47343,ﻉ
47344,ﻉ
47345,ﻉ
47346,ﻉ
47347,ﻉ
47348,ﻉ
47349,ﻉ
47350,ﻉ
47351,ﻉ
47352,ﻉ
47353,ﻉ
47354,ﻉ
47355,ﻉ
47356,ﻉ
47357,ﻉ
47358,ﻉ
47359,ﻉ
47360,ﻉ
47361,ﻉ
47362,ﻉ
47363,ﻉ
47364,ﻉ
47365,ﻉ
47366,ﻉ
47367,ﻉ
47368,ﻉ
47369,ﻉ
47370,ﻉ
47371,ﻉ
47372,ﻉ
47373,ﻉ
47374,ﻉ
47375,ﻉ
47376,ﻊ
47377,ﻊ
47378,ﻊ
47379,ﻊ
47380,ﻊ
47381,ﻊ
47382,ﻊ
47383,ﻊ
47384,ﻊ
47385,ﻊ
47386,ﻊ
47387,ﻊ
47388,ﻊ
47389,ﻊ
47390,ﻊ
47391,ﻊ
47392,ﻊ
47393,ﻊ
47394,ﻊ
47395,ﻊ
47396,ﻊ
47397,ﻊ
47398,ﻊ
47399,ﻊ
47400,ﻊ
47401,ﻊ
47402,ﻊ
47403,ﻊ
47404,ﻊ
47405,ﻊ
47406,ﻊ
47407,ﻊ
47408,ﻊ
47409,ﻊ
47410,ﻊ
47411,ﻊ
47412,ﻊ
47413,ﻊ
47414,ﻊ
47415,ﻊ
47416,ﻊ
47417,ﻊ
47418,ﻊ
47419,ﻊ
47420,ﻊ
47421,ﻊ
47422,ﻊ
47423,ﻊ
47424,ﻊ
47425,ﻊ
47426,ﻊ
47427,ﻊ
47428,ﻊ
47429,ﻊ
47430,ﻊ
47431,ﻊ
47432,ﻊ
47433,ﻊ
47434,ﻊ
47435,ﻊ
47436,ﻊ
47437,ﻊ
47438,ﻊ
47439,ﻊ
47440,ﻊ
47441,ﻊ
47442,ﻊ
47443,ﻊ
47444,ﻊ
47445,ﻊ
47446,ﻊ
47447,ﻊ
47448,ﻊ
47449,ﻊ
47450,ﻊ
47451,ﻊ
47452,ﻊ
47453,ﻊ
47454,ﻊ
47455,ﻊ
47456,ﻊ
47457,ﻊ
47458,ﻊ
47459,ﻊ
47460,ﻊ
47461,ﻊ
47462,ﻊ
47463,ﻊ
47464,ﻊ
47465,ﻊ
47466,ﻊ
47467,ﻊ
47468,ﻊ
47469,ﻊ
47470,ﻊ
47471,ﻊ
47472,ﻊ
47473,ﻊ
47474,ﻊ
47475,ﻊ
47476,ﻊ
47477,ﻊ
47478,ﻊ
47479,ﻊ
47480,ﻊ
47481,ﻊ
47482,ﻊ
47483,ﻊ
47484,ﻊ
47485,ﻊ
47486,ﻊ
47487,ﻊ
47488,ﻋ
47489,ﻋ
47490,ﻋ
47491,ﻋ
47492,ﻋ
47493,ﻋ
47494,ﻋ
47495,ﻋ
47496,ﻋ
47497,ﻋ
47498,ﻋ
47499,ﻋ
47500,ﻋ
47501,ﻋ
47502,ﻋ
47503,ﻋ
47504,ﻋ
47505,ﻋ
47506,ﻋ
47507,ﻋ
47508,ﻋ
47509,ﻋ
47510,ﻋ
47511,ﻋ
47512,ﻋ
47513,ﻋ
47514,ﻋ
47515,ﻋ
47516,ﻋ
47517,ﻋ
47518,ﻋ
47519,ﻋ
47520,ﻋ
47521,ﻋ
47522,ﻋ
47523,ﻋ
47524,ﻋ
47525,ﻋ
47526,ﻋ
47527,ﻋ
47528,ﻋ
47529,ﻋ
47530,ﻋ
47531,ﻋ
47532,ﻋ
47533,ﻋ
47534,ﻋ
47535,ﻋ
47536,ﻋ
47537,ﻋ
47538,ﻋ
47539,ﻋ
47540,ﻋ
47541,ﻋ
47542,ﻋ
47543,ﻋ
47544,ﻋ
47545,ﻋ
47546,ﻋ
47547,ﻋ
47548,ﻋ
47549,ﻋ
47550,ﻋ
47551,ﻋ
47552,ﻋ
47553,ﻋ
47554,ﻋ
47555,ﻋ
47556,ﻋ
47557,ﻋ
47558,ﻋ
47559,ﻋ
47560,ﻋ
47561,ﻋ
47562,ﻋ
47563,ﻋ
47564,ﻋ
47565,ﻋ
47566,ﻋ
47567,ﻋ
47568,ﻋ
47569,ﻋ
47570,ﻋ
47571,ﻋ
47572,ﻋ
47573,ﻋ
47574,ﻋ
47575,ﻋ
47576,ﻋ
47577,ﻋ
47578,ﻋ
47579,ﻋ
47580,ﻋ
47581,ﻋ
47582,ﻋ
47583,ﻋ
47584,ﻋ
47585,ﻋ
47586,ﻋ
47587,ﻋ
47588,ﻋ
47589,ﻋ
47590,ﻋ
47591,ﻋ
47592,ﻋ
47593,ﻋ
47594,ﻋ
47595,ﻋ
47596,ﻋ
47597,ﻋ
47598,ﻋ
47599,ﻋ
47600,ﻌ
47601,ﻌ
47602,ﻌ
47603,ﻌ
47604,ﻌ
47605,ﻌ
47606,ﻌ
47607,ﻌ
47608,ﻌ
47609,ﻌ
47610,ﻌ
47611,ﻌ
47612,ﻌ
47613,ﻌ
47614,ﻌ
47615,ﻌ
47616,ﻌ
47617,ﻌ
47618,ﻌ
47619,ﻌ
47620,ﻌ
47621,ﻌ
47622,ﻌ
47623,ﻌ
47624,ﻌ
47625,ﻌ
47626,ﻌ
47627,ﻌ
47628,ﻌ
47629,ﻌ
47630,ﻌ
47631,ﻌ
47632,ﻌ
47633,ﻌ
47634,ﻌ
47635,ﻌ
47636,ﻌ
47637,ﻌ
47638,ﻌ
47639,ﻌ
47640,ﻌ
47641,ﻌ
47642,ﻌ
47643,ﻌ
47644,ﻌ
47645,ﻌ
47646,ﻌ
47647,ﻌ
47648,ﻌ
47649,ﻌ
47650,ﻌ
47651,ﻌ
47652,ﻌ
47653,ﻌ
47654,ﻌ
47655,ﻌ
47656,ﻌ
47657,ﻌ
47658,ﻌ
47659,ﻌ
47660,ﻌ
47661,ﻌ
47662,ﻌ
47663,ﻌ
47664,ﻌ
47665,ﻌ
47666,ﻌ
47667,ﻌ
47668,ﻌ
47669,ﻌ
47670,ﻌ
47671,ﻌ
47672,ﻌ
47673,ﻌ
47674,ﻌ
47675,ﻌ
47676,ﻌ
47677,ﻌ
47678,ﻌ
47679,ﻌ
47680,ﻌ
47681,ﻌ
47682,ﻌ
47683,ﻌ
47684,ﻌ
47685,ﻌ
47686,ﻌ
47687,ﻌ
47688,ﻌ
47689,ﻌ
47690,ﻌ
47691,ﻌ
47692,ﻌ
47693,ﻌ
47694,ﻌ
47695,ﻌ
47696,ﻌ
47697,ﻌ
47698,ﻌ
47699,ﻌ
47700,ﻌ
47701,ﻌ
47702,ﻌ
47703,ﻌ
47704,ﻌ
47705,ﻌ
47706,ﻌ
47707,ﻌ
47708,ﻌ
47709,ﻌ
47710,ﻌ
47711,ﻌ
47712,ﻍ
47713,ﻍ
47714,ﻍ
47715,ﻍ
47716,ﻍ
47717,ﻍ
47718,ﻍ
47719,ﻍ
47720,ﻍ
47721,ﻍ
47722,ﻍ
47723,ﻍ
47724,ﻍ
47725,ﻍ
47726,ﻍ
47727,ﻍ
47728,ﻍ
47729,ﻍ
47730,ﻍ
47731,ﻍ
47732,ﻍ
47733,ﻍ
47734,ﻍ
47735,ﻍ
47736,ﻍ
47737,ﻍ
47738,ﻍ
47739,ﻍ
47740,ﻍ
47741,ﻍ
47742,ﻍ
47743,ﻍ
47744,ﻍ
47745,ﻍ
47746,ﻍ
47747,ﻍ
47748,ﻍ
47749,ﻍ
47750,ﻍ
47751,ﻍ
47752,ﻍ
47753,ﻍ
47754,ﻍ
47755,ﻍ
47756,ﻍ
47757,ﻍ
47758,ﻍ
47759,ﻍ
47760,ﻍ
47761,ﻍ
47762,ﻍ
47763,ﻍ
47764,ﻍ
47765,ﻍ
47766,ﻍ
47767,ﻍ
47768,ﻍ
47769,ﻍ
47770,ﻍ
47771,ﻍ
47772,ﻍ
47773,ﻍ
47774,ﻍ
47775,ﻍ
47776,ﻍ
47777,ﻍ
47778,ﻍ
47779,ﻍ
47780,ﻍ
47781,ﻍ
47782,ﻍ
47783,ﻍ
47784,ﻍ
47785,ﻍ
47786,ﻍ
47787,ﻍ
47788,ﻍ
47789,ﻍ
47790,ﻍ
47791,ﻍ
47792,ﻍ
47793,ﻍ
47794,ﻍ
47795,ﻍ
47796,ﻍ
47797,ﻍ
47798,ﻍ
47799,ﻍ
47800,ﻍ
47801,ﻍ
47802,ﻍ
47803,ﻍ
47804,ﻍ
47805,ﻍ
47806,ﻍ
47807,ﻍ
47808,ﻍ
47809,ﻍ
47810,ﻍ
47811,ﻍ
47812,ﻍ
47813,ﻍ
47814,ﻍ
47815,ﻍ
47816,ﻍ
47817,ﻍ
47818,ﻍ
47819,ﻍ
47820,ﻍ
47821,ﻍ
47822,ﻍ
47823,ﻍ
47824,ﻎ
47825,ﻎ
47826,ﻎ
47827,ﻎ
47828,ﻎ
47829,ﻎ
47830,ﻎ
47831,ﻎ
47832,ﻎ
47833,ﻎ
47834,ﻎ
47835,ﻎ
47836,ﻎ
47837,ﻎ
47838,ﻎ
47839,ﻎ
47840,ﻎ
47841,ﻎ
47842,ﻎ
47843,ﻎ
47844,ﻎ
47845,ﻎ
47846,ﻎ
47847,ﻎ
47848,ﻎ
47849,ﻎ
47850,ﻎ
47851,ﻎ
47852,ﻎ
47853,ﻎ
47854,ﻎ
47855,ﻎ
47856,ﻎ
47857,ﻎ
47858,ﻎ
47859,ﻎ
47860,ﻎ
47861,ﻎ
47862,ﻎ
47863,ﻎ
47864,ﻎ
47865,ﻎ
47866,ﻎ
47867,ﻎ
47868,ﻎ
47869,ﻎ
47870,ﻎ
47871,ﻎ
47872,ﻎ
47873,ﻎ
47874,ﻎ
47875,ﻎ
47876,ﻎ
47877,ﻎ
47878,ﻎ
47879,ﻎ
47880,ﻎ
47881,ﻎ
47882,ﻎ
47883,ﻎ
47884,ﻎ
47885,ﻎ
47886,ﻎ
47887,ﻎ
47888,ﻎ
47889,ﻎ
47890,ﻎ
47891,ﻎ
47892,ﻎ
47893,ﻎ
47894,ﻎ
47895,ﻎ
47896,ﻎ
47897,ﻎ
47898,ﻎ
47899,ﻎ
47900,ﻎ
47901,ﻎ
47902,ﻎ
47903,ﻎ
47904,ﻎ
47905,ﻎ
47906,ﻎ
47907,ﻎ
47908,ﻎ
47909,ﻎ
47910,ﻎ
47911,ﻎ
47912,ﻎ
47913,ﻎ
47914,ﻎ
47915,ﻎ
47916,ﻎ
47917,ﻎ
47918,ﻎ
47919,ﻎ
47920,ﻎ
47921,ﻎ
47922,ﻎ
47923,ﻎ
47924,ﻎ
47925,ﻎ
47926,ﻎ
47927,ﻎ
47928,ﻎ
47929,ﻎ
47930,ﻎ
47931,ﻎ
47932,ﻎ
47933,ﻎ
47934,ﻎ
47935,ﻎ
47936,ﻏ
47937,ﻏ
47938,ﻏ
47939,ﻏ
47940,ﻏ
47941,ﻏ
47942,ﻏ
47943,ﻏ
47944,ﻏ
47945,ﻏ
47946,ﻏ
47947,ﻏ
47948,ﻏ
47949,ﻏ
47950,ﻏ
47951,ﻏ
47952,ﻏ
47953,ﻏ
47954,ﻏ
47955,ﻏ
47956,ﻏ
47957,ﻏ
47958,ﻏ
47959,ﻏ
47960,ﻏ
47961,ﻏ
47962,ﻏ
47963,ﻏ
47964,ﻏ
47965,ﻏ
47966,ﻏ
47967,ﻏ
47968,ﻏ
47969,ﻏ
47970,ﻏ
47971,ﻏ
47972,ﻏ
47973,ﻏ
47974,ﻏ
47975,ﻏ
47976,ﻏ
47977,ﻏ
47978,ﻏ
47979,ﻏ
47980,ﻏ
47981,ﻏ
47982,ﻏ
47983,ﻏ
47984,ﻏ
47985,ﻏ
47986,ﻏ
47987,ﻏ
47988,ﻏ
47989,ﻏ
47990,ﻏ
47991,ﻏ
47992,ﻏ
47993,ﻏ
47994,ﻏ
47995,ﻏ
47996,ﻏ
47997,ﻏ
47998,ﻏ
47999,ﻏ
48000,ﻏ
48001,ﻏ
48002,ﻏ
48003,ﻏ
48004,ﻏ
48005,ﻏ
48006,ﻏ
48007,ﻏ
48008,ﻏ
48009,ﻏ
48010,ﻏ
48011,ﻏ
48012,ﻏ
48013,ﻏ
48014,ﻏ
48015,ﻏ
48016,ﻏ
48017,ﻏ
48018,ﻏ
48019,ﻏ
48020,ﻏ
48021,ﻏ
48022,ﻏ
48023,ﻏ
48024,ﻏ
48025,ﻏ
48026,ﻏ
48027,ﻏ
48028,ﻏ
48029,ﻏ
48030,ﻏ
48031,ﻏ
48032,ﻏ
48033,ﻏ
48034,ﻏ
48035,ﻏ
48036,ﻏ
48037,ﻏ
48038,ﻏ
48039,ﻏ
48040,ﻏ
48041,ﻏ
48042,ﻏ
48043,ﻏ
48044,ﻏ
48045,ﻏ
48046,ﻏ
48047,ﻏ
48048,ﻐ
48049,ﻐ
48050,ﻐ
48051,ﻐ
48052,ﻐ
48053,ﻐ
48054,ﻐ
48055,ﻐ
48056,ﻐ
48057,ﻐ
48058,ﻐ
48059,ﻐ
48060,ﻐ
48061,ﻐ
48062,ﻐ
48063,ﻐ
48064,ﻐ
48065,ﻐ
48066,ﻐ
48067,ﻐ
48068,ﻐ
48069,ﻐ
48070,ﻐ
48071,ﻐ
48072,ﻐ
48073,ﻐ
48074,ﻐ
48075,ﻐ
48076,ﻐ
48077,ﻐ
48078,ﻐ
48079,ﻐ
48080,ﻐ
48081,ﻐ
48082,ﻐ
48083,ﻐ
48084,ﻐ
48085,ﻐ
48086,ﻐ
48087,ﻐ
48088,ﻐ
48089,ﻐ
48090,ﻐ
48091,ﻐ
48092,ﻐ
48093,ﻐ
48094,ﻐ
48095,ﻐ
48096,ﻐ
48097,ﻐ
48098,ﻐ
48099,ﻐ
48100,ﻐ
48101,ﻐ
48102,ﻐ
48103,ﻐ
48104,ﻐ
48105,ﻐ
48106,ﻐ
48107,ﻐ
48108,ﻐ
48109,ﻐ
48110,ﻐ
48111,ﻐ
48112,ﻐ
48113,ﻐ
48114,ﻐ
48115,ﻐ
48116,ﻐ
48117,ﻐ
48118,ﻐ
48119,ﻐ
48120,ﻐ
48121,ﻐ
48122,ﻐ
48123,ﻐ
48124,ﻐ
48125,ﻐ
48126,ﻐ
48127,ﻐ
48128,ﻐ
48129,ﻐ
48130,ﻐ
48131,ﻐ
48132,ﻐ
48133,ﻐ
48134,ﻐ
48135,ﻐ
48136,ﻐ
48137,ﻐ
48138,ﻐ
48139,ﻐ
48140,ﻐ
48141,ﻐ
48142,ﻐ
48143,ﻐ
48144,ﻐ
48145,ﻐ
48146,ﻐ
48147,ﻐ
48148,ﻐ
48149,ﻐ
48150,ﻐ
48151,ﻐ
48152,ﻐ
48153,ﻐ
48154,ﻐ
48155,ﻐ
48156,ﻐ
48157,ﻐ
48158,ﻐ
48159,ﻐ
48160,ﻒ
48161,ﻒ
48162,ﻒ
48163,ﻒ
48164,ﻒ
48165,ﻒ
48166,ﻒ
48167,ﻒ
48168,ﻒ
48169,ﻒ
48170,ﻒ
48171,ﻒ
48172,ﻒ
48173,ﻒ
48174,ﻒ
48175,ﻒ
48176,ﻒ
48177,ﻒ
48178,ﻒ
48179,ﻒ
48180,ﻒ
48181,ﻒ
48182,ﻒ
48183,ﻒ
48184,ﻒ
48185,ﻒ
48186,ﻒ
48187,ﻒ
48188,ﻒ
48189,ﻒ
48190,ﻒ
48191,ﻒ
48192,ﻒ
48193,ﻒ
48194,ﻒ
48195,ﻒ
48196,ﻒ
48197,ﻒ
48198,ﻒ
48199,ﻒ
48200,ﻒ
48201,ﻒ
48202,ﻒ
48203,ﻒ
48204,ﻒ
48205,ﻒ
48206,ﻒ
48207,ﻒ
48208,ﻒ
48209,ﻒ
48210,ﻒ
48211,ﻒ
48212,ﻒ
48213,ﻒ
48214,ﻒ
48215,ﻒ
48216,ﻒ
48217,ﻒ
48218,ﻒ
48219,ﻒ
48220,ﻒ
48221,ﻒ
48222,ﻒ
48223,ﻒ
48224,ﻒ
48225,ﻒ
48226,ﻒ
48227,ﻒ
48228,ﻒ
48229,ﻒ
48230,ﻒ
48231,ﻒ
48232,ﻒ
48233,ﻒ
48234,ﻒ
48235,ﻒ
48236,ﻒ
48237,ﻒ
48238,ﻒ
48239,ﻒ
48240,ﻒ
48241,ﻒ
48242,ﻒ
48243,ﻒ
48244,ﻒ
48245,ﻒ
48246,ﻒ
48247,ﻒ
48248,ﻒ
48249,ﻒ
48250,ﻒ
48251,ﻒ
48252,ﻒ
48253,ﻒ
48254,ﻒ
48255,ﻒ
48256,ﻒ
48257,ﻒ
48258,ﻒ
48259,ﻒ
48260,ﻒ
48261,ﻒ
48262,ﻒ
48263,ﻒ
48264,ﻒ
48265,ﻒ
48266,ﻒ
48267,ﻒ
48268,ﻒ
48269,ﻒ
48270,ﻒ
48271,ﻒ
48272,ﻓ
48273,ﻓ
48274,ﻓ
48275,ﻓ
48276,ﻓ
48277,ﻓ
48278,ﻓ
48279,ﻓ
48280,ﻓ
48281,ﻓ
48282,ﻓ
48283,ﻓ
48284,ﻓ
48285,ﻓ
48286,ﻓ
48287,ﻓ
48288,ﻓ
48289,ﻓ
48290,ﻓ
48291,ﻓ
48292,ﻓ
48293,ﻓ
48294,ﻓ
48295,ﻓ
48296,ﻓ
48297,ﻓ
48298,ﻓ
48299,ﻓ
48300,ﻓ
48301,ﻓ
48302,ﻓ
48303,ﻓ
48304,ﻓ
48305,ﻓ
48306,ﻓ
48307,ﻓ
48308,ﻓ
48309,ﻓ
48310,ﻓ
48311,ﻓ
48312,ﻓ
48313,ﻓ
48314,ﻓ
48315,ﻓ
48316,ﻓ
48317,ﻓ
48318,ﻓ
48319,ﻓ
48320,ﻓ
48321,ﻓ
48322,ﻓ
48323,ﻓ
48324,ﻓ
48325,ﻓ
48326,ﻓ
48327,ﻓ
48328,ﻓ
48329,ﻓ
48330,ﻓ
48331,ﻓ
48332,ﻓ
48333,ﻓ
48334,ﻓ
48335,ﻓ
48336,ﻓ
48337,ﻓ
48338,ﻓ
48339,ﻓ
48340,ﻓ
48341,ﻓ
48342,ﻓ
48343,ﻓ
48344,ﻓ
48345,ﻓ
48346,ﻓ
48347,ﻓ
48348,ﻓ
48349,ﻓ
48350,ﻓ
48351,ﻓ
48352,ﻓ
48353,ﻓ
48354,ﻓ
48355,ﻓ
48356,ﻓ
48357,ﻓ
48358,ﻓ
48359,ﻓ
48360,ﻓ
48361,ﻓ
48362,ﻓ
48363,ﻓ
48364,ﻓ
48365,ﻓ
48366,ﻓ
48367,ﻓ
48368,ﻓ
48369,ﻓ
48370,ﻓ
48371,ﻓ
48372,ﻓ
48373,ﻓ
48374,ﻓ
48375,ﻓ
48376,ﻓ
48377,ﻓ
48378,ﻓ
48379,ﻓ
48380,ﻓ
48381,ﻓ
48382,ﻓ
48383,ﻓ
48384,ﻖ
48385,ﻖ
48386,ﻖ
48387,ﻖ
48388,ﻖ
48389,ﻖ
48390,ﻖ
48391,ﻖ
48392,ﻖ
48393,ﻖ
48394,ﻖ
48395,ﻖ
48396,ﻖ
48397,ﻖ
48398,ﻖ
48399,ﻖ
48400,ﻖ
48401,ﻖ
48402,ﻖ
48403,ﻖ
48404,ﻖ
48405,ﻖ
48406,ﻖ
48407,ﻖ
48408,ﻖ
48409,ﻖ
48410,ﻖ
48411,ﻖ
48412,ﻖ
48413,ﻖ
48414,ﻖ
48415,ﻖ
48416,ﻖ
48417,ﻖ
48418,ﻖ
48419,ﻖ
48420,ﻖ
48421,ﻖ
48422,ﻖ
48423,ﻖ
48424,ﻖ
48425,ﻖ
48426,ﻖ
48427,ﻖ
48428,ﻖ
48429,ﻖ
48430,ﻖ
48431,ﻖ
48432,ﻖ
48433,ﻖ
48434,ﻖ
48435,ﻖ
48436,ﻖ
48437,ﻖ
48438,ﻖ
48439,ﻖ
48440,ﻖ
48441,ﻖ
48442,ﻖ
48443,ﻖ
48444,ﻖ
48445,ﻖ
48446,ﻖ
48447,ﻖ
48448,ﻖ
48449,ﻖ
48450,ﻖ
48451,ﻖ
48452,ﻖ
48453,ﻖ
48454,ﻖ
48455,ﻖ
48456,ﻖ
48457,ﻖ
48458,ﻖ
48459,ﻖ
48460,ﻖ
48461,ﻖ
48462,ﻖ
48463,ﻖ
48464,ﻖ
48465,ﻖ
48466,ﻖ
48467,ﻖ
48468,ﻖ
48469,ﻖ
48470,ﻖ
48471,ﻖ
48472,ﻖ
48473,ﻖ
48474,ﻖ
48475,ﻖ
48476,ﻖ
48477,ﻖ
48478,ﻖ
48479,ﻖ
48480,ﻖ
48481,ﻖ
48482,ﻖ
48483,ﻖ
48484,ﻖ
48485,ﻖ
48486,ﻖ
48487,ﻖ
48488,ﻖ
48489,ﻖ
48490,ﻖ
48491,ﻖ
48492,ﻖ
48493,ﻖ
48494,ﻖ
48495,ﻖ
48496,ﻗ
48497,ﻗ
48498,ﻗ
48499,ﻗ
48500,ﻗ
48501,ﻗ
48502,ﻗ
48503,ﻗ
48504,ﻗ
48505,ﻗ
48506,ﻗ
48507,ﻗ
48508,ﻗ
48509,ﻗ
48510,ﻗ
48511,ﻗ
48512,ﻗ
48513,ﻗ
48514,ﻗ
48515,ﻗ
48516,ﻗ
48517,ﻗ
48518,ﻗ
48519,ﻗ
48520,ﻗ
48521,ﻗ
48522,ﻗ
48523,ﻗ
48524,ﻗ
48525,ﻗ
48526,ﻗ
48527,ﻗ
48528,ﻗ
48529,ﻗ
48530,ﻗ
48531,ﻗ
48532,ﻗ
48533,ﻗ
48534,ﻗ
48535,ﻗ
48536,ﻗ
48537,ﻗ
48538,ﻗ
48539,ﻗ
48540,ﻗ
48541,ﻗ
48542,ﻗ
48543,ﻗ
48544,ﻗ
48545,ﻗ
48546,ﻗ
48547,ﻗ
48548,ﻗ
48549,ﻗ
48550,ﻗ
48551,ﻗ
48552,ﻗ
48553,ﻗ
48554,ﻗ
48555,ﻗ
48556,ﻗ
48557,ﻗ
48558,ﻗ
48559,ﻗ
48560,ﻗ
48561,ﻗ
48562,ﻗ
48563,ﻗ
48564,ﻗ
48565,ﻗ
48566,ﻗ
48567,ﻗ
48568,ﻗ
48569,ﻗ
48570,ﻗ
48571,ﻗ
48572,ﻗ
48573,ﻗ
48574,ﻗ
48575,ﻗ
48576,ﻗ
48577,ﻗ
48578,ﻗ
48579,ﻗ
48580,ﻗ
48581,ﻗ
48582,ﻗ
48583,ﻗ
48584,ﻗ
48585,ﻗ
48586,ﻗ
48587,ﻗ
48588,ﻗ
48589,ﻗ
48590,ﻗ
48591,ﻗ
48592,ﻗ
48593,ﻗ
48594,ﻗ
48595,ﻗ
48596,ﻗ
48597,ﻗ
48598,ﻗ
48599,ﻗ
48600,ﻗ
48601,ﻗ
48602,ﻗ
48603,ﻗ
48604,ﻗ
48605,ﻗ
48606,ﻗ
48607,ﻗ
48608,ﻘ
48609,ﻘ
48610,ﻘ
48611,ﻘ
48612,ﻘ
48613,ﻘ
48614,ﻘ
48615,ﻘ
48616,ﻘ
48617,ﻘ
48618,ﻘ
48619,ﻘ
48620,ﻘ
48621,ﻘ
48622,ﻘ
48623,ﻘ
48624,ﻘ
48625,ﻘ
48626,ﻘ
48627,ﻘ
48628,ﻘ
48629,ﻘ
48630,ﻘ
48631,ﻘ
48632,ﻘ
48633,ﻘ
48634,ﻘ
48635,ﻘ
48636,ﻘ
48637,ﻘ
48638,ﻘ
48639,ﻘ
48640,ﻘ
48641,ﻘ
48642,ﻘ
48643,ﻘ
48644,ﻘ
48645,ﻘ
48646,ﻘ
48647,ﻘ
48648,ﻘ
48649,ﻘ
48650,ﻘ
48651,ﻘ
48652,ﻘ
48653,ﻘ
48654,ﻘ
48655,ﻘ
48656,ﻘ
48657,ﻘ
48658,ﻘ
48659,ﻘ
48660,ﻘ
48661,ﻘ
48662,ﻘ
48663,ﻘ
48664,ﻘ
48665,ﻘ
48666,ﻘ
48667,ﻘ
48668,ﻘ
48669,ﻘ
48670,ﻘ
48671,ﻘ
48672,ﻘ
48673,ﻘ
48674,ﻘ
48675,ﻘ
48676,ﻘ
48677,ﻘ
48678,ﻘ
48679,ﻘ
48680,ﻘ
48681,ﻘ
48682,ﻘ
48683,ﻘ
48684,ﻘ
48685,ﻘ
48686,ﻘ
48687,ﻘ
48688,ﻘ
48689,ﻘ
48690,ﻘ
48691,ﻘ
48692,ﻘ
48693,ﻘ
48694,ﻘ
48695,ﻘ
48696,ﻘ
48697,ﻘ
48698,ﻘ
48699,ﻘ
48700,ﻘ
48701,ﻘ
48702,ﻘ
48703,ﻘ
48704,ﻘ
48705,ﻘ
48706,ﻘ
48707,ﻘ
48708,ﻘ
48709,ﻘ
48710,ﻘ
48711,ﻘ
48712,ﻘ
48713,ﻘ
48714,ﻘ
48715,ﻘ
48716,ﻘ
48717,ﻘ
48718,ﻘ
48719,ﻘ
48720,ﻚ
48721,ﻚ
48722,ﻚ
48723,ﻚ
48724,ﻚ
48725,ﻚ
48726,ﻚ
48727,ﻚ
48728,ﻚ
48729,ﻚ
48730,ﻚ
48731,ﻚ
48732,ﻚ
48733,ﻚ
48734,ﻚ
48735,ﻚ
48736,ﻚ
48737,ﻚ
48738,ﻚ
48739,ﻚ
48740,ﻚ
48741,ﻚ
48742,ﻚ
48743,ﻚ
48744,ﻚ
48745,ﻚ
48746,ﻚ
48747,ﻚ
48748,ﻚ
48749,ﻚ
48750,ﻚ
48751,ﻚ
48752,ﻚ
48753,ﻚ
48754,ﻚ
48755,ﻚ
48756,ﻚ
48757,ﻚ
48758,ﻚ
48759,ﻚ
48760,ﻚ
48761,ﻚ
48762,ﻚ
48763,ﻚ
48764,ﻚ
48765,ﻚ
48766,ﻚ
48767,ﻚ
48768,ﻚ
48769,ﻚ
48770,ﻚ
48771,ﻚ
48772,ﻚ
48773,ﻚ
48774,ﻚ
48775,ﻚ
48776,ﻚ
48777,ﻚ
48778,ﻚ
48779,ﻚ
48780,ﻚ
48781,ﻚ
48782,ﻚ
48783,ﻚ
48784,ﻚ
48785,ﻚ
48786,ﻚ
48787,ﻚ
48788,ﻚ
48789,ﻚ
48790,ﻚ
48791,ﻚ
48792,ﻚ
48793,ﻚ
48794,ﻚ
48795,ﻚ
48796,ﻚ
48797,ﻚ
48798,ﻚ
48799,ﻚ
48800,ﻚ
48801,ﻚ
48802,ﻚ
48803,ﻚ
48804,ﻚ
48805,ﻚ
48806,ﻚ
48807,ﻚ
48808,ﻚ
48809,ﻚ
48810,ﻚ
48811,ﻚ
48812,ﻚ
48813,ﻚ
48814,ﻚ
48815,ﻚ
48816,ﻚ
48817,ﻚ
48818,ﻚ
48819,ﻚ
48820,ﻚ
48821,ﻚ
48822,ﻚ
48823,ﻚ
48824,ﻚ
48825,ﻚ
48826,ﻚ
48827,ﻚ
48828,ﻚ
48829,ﻚ
48830,ﻚ
48831,ﻚ
48832,ﻛ
48833,ﻛ
48834,ﻛ
48835,ﻛ
48836,ﻛ
48837,ﻛ
48838,ﻛ
48839,ﻛ
48840,ﻛ
48841,ﻛ
48842,ﻛ
48843,ﻛ
48844,ﻛ
48845,ﻛ
48846,ﻛ
48847,ﻛ
48848,ﻛ
48849,ﻛ
48850,ﻛ
48851,ﻛ
48852,ﻛ
48853,ﻛ
48854,ﻛ
48855,ﻛ
48856,ﻛ
48857,ﻛ
48858,ﻛ
48859,ﻛ
48860,ﻛ
48861,ﻛ
48862,ﻛ
48863,ﻛ
48864,ﻛ
48865,ﻛ
48866,ﻛ
48867,ﻛ
48868,ﻛ
48869,ﻛ
48870,ﻛ
48871,ﻛ
48872,ﻛ
48873,ﻛ
48874,ﻛ
48875,ﻛ
48876,ﻛ
48877,ﻛ
48878,ﻛ
48879,ﻛ
48880,ﻛ
48881,ﻛ
48882,ﻛ
48883,ﻛ
48884,ﻛ
48885,ﻛ
48886,ﻛ
48887,ﻛ
48888,ﻛ
48889,ﻛ
48890,ﻛ
48891,ﻛ
48892,ﻛ
48893,ﻛ
48894,ﻛ
48895,ﻛ
48896,ﻛ
48897,ﻛ
48898,ﻛ
48899,ﻛ
48900,ﻛ
48901,ﻛ
48902,ﻛ
48903,ﻛ
48904,ﻛ
48905,ﻛ
48906,ﻛ
48907,ﻛ
48908,ﻛ
48909,ﻛ
48910,ﻛ
48911,ﻛ
48912,ﻛ
48913,ﻛ
48914,ﻛ
48915,ﻛ
48916,ﻛ
48917,ﻛ
48918,ﻛ
48919,ﻛ
48920,ﻛ
48921,ﻛ
48922,ﻛ
48923,ﻛ
48924,ﻛ
48925,ﻛ
48926,ﻛ
48927,ﻛ
48928,ﻛ
48929,ﻛ
48930,ﻛ
48931,ﻛ
48932,ﻛ
48933,ﻛ
48934,ﻛ
48935,ﻛ
48936,ﻛ
48937,ﻛ
48938,ﻛ
48939,ﻛ
48940,ﻛ
48941,ﻛ
48942,ﻛ
48943,ﻛ
48944,ﻞ
48945,ﻞ
48946,ﻞ
48947,ﻞ
48948,ﻞ
48949,ﻞ
48950,ﻞ
48951,ﻞ
48952,ﻞ
48953,ﻞ
48954,ﻞ
48955,ﻞ
48956,ﻞ
48957,ﻞ
48958,ﻞ
48959,ﻞ
48960,ﻞ
48961,ﻞ
48962,ﻞ
48963,ﻞ
48964,ﻞ
48965,ﻞ
48966,ﻞ
48967,ﻞ
48968,ﻞ
48969,ﻞ
48970,ﻞ
48971,ﻞ
48972,ﻞ
48973,ﻞ
48974,ﻞ
48975,ﻞ
48976,ﻞ
48977,ﻞ
48978,ﻞ
48979,ﻞ
48980,ﻞ
48981,ﻞ
48982,ﻞ
48983,ﻞ
48984,ﻞ
48985,ﻞ
48986,ﻞ
48987,ﻞ
48988,ﻞ
48989,ﻞ
48990,ﻞ
48991,ﻞ
48992,ﻞ
48993,ﻞ
48994,ﻞ
48995,ﻞ
48996,ﻞ
48997,ﻞ
48998,ﻞ
48999,ﻞ
49000,ﻞ
49001,ﻞ
49002,ﻞ
49003,ﻞ
49004,ﻞ
49005,ﻞ
49006,ﻞ
49007,ﻞ
49008,ﻞ
49009,ﻞ
49010,ﻞ
49011,ﻞ
49012,ﻞ
49013,ﻞ
49014,ﻞ
49015,ﻞ
49016,ﻞ
49017,ﻞ
49018,ﻞ
49019,ﻞ
49020,ﻞ
49021,ﻞ
49022,ﻞ
49023,ﻞ
49024,ﻞ
49025,ﻞ
49026,ﻞ
49027,ﻞ
49028,ﻞ
49029,ﻞ
49030,ﻞ
49031,ﻞ
49032,ﻞ
49033,ﻞ
49034,ﻞ
49035,ﻞ
49036,ﻞ
49037,ﻞ
49038,ﻞ
49039,ﻞ
49040,ﻞ
49041,ﻞ
49042,ﻞ
49043,ﻞ
49044,ﻞ
49045,ﻞ
49046,ﻞ
49047,ﻞ
49048,ﻞ
49049,ﻞ
49050,ﻞ
49051,ﻞ
49052,ﻞ
49053,ﻞ
49054,ﻞ
49055,ﻞ
49056,ﻟ
49057,ﻟ
49058,ﻟ
49059,ﻟ
49060,ﻟ
49061,ﻟ
49062,ﻟ
49063,ﻟ
49064,ﻟ
49065,ﻟ
49066,ﻟ
49067,ﻟ
49068,ﻟ
49069,ﻟ
49070,ﻟ
49071,ﻟ
49072,ﻟ
49073,ﻟ
49074,ﻟ
49075,ﻟ
49076,ﻟ
49077,ﻟ
49078,ﻟ
49079,ﻟ
49080,ﻟ
49081,ﻟ
49082,ﻟ
49083,ﻟ
49084,ﻟ
49085,ﻟ
49086,ﻟ
49087,ﻟ
49088,ﻟ
49089,ﻟ
49090,ﻟ
49091,ﻟ
49092,ﻟ
49093,ﻟ
49094,ﻟ
49095,ﻟ
49096,ﻟ
49097,ﻟ
49098,ﻟ
49099,ﻟ
49100,ﻟ
49101,ﻟ
49102,ﻟ
49103,ﻟ
49104,ﻟ
49105,ﻟ
49106,ﻟ
49107,ﻟ
49108,ﻟ
49109,ﻟ
49110,ﻟ
49111,ﻟ
49112,ﻟ
49113,ﻟ
49114,ﻟ
49115,ﻟ
49116,ﻟ
49117,ﻟ
49118,ﻟ
49119,ﻟ
49120,ﻟ
49121,ﻟ
49122,ﻟ
49123,ﻟ
49124,ﻟ
49125,ﻟ
49126,ﻟ
49127,ﻟ
49128,ﻟ
49129,ﻟ
49130,ﻟ
49131,ﻟ
49132,ﻟ
49133,ﻟ
49134,ﻟ
49135,ﻟ
49136,ﻟ
49137,ﻟ
49138,ﻟ
49139,ﻟ
49140,ﻟ
49141,ﻟ
49142,ﻟ
49143,ﻟ
49144,ﻟ
49145,ﻟ
49146,ﻟ
49147,ﻟ
49148,ﻟ
49149,ﻟ
49150,ﻟ
49151,ﻟ
49152,ﻟ
49153,ﻟ
49154,ﻟ
49155,ﻟ
49156,ﻟ
49157,ﻟ
49158,ﻟ
49159,ﻟ
49160,ﻟ
49161,ﻟ
49162,ﻟ
49163,ﻟ
49164,ﻟ
49165,ﻟ
49166,ﻟ
49167,ﻟ
49168,ﻠ
49169,ﻠ
49170,ﻠ
49171,ﻠ
49172,ﻠ
49173,ﻠ
49174,ﻠ
49175,ﻠ
49176,ﻠ
49177,ﻠ
49178,ﻠ
49179,ﻠ
49180,ﻠ
49181,ﻠ
49182,ﻠ
49183,ﻠ
49184,ﻠ
49185,ﻠ
49186,ﻠ
49187,ﻠ
49188,ﻠ
49189,ﻠ
49190,ﻠ
49191,ﻠ
49192,ﻠ
49193,ﻠ
49194,ﻠ
49195,ﻠ
49196,ﻠ
49197,ﻠ
49198,ﻠ
49199,ﻠ
49200,ﻠ
49201,ﻠ
49202,ﻠ
49203,ﻠ
49204,ﻠ
49205,ﻠ
49206,ﻠ
49207,ﻠ
49208,ﻠ
49209,ﻠ
49210,ﻠ
49211,ﻠ
49212,ﻠ
49213,ﻠ
49214,ﻠ
49215,ﻠ
49216,ﻠ
49217,ﻠ
49218,ﻠ
49219,ﻠ
49220,ﻠ
49221,ﻠ
49222,ﻠ
49223,ﻠ
49224,ﻠ
49225,ﻠ
49226,ﻠ
49227,ﻠ
49228,ﻠ
49229,ﻠ
49230,ﻠ
49231,ﻠ
49232,ﻠ
49233,ﻠ
49234,ﻠ
49235,ﻠ
49236,ﻠ
49237,ﻠ
49238,ﻠ
49239,ﻠ
49240,ﻠ
49241,ﻠ
49242,ﻠ
49243,ﻠ
49244,ﻠ
49245,ﻠ
49246,ﻠ
49247,ﻠ
49248,ﻠ
49249,ﻠ
49250,ﻠ
49251,ﻠ
49252,ﻠ
49253,ﻠ
49254,ﻠ
49255,ﻠ
49256,ﻠ
49257,ﻠ
49258,ﻠ
49259,ﻠ
49260,ﻠ
49261,ﻠ
49262,ﻠ
49263,ﻠ
49264,ﻠ
49265,ﻠ
49266,ﻠ
49267,ﻠ
49268,ﻠ
49269,ﻠ
49270,ﻠ
49271,ﻠ
49272,ﻠ
49273,ﻠ
49274,ﻠ
49275,ﻠ
49276,ﻠ
49277,ﻠ
49278,ﻠ
49279,ﻠ
49280,ﻢ
49281,ﻢ
49282,ﻢ
49283,ﻢ
49284,ﻢ
49285,ﻢ
49286,ﻢ
49287,ﻢ
49288,ﻢ
49289,ﻢ
49290,ﻢ
49291,ﻢ
49292,ﻢ
49293,ﻢ
49294,ﻢ
49295,ﻢ
49296,ﻢ
49297,ﻢ
49298,ﻢ
49299,ﻢ
49300,ﻢ
49301,ﻢ
49302,ﻢ
49303,ﻢ
49304,ﻢ
49305,ﻢ
49306,ﻢ
49307,ﻢ
49308,ﻢ
49309,ﻢ
49310,ﻢ
49311,ﻢ
49312,ﻢ
49313,ﻢ
49314,ﻢ
49315,ﻢ
49316,ﻢ
49317,ﻢ
49318,ﻢ
49319,ﻢ
49320,ﻢ
49321,ﻢ
49322,ﻢ
49323,ﻢ
49324,ﻢ
49325,ﻢ
49326,ﻢ
49327,ﻢ
49328,ﻢ
49329,ﻢ
49330,ﻢ
49331,ﻢ
49332,ﻢ
49333,ﻢ
49334,ﻢ
49335,ﻢ
49336,ﻢ
49337,ﻢ
49338,ﻢ
49339,ﻢ
49340,ﻢ
49341,ﻢ
49342,ﻢ
49343,ﻢ
49344,ﻢ
49345,ﻢ
49346,ﻢ
49347,ﻢ
49348,ﻢ
49349,ﻢ
49350,ﻢ
49351,ﻢ
49352,ﻢ
49353,ﻢ
49354,ﻢ
49355,ﻢ
49356,ﻢ
49357,ﻢ
49358,ﻢ
49359,ﻢ
49360,ﻢ
49361,ﻢ
49362,ﻢ
49363,ﻢ
49364,ﻢ
49365,ﻢ
49366,ﻢ
49367,ﻢ
49368,ﻢ
49369,ﻢ
49370,ﻢ
49371,ﻢ
49372,ﻢ
49373,ﻢ
49374,ﻢ
49375,ﻢ
49376,ﻢ
49377,ﻢ
49378,ﻢ
49379,ﻢ
49380,ﻢ
49381,ﻢ
49382,ﻢ
49383,ﻢ
49384,ﻢ
49385,ﻢ
49386,ﻢ
49387,ﻢ
49388,ﻢ
49389,ﻢ
49390,ﻢ
49391,ﻢ
49392,ﻣ
49393,ﻣ
49394,ﻣ
49395,ﻣ
49396,ﻣ
49397,ﻣ
49398,ﻣ
49399,ﻣ
49400,ﻣ
49401,ﻣ
49402,ﻣ
49403,ﻣ
49404,ﻣ
49405,ﻣ
49406,ﻣ
49407,ﻣ
49408,ﻣ
49409,ﻣ
49410,ﻣ
49411,ﻣ
49412,ﻣ
49413,ﻣ
49414,ﻣ
49415,ﻣ
49416,ﻣ
49417,ﻣ
49418,ﻣ
49419,ﻣ
49420,ﻣ
49421,ﻣ
49422,ﻣ
49423,ﻣ
49424,ﻣ
49425,ﻣ
49426,ﻣ
49427,ﻣ
49428,ﻣ
49429,ﻣ
49430,ﻣ
49431,ﻣ
49432,ﻣ
49433,ﻣ
49434,ﻣ
49435,ﻣ
49436,ﻣ
49437,ﻣ
49438,ﻣ
49439,ﻣ
49440,ﻣ
49441,ﻣ
49442,ﻣ
49443,ﻣ
49444,ﻣ
49445,ﻣ
49446,ﻣ
49447,ﻣ
49448,ﻣ
49449,ﻣ
49450,ﻣ
49451,ﻣ
49452,ﻣ
49453,ﻣ
49454,ﻣ
49455,ﻣ
49456,ﻣ
49457,ﻣ
49458,ﻣ
49459,ﻣ
49460,ﻣ
49461,ﻣ
49462,ﻣ
49463,ﻣ
49464,ﻣ
49465,ﻣ
49466,ﻣ
49467,ﻣ
49468,ﻣ
49469,ﻣ
49470,ﻣ
49471,ﻣ
49472,ﻣ
49473,ﻣ
49474,ﻣ
49475,ﻣ
49476,ﻣ
49477,ﻣ
49478,ﻣ
49479,ﻣ
49480,ﻣ
49481,ﻣ
49482,ﻣ
49483,ﻣ
49484,ﻣ
49485,ﻣ
49486,ﻣ
49487,ﻣ
49488,ﻣ
49489,ﻣ
49490,ﻣ
49491,ﻣ
49492,ﻣ
49493,ﻣ
49494,ﻣ
49495,ﻣ
49496,ﻣ
49497,ﻣ
49498,ﻣ
49499,ﻣ
49500,ﻣ
49501,ﻣ
49502,ﻣ
49503,ﻣ
49504,ﻦ
49505,ﻦ
49506,ﻦ
49507,ﻦ
49508,ﻦ
49509,ﻦ
49510,ﻦ
49511,ﻦ
49512,ﻦ
49513,ﻦ
49514,ﻦ
49515,ﻦ
49516,ﻦ
49517,ﻦ
49518,ﻦ
49519,ﻦ
49520,ﻦ
49521,ﻦ
49522,ﻦ
49523,ﻦ
49524,ﻦ
49525,ﻦ
49526,ﻦ
49527,ﻦ
49528,ﻦ
49529,ﻦ
49530,ﻦ
49531,ﻦ
49532,ﻦ
49533,ﻦ
49534,ﻦ
49535,ﻦ
49536,ﻦ
49537,ﻦ
49538,ﻦ
49539,ﻦ
49540,ﻦ
49541,ﻦ
49542,ﻦ
49543,ﻦ
49544,ﻦ
49545,ﻦ
49546,ﻦ
49547,ﻦ
49548,ﻦ
49549,ﻦ
49550,ﻦ
49551,ﻦ
49552,ﻦ
49553,ﻦ
49554,ﻦ
49555,ﻦ
49556,ﻦ
49557,ﻦ
49558,ﻦ
49559,ﻦ
49560,ﻦ
49561,ﻦ
49562,ﻦ
49563,ﻦ
49564,ﻦ
49565,ﻦ
49566,ﻦ
49567,ﻦ
49568,ﻦ
49569,ﻦ
49570,ﻦ
49571,ﻦ
49572,ﻦ
49573,ﻦ
49574,ﻦ
49575,ﻦ
49576,ﻦ
49577,ﻦ
49578,ﻦ
49579,ﻦ
49580,ﻦ
49581,ﻦ
49582,ﻦ
49583,ﻦ
49584,ﻦ
49585,ﻦ
49586,ﻦ
49587,ﻦ
49588,ﻦ
49589,ﻦ
49590,ﻦ
49591,ﻦ
49592,ﻦ
49593,ﻦ
49594,ﻦ
49595,ﻦ
49596,ﻦ
49597,ﻦ
49598,ﻦ
49599,ﻦ
49600,ﻦ
49601,ﻦ
49602,ﻦ
49603,ﻦ
49604,ﻦ
49605,ﻦ
49606,ﻦ
49607,ﻦ
49608,ﻦ
49609,ﻦ
49610,ﻦ
49611,ﻦ
49612,ﻦ
49613,ﻦ
49614,ﻦ
49615,ﻦ
49616,ﻧ
49617,ﻧ
49618,ﻧ
49619,ﻧ
49620,ﻧ
49621,ﻧ
49622,ﻧ
49623,ﻧ
49624,ﻧ
49625,ﻧ
49626,ﻧ
49627,ﻧ
49628,ﻧ
49629,ﻧ
49630,ﻧ
49631,ﻧ
49632,ﻧ
49633,ﻧ
49634,ﻧ
49635,ﻧ
49636,ﻧ
49637,ﻧ
49638,ﻧ
49639,ﻧ
49640,ﻧ
49641,ﻧ
49642,ﻧ
49643,ﻧ
49644,ﻧ
49645,ﻧ
49646,ﻧ
49647,ﻧ
49648,ﻧ
49649,ﻧ
49650,ﻧ
49651,ﻧ
49652,ﻧ
49653,ﻧ
49654,ﻧ
49655,ﻧ
49656,ﻧ
49657,ﻧ
49658,ﻧ
49659,ﻧ
49660,ﻧ
49661,ﻧ
49662,ﻧ
49663,ﻧ
49664,ﻧ
49665,ﻧ
49666,ﻧ
49667,ﻧ
49668,ﻧ
49669,ﻧ
49670,ﻧ
49671,ﻧ
49672,ﻧ
49673,ﻧ
49674,ﻧ
49675,ﻧ
49676,ﻧ
49677,ﻧ
49678,ﻧ
49679,ﻧ
49680,ﻧ
49681,ﻧ
49682,ﻧ
49683,ﻧ
49684,ﻧ
49685,ﻧ
49686,ﻧ
49687,ﻧ
49688,ﻧ
49689,ﻧ
49690,ﻧ
49691,ﻧ
49692,ﻧ
49693,ﻧ
49694,ﻧ
49695,ﻧ
49696,ﻧ
49697,ﻧ
49698,ﻧ
49699,ﻧ
49700,ﻧ
49701,ﻧ
49702,ﻧ
49703,ﻧ
49704,ﻧ
49705,ﻧ
49706,ﻧ
49707,ﻧ
49708,ﻧ
49709,ﻧ
49710,ﻧ
49711,ﻧ
49712,ﻧ
49713,ﻧ
49714,ﻧ
49715,ﻧ
49716,ﻧ
49717,ﻧ
49718,ﻧ
49719,ﻧ
49720,ﻧ
49721,ﻧ
49722,ﻧ
49723,ﻧ
49724,ﻧ
49725,ﻧ
49726,ﻧ
49727,ﻧ
49728,ﻩ
49729,ﻩ
49730,ﻩ
49731,ﻩ
49732,ﻩ
49733,ﻩ
49734,ﻩ
49735,ﻩ
49736,ﻩ
49737,ﻩ
49738,ﻩ
49739,ﻩ
49740,ﻩ
49741,ﻩ
49742,ﻩ
49743,ﻩ
49744,ﻩ
49745,ﻩ
49746,ﻩ
49747,ﻩ
49748,ﻩ
49749,ﻩ
49750,ﻩ
49751,ﻩ
49752,ﻩ
49753,ﻩ
49754,ﻩ
49755,ﻩ
49756,ﻩ
49757,ﻩ
49758,ﻩ
49759,ﻩ
49760,ﻩ
49761,ﻩ
49762,ﻩ
49763,ﻩ
49764,ﻩ
49765,ﻩ
49766,ﻩ
49767,ﻩ
49768,ﻩ
49769,ﻩ
49770,ﻩ
49771,ﻩ
49772,ﻩ
49773,ﻩ
49774,ﻩ
49775,ﻩ
49776,ﻩ
49777,ﻩ
49778,ﻩ
49779,ﻩ
49780,ﻩ
49781,ﻩ
49782,ﻩ
49783,ﻩ
49784,ﻩ
49785,ﻩ
49786,ﻩ
49787,ﻩ
49788,ﻩ
49789,ﻩ
49790,ﻩ
49791,ﻩ
49792,ﻩ
49793,ﻩ
49794,ﻩ
49795,ﻩ
49796,ﻩ
49797,ﻩ
49798,ﻩ
49799,ﻩ
49800,ﻩ
49801,ﻩ
49802,ﻩ
49803,ﻩ
49804,ﻩ
49805,ﻩ
49806,ﻩ
49807,ﻩ
49808,ﻩ
49809,ﻩ
49810,ﻩ
49811,ﻩ
49812,ﻩ
49813,ﻩ
49814,ﻩ
49815,ﻩ
49816,ﻩ
49817,ﻩ
49818,ﻩ
49819,ﻩ
49820,ﻩ
49821,ﻩ
49822,ﻩ
49823,ﻩ
49824,ﻩ
49825,ﻩ
49826,ﻩ
49827,ﻩ
49828,ﻩ
49829,ﻩ
49830,ﻩ
49831,ﻩ
49832,ﻩ
49833,ﻩ
49834,ﻩ
49835,ﻩ
49836,ﻩ
49837,ﻩ
49838,ﻩ
49839,ﻩ
49840,ﻪ
49841,ﻪ
49842,ﻪ
49843,ﻪ
49844,ﻪ
49845,ﻪ
49846,ﻪ
49847,ﻪ
49848,ﻪ
49849,ﻪ
49850,ﻪ
49851,ﻪ
49852,ﻪ
49853,ﻪ
49854,ﻪ
49855,ﻪ
49856,ﻪ
49857,ﻪ
49858,ﻪ
49859,ﻪ
49860,ﻪ
49861,ﻪ
49862,ﻪ
49863,ﻪ
49864,ﻪ
49865,ﻪ
49866,ﻪ
49867,ﻪ
49868,ﻪ
49869,ﻪ
49870,ﻪ
49871,ﻪ
49872,ﻪ
49873,ﻪ
49874,ﻪ
49875,ﻪ
49876,ﻪ
49877,ﻪ
49878,ﻪ
49879,ﻪ
49880,ﻪ
49881,ﻪ
49882,ﻪ
49883,ﻪ
49884,ﻪ
49885,ﻪ
49886,ﻪ
49887,ﻪ
49888,ﻪ
49889,ﻪ
49890,ﻪ
49891,ﻪ
49892,ﻪ
49893,ﻪ
49894,ﻪ
49895,ﻪ
49896,ﻪ
49897,ﻪ
49898,ﻪ
49899,ﻪ
49900,ﻪ
49901,ﻪ
49902,ﻪ
49903,ﻪ
49904,ﻪ
49905,ﻪ
49906,ﻪ
49907,ﻪ
49908,ﻪ
49909,ﻪ
49910,ﻪ
49911,ﻪ
49912,ﻪ
49913,ﻪ
49914,ﻪ
49915,ﻪ
49916,ﻪ
49917,ﻪ
49918,ﻪ
49919,ﻪ
49920,ﻪ
49921,ﻪ
49922,ﻪ
49923,ﻪ
49924,ﻪ
49925,ﻪ
49926,ﻪ
49927,ﻪ
49928,ﻪ
49929,ﻪ
49930,ﻪ
49931,ﻪ
49932,ﻪ
49933,ﻪ
49934,ﻪ
49935,ﻪ
49936,ﻪ
49937,ﻪ
49938,ﻪ
49939,ﻪ
49940,ﻪ
49941,ﻪ
49942,ﻪ
49943,ﻪ
49944,ﻪ
49945,ﻪ
49946,ﻪ
49947,ﻪ
49948,ﻪ
49949,ﻪ
49950,ﻪ
49951,ﻪ
49952,ﻫ
49953,ﻫ
49954,ﻫ
49955,ﻫ
49956,ﻫ
49957,ﻫ
49958,ﻫ
49959,ﻫ
49960,ﻫ
49961,ﻫ
49962,ﻫ
49963,ﻫ
49964,ﻫ
49965,ﻫ
49966,ﻫ
49967,ﻫ
49968,ﻫ
49969,ﻫ
49970,ﻫ
49971,ﻫ
49972,ﻫ
49973,ﻫ
49974,ﻫ
49975,ﻫ
49976,ﻫ
49977,ﻫ
49978,ﻫ
49979,ﻫ
49980,ﻫ
49981,ﻫ
49982,ﻫ
49983,ﻫ
49984,ﻫ
49985,ﻫ
49986,ﻫ
49987,ﻫ
49988,ﻫ
49989,ﻫ
49990,ﻫ
49991,ﻫ
49992,ﻫ
49993,ﻫ
49994,ﻫ
49995,ﻫ
49996,ﻫ
49997,ﻫ
49998,ﻫ
49999,ﻫ
50000,ﻫ
50001,ﻫ
50002,ﻫ
50003,ﻫ
50004,ﻫ
50005,ﻫ
50006,ﻫ
50007,ﻫ
50008,ﻫ
50009,ﻫ
50010,ﻫ
50011,ﻫ
50012,ﻫ
50013,ﻫ
50014,ﻫ
50015,ﻫ
50016,ﻫ
50017,ﻫ
50018,ﻫ
50019,ﻫ
50020,ﻫ
50021,ﻫ
50022,ﻫ
50023,ﻫ
50024,ﻫ
50025,ﻫ
50026,ﻫ
50027,ﻫ
50028,ﻫ
50029,ﻫ
50030,ﻫ
50031,ﻫ
50032,ﻫ
50033,ﻫ
50034,ﻫ
50035,ﻫ
50036,ﻫ
50037,ﻫ
50038,ﻫ
50039,ﻫ
50040,ﻫ
50041,ﻫ
50042,ﻫ
50043,ﻫ
50044,ﻫ
50045,ﻫ
50046,ﻫ
50047,ﻫ
50048,ﻫ
50049,ﻫ
50050,ﻫ
50051,ﻫ
50052,ﻫ
50053,ﻫ
50054,ﻫ
50055,ﻫ
50056,ﻫ
50057,ﻫ
50058,ﻫ
50059,ﻫ
50060,ﻫ
50061,ﻫ
50062,ﻫ
50063,ﻫ
50064,ﻬ
50065,ﻬ
50066,ﻬ
50067,ﻬ
50068,ﻬ
50069,ﻬ
50070,ﻬ
50071,ﻬ
50072,ﻬ
50073,ﻬ
50074,ﻬ
50075,ﻬ
50076,ﻬ
50077,ﻬ
50078,ﻬ
50079,ﻬ
50080,ﻬ
50081,ﻬ
50082,ﻬ
50083,ﻬ
50084,ﻬ
50085,ﻬ
50086,ﻬ
50087,ﻬ
50088,ﻬ
50089,ﻬ
50090,ﻬ
50091,ﻬ
50092,ﻬ
50093,ﻬ
50094,ﻬ
50095,ﻬ
50096,ﻬ
50097,ﻬ
50098,ﻬ
50099,ﻬ
50100,ﻬ
50101,ﻬ
50102,ﻬ
50103,ﻬ
50104,ﻬ
50105,ﻬ
50106,ﻬ
50107,ﻬ
50108,ﻬ
50109,ﻬ
50110,ﻬ
50111,ﻬ
50112,ﻬ
50113,ﻬ
50114,ﻬ
50115,ﻬ
50116,ﻬ
50117,ﻬ
50118,ﻬ
50119,ﻬ
50120,ﻬ
50121,ﻬ
50122,ﻬ
50123,ﻬ
50124,ﻬ
50125,ﻬ
50126,ﻬ
50127,ﻬ
50128,ﻬ
50129,ﻬ
50130,ﻬ
50131,ﻬ
50132,ﻬ
50133,ﻬ
50134,ﻬ
50135,ﻬ
50136,ﻬ
50137,ﻬ
50138,ﻬ
50139,ﻬ
50140,ﻬ
50141,ﻬ
50142,ﻬ
50143,ﻬ
50144,ﻬ
50145,ﻬ
50146,ﻬ
50147,ﻬ
50148,ﻬ
50149,ﻬ
50150,ﻬ
50151,ﻬ
50152,ﻬ
50153,ﻬ
50154,ﻬ
50155,ﻬ
50156,ﻬ
50157,ﻬ
50158,ﻬ
50159,ﻬ
50160,ﻬ
50161,ﻬ
50162,ﻬ
50163,ﻬ
50164,ﻬ
50165,ﻬ
50166,ﻬ
50167,ﻬ
50168,ﻬ
50169,ﻬ
50170,ﻬ
50171,ﻬ
50172,ﻬ
50173,ﻬ
50174,ﻬ
50175,ﻬ
50176,ﻮ
50177,ﻮ
50178,ﻮ
50179,ﻮ
50180,ﻮ
50181,ﻮ
50182,ﻮ
50183,ﻮ
50184,ﻮ
50185,ﻮ
50186,ﻮ
50187,ﻮ
50188,ﻮ
50189,ﻮ
50190,ﻮ
50191,ﻮ
50192,ﻮ
50193,ﻮ
50194,ﻮ
50195,ﻮ
50196,ﻮ
50197,ﻮ
50198,ﻮ
50199,ﻮ
50200,ﻮ
50201,ﻮ
50202,ﻮ
50203,ﻮ
50204,ﻮ
50205,ﻮ
50206,ﻮ
50207,ﻮ
50208,ﻮ
50209,ﻮ
50210,ﻮ
50211,ﻮ
50212,ﻮ
50213,ﻮ
50214,ﻮ
50215,ﻮ
50216,ﻮ
50217,ﻮ
50218,ﻮ
50219,ﻮ
50220,ﻮ
50221,ﻮ
50222,ﻮ
50223,ﻮ
50224,ﻮ
50225,ﻮ
50226,ﻮ
50227,ﻮ
50228,ﻮ
50229,ﻮ
50230,ﻮ
50231,ﻮ
50232,ﻮ
50233,ﻮ
50234,ﻮ
50235,ﻮ
50236,ﻮ
50237,ﻮ
50238,ﻮ
50239,ﻮ
50240,ﻮ
50241,ﻮ
50242,ﻮ
50243,ﻮ
50244,ﻮ
50245,ﻮ
50246,ﻮ
50247,ﻮ
50248,ﻮ
50249,ﻮ
50250,ﻮ
50251,ﻮ
50252,ﻮ
50253,ﻮ
50254,ﻮ
50255,ﻮ
50256,ﻮ
50257,ﻮ
50258,ﻮ
50259,ﻮ
50260,ﻮ
50261,ﻮ
50262,ﻮ
50263,ﻮ
50264,ﻮ
50265,ﻮ
50266,ﻮ
50267,ﻮ
50268,ﻮ
50269,ﻮ
50270,ﻮ
50271,ﻮ
50272,ﻮ
50273,ﻮ
50274,ﻮ
50275,ﻮ
50276,ﻮ
50277,ﻮ
50278,ﻮ
50279,ﻮ
50280,ﻮ
50281,ﻮ
50282,ﻮ
50283,ﻮ
50284,ﻮ
50285,ﻮ
50286,ﻮ
50287,ﻮ
50288,ﯼ
50289,ﯼ
50290,ﯼ
50291,ﯼ
50292,ﯼ
50293,ﯼ
50294,ﯼ
50295,ﯼ
50296,ﯼ
50297,ﯼ
50298,ﯼ
50299,ﯼ
50300,ﯼ
50301,ﯼ
50302,ﯼ
50303,ﯼ
50304,ﯼ
50305,ﯼ
50306,ﯼ
50307,ﯼ
50308,ﯼ
50309,ﯼ
50310,ﯼ
50311,ﯼ
50312,ﯼ
50313,ﯼ
50314,ﯼ
50315,ﯼ
50316,ﯼ
50317,ﯼ
50318,ﯼ
50319,ﯼ
50320,ﯼ
50321,ﯼ
50322,ﯼ
50323,ﯼ
50324,ﯼ
50325,ﯼ
50326,ﯼ
50327,ﯼ
50328,ﯼ
50329,ﯼ
50330,ﯼ
50331,ﯼ
50332,ﯼ
50333,ﯼ
50334,ﯼ
50335,ﯼ
50336,ﯼ
50337,ﯼ
50338,ﯼ
50339,ﯼ
50340,ﯼ
50341,ﯼ
50342,ﯼ
50343,ﯼ
50344,ﯼ
50345,ﯼ
50346,ﯼ
50347,ﯼ
50348,ﯼ
50349,ﯼ
50350,ﯼ
50351,ﯼ
50352,ﯼ
50353,ﯼ
50354,ﯼ
50355,ﯼ
50356,ﯼ
50357,ﯼ
50358,ﯼ
50359,ﯼ
50360,ﯼ
50361,ﯼ
50362,ﯼ
50363,ﯼ
50364,ﯼ
50365,ﯼ
50366,ﯼ
50367,ﯼ
50368,ﯼ
50369,ﯼ
50370,ﯼ
50371,ﯼ
50372,ﯼ
50373,ﯼ
50374,ﯼ
50375,ﯼ
50376,ﯼ
50377,ﯼ
50378,ﯼ
50379,ﯼ
50380,ﯼ
50381,ﯼ
50382,ﯼ
50383,ﯼ
50384,ﯼ
50385,ﯼ
50386,ﯼ
50387,ﯼ
50388,ﯼ
50389,ﯼ
50390,ﯼ
50391,ﯼ
50392,ﯼ
50393,ﯼ
50394,ﯼ
50395,ﯼ
50396,ﯼ
50397,ﯼ
50398,ﯼ
50399,ﯼ
50400,ﯾ
50401,ﯾ
50402,ﯾ
50403,ﯾ
50404,ﯾ
50405,ﯾ
50406,ﯾ
50407,ﯾ
50408,ﯾ
50409,ﯾ
50410,ﯾ
50411,ﯾ
50412,ﯾ
50413,ﯾ
50414,ﯾ
50415,ﯾ
50416,ﯾ
50417,ﯾ
50418,ﯾ
50419,ﯾ
50420,ﯾ
50421,ﯾ
50422,ﯾ
50423,ﯾ
50424,ﯾ
50425,ﯾ
50426,ﯾ
50427,ﯾ
50428,ﯾ
50429,ﯾ
50430,ﯾ
50431,ﯾ
50432,ﯾ
50433,ﯾ
50434,ﯾ
50435,ﯾ
50436,ﯾ
50437,ﯾ
50438,ﯾ
50439,ﯾ
50440,ﯾ
50441,ﯾ
50442,ﯾ
50443,ﯾ
50444,ﯾ
50445,ﯾ
50446,ﯾ
50447,ﯾ
50448,ﯾ
50449,ﯾ
50450,ﯾ
50451,ﯾ
50452,ﯾ
50453,ﯾ
50454,ﯾ
50455,ﯾ
50456,ﯾ
50457,ﯾ
50458,ﯾ
50459,ﯾ
50460,ﯾ
50461,ﯾ
50462,ﯾ
50463,ﯾ
50464,ﯾ
50465,ﯾ
50466,ﯾ
50467,ﯾ
50468,ﯾ
50469,ﯾ
50470,ﯾ
50471,ﯾ
50472,ﯾ
50473,ﯾ
50474,ﯾ
50475,ﯾ
50476,ﯾ
50477,ﯾ
50478,ﯾ
50479,ﯾ
50480,ﯾ
50481,ﯾ
50482,ﯾ
50483,ﯾ
50484,ﯾ
50485,ﯾ
50486,ﯾ
50487,ﯾ
50488,ﯾ
50489,ﯾ
50490,ﯾ
50491,ﯾ
50492,ﯾ
50493,ﯾ
50494,ﯾ
50495,ﯾ
50496,ﯾ
50497,ﯾ
50498,ﯾ
50499,ﯾ
50500,ﯾ
50501,ﯾ
50502,ﯾ
50503,ﯾ
50504,ﯾ
50505,ﯾ
50506,ﯾ
50507,ﯾ
50508,ﯾ
50509,ﯾ
50510,ﯾ
50511,ﯾ
50512,ﭗ
50513,ﭗ
50514,ﭗ
50515,ﭗ
50516,ﭗ
50517,ﭗ
50518,ﭗ
50519,ﭗ
50520,ﭗ
50521,ﭗ
50522,ﭗ
50523,ﭗ
50524,ﭗ
50525,ﭗ
50526,ﭗ
50527,ﭗ
50528,ﭗ
50529,ﭗ
50530,ﭗ
50531,ﭗ
50532,ﭗ
50533,ﭗ
50534,ﭗ
50535,ﭗ
50536,ﭗ
50537,ﭗ
50538,ﭗ
50539,ﭗ
50540,ﭗ
50541,ﭗ
50542,ﭗ
50543,ﭗ
50544,ﭗ
50545,ﭗ
50546,ﭗ
50547,ﭗ
50548,ﭗ
50549,ﭗ
50550,ﭗ
50551,ﭗ
50552,ﭗ
50553,ﭗ
50554,ﭗ
50555,ﭗ
50556,ﭗ
50557,ﭗ
50558,ﭗ
50559,ﭗ
50560,ﭗ
50561,ﭗ
50562,ﭗ
50563,ﭗ
50564,ﭗ
50565,ﭗ
50566,ﭗ
50567,ﭗ
50568,ﭗ
50569,ﭗ
50570,ﭗ
50571,ﭗ
50572,ﭗ
50573,ﭗ
50574,ﭗ
50575,ﭗ
50576,ﭗ
50577,ﭗ
50578,ﭗ
50579,ﭗ
50580,ﭗ
50581,ﭗ
50582,ﭗ
50583,ﭗ
50584,ﭗ
50585,ﭗ
50586,ﭗ
50587,ﭗ
50588,ﭗ
50589,ﭗ
50590,ﭗ
50591,ﭗ
50592,ﭗ
50593,ﭗ
50594,ﭗ
50595,ﭗ
50596,ﭗ
50597,ﭗ
50598,ﭗ
50599,ﭗ
50600,ﭗ
50601,ﭗ
50602,ﭗ
50603,ﭗ
50604,ﭗ
50605,ﭗ
50606,ﭗ
50607,ﭗ
50608,ﭗ
50609,ﭗ
50610,ﭗ
50611,ﭗ
50612,ﭗ
50613,ﭗ
50614,ﭗ
50615,ﭗ
50616,ﭗ
50617,ﭗ
50618,ﭗ
50619,ﭗ
50620,ﭗ
50621,ﭗ
50622,ﭗ
50623,ﭗ
50624,ﭘ
50625,ﭘ
50626,ﭘ
50627,ﭘ
50628,ﭘ
50629,ﭘ
50630,ﭘ
50631,ﭘ
50632,ﭘ
50633,ﭘ
50634,ﭘ
50635,ﭘ
50636,ﭘ
50637,ﭘ
50638,ﭘ
50639,ﭘ
50640,ﭘ
50641,ﭘ
50642,ﭘ
50643,ﭘ
50644,ﭘ
50645,ﭘ
50646,ﭘ
50647,ﭘ
50648,ﭘ
50649,ﭘ
50650,ﭘ
50651,ﭘ
50652,ﭘ
50653,ﭘ
50654,ﭘ
50655,ﭘ
50656,ﭘ
50657,ﭘ
50658,ﭘ
50659,ﭘ
50660,ﭘ
50661,ﭘ
50662,ﭘ
50663,ﭘ
50664,ﭘ
50665,ﭘ
50666,ﭘ
50667,ﭘ
50668,ﭘ
50669,ﭘ
50670,ﭘ
50671,ﭘ
50672,ﭘ
50673,ﭘ
50674,ﭘ
50675,ﭘ
50676,ﭘ
50677,ﭘ
50678,ﭘ
50679,ﭘ
50680,ﭘ
50681,ﭘ
50682,ﭘ
50683,ﭘ
50684,ﭘ
50685,ﭘ
50686,ﭘ
50687,ﭘ
50688,ﭘ
50689,ﭘ
50690,ﭘ
50691,ﭘ
50692,ﭘ
50693,ﭘ
50694,ﭘ
50695,ﭘ
50696,ﭘ
50697,ﭘ
50698,ﭘ
50699,ﭘ
50700,ﭘ
50701,ﭘ
50702,ﭘ
50703,ﭘ
50704,ﭘ
50705,ﭘ
50706,ﭘ
50707,ﭘ
50708,ﭘ
50709,ﭘ
50710,ﭘ
50711,ﭘ
50712,ﭘ
50713,ﭘ
50714,ﭘ
50715,ﭘ
50716,ﭘ
50717,ﭘ
50718,ﭘ
50719,ﭘ
50720,ﭘ
50721,ﭘ
50722,ﭘ
50723,ﭘ
50724,ﭘ
50725,ﭘ
50726,ﭘ
50727,ﭘ
50728,ﭘ
50729,ﭘ
50730,ﭘ
50731,ﭘ
50732,ﭘ
50733,ﭘ
50734,ﭘ
50735,ﭘ
50736,ﭻ
50737,ﭻ
50738,ﭻ
50739,ﭻ
50740,ﭻ
50741,ﭻ
50742,ﭻ
50743,ﭻ
50744,ﭻ
50745,ﭻ
50746,ﭻ
50747,ﭻ
50748,ﭻ
50749,ﭻ
50750,ﭻ
50751,ﭻ
50752,ﭻ
50753,ﭻ
50754,ﭻ
50755,ﭻ
50756,ﭻ
50757,ﭻ
50758,ﭻ
50759,ﭻ
50760,ﭻ
50761,ﭻ
50762,ﭻ
50763,ﭻ
50764,ﭻ
50765,ﭻ
50766,ﭻ
50767,ﭻ
50768,ﭻ
50769,ﭻ
50770,ﭻ
50771,ﭻ
50772,ﭻ
50773,ﭻ
50774,ﭻ
50775,ﭻ
50776,ﭻ
50777,ﭻ
50778,ﭻ
50779,ﭻ
50780,ﭻ
50781,ﭻ
50782,ﭻ
50783,ﭻ
50784,ﭻ
50785,ﭻ
50786,ﭻ
50787,ﭻ
50788,ﭻ
50789,ﭻ
50790,ﭻ
50791,ﭻ
50792,ﭻ
50793,ﭻ
50794,ﭻ
50795,ﭻ
50796,ﭻ
50797,ﭻ
50798,ﭻ
50799,ﭻ
50800,ﭻ
50801,ﭻ
50802,ﭻ
50803,ﭻ
50804,ﭻ
50805,ﭻ
50806,ﭻ
50807,ﭻ
50808,ﭻ
50809,ﭻ
50810,ﭻ
50811,ﭻ
50812,ﭻ
50813,ﭻ
50814,ﭻ
50815,ﭻ
50816,ﭻ
50817,ﭻ
50818,ﭻ
50819,ﭻ
50820,ﭻ
50821,ﭻ
50822,ﭻ
50823,ﭻ
50824,ﭻ
50825,ﭻ
50826,ﭻ
50827,ﭻ
50828,ﭻ
50829,ﭻ
50830,ﭻ
50831,ﭻ
50832,ﭻ
50833,ﭻ
50834,ﭻ
50835,ﭻ
50836,ﭻ
50837,ﭻ
50838,ﭻ
50839,ﭻ
50840,ﭻ
50841,ﭻ
50842,ﭻ
50843,ﭻ
50844,ﭻ
50845,ﭻ
50846,ﭻ
50847,ﭻ
50848,ﭼ
50849,ﭼ
50850,ﭼ
50851,ﭼ
50852,ﭼ
50853,ﭼ
50854,ﭼ
50855,ﭼ
50856,ﭼ
50857,ﭼ
50858,ﭼ
50859,ﭼ
50860,ﭼ
50861,ﭼ
50862,ﭼ
50863,ﭼ
50864,ﭼ
50865,ﭼ
50866,ﭼ
50867,ﭼ
50868,ﭼ
50869,ﭼ
50870,ﭼ
50871,ﭼ
50872,ﭼ
50873,ﭼ
50874,ﭼ
50875,ﭼ
50876,ﭼ
50877,ﭼ
50878,ﭼ
50879,ﭼ
50880,ﭼ
50881,ﭼ
50882,ﭼ
50883,ﭼ
50884,ﭼ
50885,ﭼ
50886,ﭼ
50887,ﭼ
50888,ﭼ
50889,ﭼ
50890,ﭼ
50891,ﭼ
50892,ﭼ
50893,ﭼ
50894,ﭼ
50895,ﭼ
50896,ﭼ
50897,ﭼ
50898,ﭼ
50899,ﭼ
50900,ﭼ
50901,ﭼ
50902,ﭼ
50903,ﭼ
50904,ﭼ
50905,ﭼ
50906,ﭼ
50907,ﭼ
50908,ﭼ
50909,ﭼ
50910,ﭼ
50911,ﭼ
50912,ﭼ
50913,ﭼ
50914,ﭼ
50915,ﭼ
50916,ﭼ
50917,ﭼ
50918,ﭼ
50919,ﭼ
50920,ﭼ
50921,ﭼ
50922,ﭼ
50923,ﭼ
50924,ﭼ
50925,ﭼ
50926,ﭼ
50927,ﭼ
50928,ﭼ
50929,ﭼ
50930,ﭼ
50931,ﭼ
50932,ﭼ
50933,ﭼ
50934,ﭼ
50935,ﭼ
50936,ﭼ
50937,ﭼ
50938,ﭼ
50939,ﭼ
50940,ﭼ
50941,ﭼ
50942,ﭼ
50943,ﭼ
50944,ﭼ
50945,ﭼ
50946,ﭼ
50947,ﭼ
50948,ﭼ
50949,ﭼ
50950,ﭼ
50951,ﭼ
50952,ﭼ
50953,ﭼ
50954,ﭼ
50955,ﭼ
50956,ﭼ
50957,ﭼ
50958,ﭼ
50959,ﭼ
50960,ﮋ
50961,ﮋ
50962,ﮋ
50963,ﮋ
50964,ﮋ
50965,ﮋ
50966,ﮋ
50967,ﮋ
50968,ﮋ
50969,ﮋ
50970,ﮋ
50971,ﮋ
50972,ﮋ
50973,ﮋ
50974,ﮋ
50975,ﮋ
50976,ﮋ
50977,ﮋ
50978,ﮋ
50979,ﮋ
50980,ﮋ
50981,ﮋ
50982,ﮋ
50983,ﮋ
50984,ﮋ
50985,ﮋ
50986,ﮋ
50987,ﮋ
50988,ﮋ
50989,ﮋ
50990,ﮋ
50991,ﮋ
50992,ﮋ
50993,ﮋ
50994,ﮋ
50995,ﮋ
50996,ﮋ
50997,ﮋ
50998,ﮋ
50999,ﮋ
51000,ﮋ
51001,ﮋ
51002,ﮋ
51003,ﮋ
51004,ﮋ
51005,ﮋ
51006,ﮋ
51007,ﮋ
51008,ﮋ
51009,ﮋ
51010,ﮋ
51011,ﮋ
51012,ﮋ
51013,ﮋ
51014,ﮋ
51015,ﮋ
51016,ﮋ
51017,ﮋ
51018,ﮋ
51019,ﮋ
51020,ﮋ
51021,ﮋ
51022,ﮋ
51023,ﮋ
51024,ﮋ
51025,ﮋ
51026,ﮋ
51027,ﮋ
51028,ﮋ
51029,ﮋ
51030,ﮋ
51031,ﮋ
51032,ﮋ
51033,ﮋ
51034,ﮋ
51035,ﮋ
51036,ﮋ
51037,ﮋ
51038,ﮋ
51039,ﮋ
51040,ﮋ
51041,ﮋ
51042,ﮋ
51043,ﮋ
51044,ﮋ
51045,ﮋ
51046,ﮋ
51047,ﮋ
51048,ﮋ
51049,ﮋ
51050,ﮋ
51051,ﮋ
51052,ﮋ
51053,ﮋ
51054,ﮋ
51055,ﮋ
51056,ﮋ
51057,ﮋ
51058,ﮋ
51059,ﮋ
51060,ﮋ
51061,ﮋ
51062,ﮋ
51063,ﮋ
51064,ﮋ
51065,ﮋ
51066,ﮋ
51067,ﮋ
51068,ﮋ
51069,ﮋ
51070,ﮋ
51071,ﮋ
51072,ﮓ
51073,ﮓ
51074,ﮓ
51075,ﮓ
51076,ﮓ
51077,ﮓ
51078,ﮓ
51079,ﮓ
51080,ﮓ
51081,ﮓ
51082,ﮓ
51083,ﮓ
51084,ﮓ
51085,ﮓ
51086,ﮓ
51087,ﮓ
51088,ﮓ
51089,ﮓ
51090,ﮓ
51091,ﮓ
51092,ﮓ
51093,ﮓ
51094,ﮓ
51095,ﮓ
51096,ﮓ
51097,ﮓ
51098,ﮓ
51099,ﮓ
51100,ﮓ
51101,ﮓ
51102,ﮓ
51103,ﮓ
51104,ﮓ
51105,ﮓ
51106,ﮓ
51107,ﮓ
51108,ﮓ
51109,ﮓ
51110,ﮓ
51111,ﮓ
51112,ﮓ
51113,ﮓ
51114,ﮓ
51115,ﮓ
51116,ﮓ
51117,ﮓ
51118,ﮓ
51119,ﮓ
51120,ﮓ
51121,ﮓ
51122,ﮓ
51123,ﮓ
51124,ﮓ
51125,ﮓ
51126,ﮓ
51127,ﮓ
51128,ﮓ
51129,ﮓ
51130,ﮓ
51131,ﮓ
51132,ﮓ
51133,ﮓ
51134,ﮓ
51135,ﮓ
51136,ﮓ
51137,ﮓ
51138,ﮓ
51139,ﮓ
51140,ﮓ
51141,ﮓ
51142,ﮓ
51143,ﮓ
51144,ﮓ
51145,ﮓ
51146,ﮓ
51147,ﮓ
51148,ﮓ
51149,ﮓ
51150,ﮓ
51151,ﮓ
51152,ﮓ
51153,ﮓ
51154,ﮓ
51155,ﮓ
51156,ﮓ
51157,ﮓ
51158,ﮓ
51159,ﮓ
51160,ﮓ
51161,ﮓ
51162,ﮓ
51163,ﮓ
51164,ﮓ
51165,ﮓ
51166,ﮓ
51167,ﮓ
51168,ﮓ
51169,ﮓ
51170,ﮓ
51171,ﮓ
51172,ﮓ
51173,ﮓ
51174,ﮓ
51175,ﮓ
51176,ﮓ
51177,ﮓ
51178,ﮓ
51179,ﮓ
51180,ﮓ
51181,ﮓ
51182,ﮓ
51183,ﮓ
51184,ﮔ
51185,ﮔ
51186,ﮔ
51187,ﮔ
51188,ﮔ
51189,ﮔ
51190,ﮔ
51191,ﮔ
51192,ﮔ
51193,ﮔ
51194,ﮔ
51195,ﮔ
51196,ﮔ
51197,ﮔ
51198,ﮔ
51199,ﮔ
51200,ﮔ
51201,ﮔ
51202,ﮔ
51203,ﮔ
51204,ﮔ
51205,ﮔ
51206,ﮔ
51207,ﮔ
51208,ﮔ
51209,ﮔ
51210,ﮔ
51211,ﮔ
51212,ﮔ
51213,ﮔ
51214,ﮔ
51215,ﮔ
51216,ﮔ
51217,ﮔ
51218,ﮔ
51219,ﮔ
51220,ﮔ
51221,ﮔ
51222,ﮔ
51223,ﮔ
51224,ﮔ
51225,ﮔ
51226,ﮔ
51227,ﮔ
51228,ﮔ
51229,ﮔ
51230,ﮔ
51231,ﮔ
51232,ﮔ
51233,ﮔ
51234,ﮔ
51235,ﮔ
51236,ﮔ
51237,ﮔ
51238,ﮔ
51239,ﮔ
51240,ﮔ
51241,ﮔ
51242,ﮔ
51243,ﮔ
51244,ﮔ
51245,ﮔ
51246,ﮔ
51247,ﮔ
51248,ﮔ
51249,ﮔ
51250,ﮔ
51251,ﮔ
51252,ﮔ
51253,ﮔ
51254,ﮔ
51255,ﮔ
51256,ﮔ
51257,ﮔ
51258,ﮔ
51259,ﮔ
51260,ﮔ
51261,ﮔ
51262,ﮔ
51263,ﮔ
51264,ﮔ
51265,ﮔ
51266,ﮔ
51267,ﮔ
51268,ﮔ
51269,ﮔ
51270,ﮔ
51271,ﮔ
51272,ﮔ
51273,ﮔ
51274,ﮔ
51275,ﮔ
51276,ﮔ
51277,ﮔ
51278,ﮔ
51279,ﮔ
51280,ﮔ
51281,ﮔ
51282,ﮔ
51283,ﮔ
51284,ﮔ
51285,ﮔ
51286,ﮔ
51287,ﮔ
51288,ﮔ
51289,ﮔ
51290,ﮔ
51291,ﮔ
51292,ﮔ
51293,ﮔ
51294,ﮔ
51295,ﮔ
51296,ﺋ
51297,ﺋ
51298,ﺋ
51299,ﺋ
51300,ﺋ
51301,ﺋ
51302,ﺋ
51303,ﺋ
51304,ﺋ
51305,ﺋ
51306,ﺋ
51307,ﺋ
51308,ﺋ
51309,ﺋ
51310,ﺋ
51311,ﺋ
51312,ﺋ
51313,ﺋ
51314,ﺋ
51315,ﺋ
51316,ﺋ
51317,ﺋ
51318,ﺋ
51319,ﺋ
51320,ﺋ
51321,ﺋ
51322,ﺋ
51323,ﺋ
51324,ﺋ
51325,ﺋ
51326,ﺋ
51327,ﺋ
51328,ﺋ
51329,ﺋ
51330,ﺋ
51331,ﺋ
51332,ﺋ
51333,ﺋ
51334,ﺋ
51335,ﺋ
51336,ﺋ
51337,ﺋ
51338,ﺋ
51339,ﺋ
51340,ﺋ
51341,ﺋ
51342,ﺋ
51343,ﺋ
51344,ﺋ
51345,ﺋ
51346,ﺋ
51347,ﺋ
51348,ﺋ
51349,ﺋ
51350,ﺋ
51351,ﺋ
51352,ﺋ
51353,ﺋ
51354,ﺋ
51355,ﺋ
51356,ﺋ
51357,ﺋ
51358,ﺋ
51359,ﺋ
51360,ﺋ
51361,ﺋ
51362,ﺋ
51363,ﺋ
51364,ﺋ
51365,ﺋ
51366,ﺋ
51367,ﺋ
51368,ﺋ
51369,ﺋ
51370,ﺋ
51371,ﺋ
51372,ﺋ
51373,ﺋ
51374,ﺋ
51375,ﺋ
51376,ﺋ
51377,ﺋ
51378,ﺋ
51379,ﺋ
51380,ﺋ
51381,ﺋ
51382,ﺋ
51383,ﺋ
51384,ﺋ
51385,ﺋ
51386,ﺋ
51387,ﺋ
51388,ﺋ
51389,ﺋ
51390,ﺋ
51391,ﺋ
51392,ﺋ
51393,ﺋ
51394,ﺋ
51395,ﺋ
51396,ﺋ
51397,ﺋ
51398,ﺋ
51399,ﺋ
51400,ﺋ
51401,ﺋ
51402,ﺋ
51403,ﺋ
51404,ﺋ
51405,ﺋ
51406,ﺋ
51407,ﺋ
51408,ﺁ
51409,ﺁ
51410,ﺁ
51411,ﺁ
51412,ﺁ
51413,ﺁ
51414,ﺁ
51415,ﺁ
51416,ﺁ
51417,ﺁ
51418,ﺁ
51419,ﺁ
51420,ﺁ
51421,ﺁ
51422,ﺁ
51423,ﺁ
51424,ﺁ
51425,ﺁ
51426,ﺁ
51427,ﺁ
51428,ﺁ
51429,ﺁ
51430,ﺁ
51431,ﺁ
51432,ﺁ
51433,ﺁ
51434,ﺁ
51435,ﺁ
51436,ﺁ
51437,ﺁ
51438,ﺁ
51439,ﺁ
51440,ﺁ
51441,ﺁ
51442,ﺁ
51443,ﺁ
51444,ﺁ
51445,ﺁ
51446,ﺁ
51447,ﺁ
51448,ﺁ
51449,ﺁ
51450,ﺁ
51451,ﺁ
51452,ﺁ
51453,ﺁ
51454,ﺁ
51455,ﺁ
51456,ﺁ
51457,ﺁ
51458,ﺁ
51459,ﺁ
51460,ﺁ
51461,ﺁ
51462,ﺁ
51463,ﺁ
51464,ﺁ
51465,ﺁ
51466,ﺁ
51467,ﺁ
51468,ﺁ
51469,ﺁ
51470,ﺁ
51471,ﺁ
51472,ﺁ
51473,ﺁ
51474,ﺁ
51475,ﺁ
51476,ﺁ
51477,ﺁ
51478,ﺁ
51479,ﺁ
51480,ﺁ
51481,ﺁ
51482,ﺁ
51483,ﺁ
51484,ﺁ
51485,ﺁ
51486,ﺁ
51487,ﺁ
51488,ﺁ
51489,ﺁ
51490,ﺁ
51491,ﺁ
51492,ﺁ
51493,ﺁ
51494,ﺁ
51495,ﺁ
51496,ﺁ
51497,ﺁ
51498,ﺁ
51499,ﺁ
51500,ﺁ
51501,ﺁ
51502,ﺁ
51503,ﺁ
51504,ﺁ
51505,ﺁ
51506,ﺁ
51507,ﺁ
51508,ﺁ
51509,ﺁ
51510,ﺁ
51511,ﺁ
51512,ﺁ
51513,ﺁ
51514,ﺁ
51515,ﺁ
51516,ﺁ
51517,ﺁ
51518,ﺁ
51519,ﺁ
51520,،
51521,،
51522,،
51523,،
51524,،
51525,،
51526,،
51527,،
51528,،
51529,،
51530,،
51531,،
51532,،
51533,،
51534,،
51535,،
51536,،
51537,،
51538,،
51539,،
51540,،
51541,،
51542,،
51543,،
51544,،
51545,،
51546,،
51547,،
51548,،
51549,،
51550,،
51551,،
51552,،
51553,،
51554,،
51555,،
51556,،
51557,،
51558,،
51559,،
51560,،
51561,،
51562,،
51563,،
51564,،
51565,،
51566,،
51567,،
51568,،
51569,،
51570,،
51571,،
51572,،
51573,،
51574,،
51575,،
51576,،
51577,،
51578,،
51579,،
51580,،
51581,،
51582,،
51583,،
51584,،
51585,،
51586,،
51587,،
51588,،
51589,،
51590,،
51591,،
51592,،
51593,،
51594,،
51595,،
51596,،
51597,،
51598,،
51599,،
51600,،
51601,،
51602,،
51603,،
51604,،
51605,،
51606,،
51607,،
51608,،
51609,،
51610,،
51611,،
51612,،
51613,،
51614,،
51615,،
51616,،
51617,،
51618,،
51619,،
51620,،
51621,،
51622,،
51623,،
51624,،
51625,،
51626,،
51627,،
51628,،
51629,،
51630,،
51631,،
51632,؛
51633,؛
51634,؛
51635,؛
51636,؛
51637,؛
51638,؛
51639,؛
51640,؛
51641,؛
51642,؛
51643,؛
51644,؛
51645,؛
51646,؛
51647,؛
51648,؛
51649,؛
51650,؛
51651,؛
51652,؛
51653,؛
51654,؛
51655,؛
51656,؛
51657,؛
51658,؛
51659,؛
51660,؛
51661,؛
51662,؛
51663,؛
51664,؛
51665,؛
51666,؛
51667,؛
51668,؛
51669,؛
51670,؛
51671,؛
51672,؛
51673,؛
51674,؛
51675,؛
51676,؛
51677,؛
51678,؛
51679,؛
51680,؛
51681,؛
51682,؛
51683,؛
51684,؛
51685,؛
51686,؛
51687,؛
51688,؛
51689,؛
51690,؛
51691,؛
51692,؛
51693,؛
51694,؛
51695,؛
51696,؛
51697,؛
51698,؛
51699,؛
51700,؛
51701,؛
51702,؛
51703,؛
51704,؛
51705,؛
51706,؛
51707,؛
51708,؛
51709,؛
51710,؛
51711,؛
51712,؛
51713,؛
51714,؛
51715,؛
51716,؛
51717,؛
51718,؛
51719,؛
51720,؛
51721,؛
51722,؛
51723,؛
51724,؛
51725,؛
51726,؛
51727,؛
51728,؛
51729,؛
51730,؛
51731,؛
51732,؛
51733,؛
51734,؛
51735,؛
51736,؛
51737,؛
51738,؛
51739,؛
51740,؛
51741,؛
51742,؛
51743,؛
